original_name,filed_to,document_date,why_flagged
04_EPA_Wexford_Water_Technologies_Draft_UIC_Permit_MI-165-1I-0002.pdf,12 - Wexford Landfill & Leachate/01-01-2017 - 04_EPA_Wexford_Water_Technologies_Draft_UIC_Permit_MI-165-1I-0002.pdf,01-01-2017,only a year was stated - defaulted to Jan 1
097582f1-b9e2-4911-9763-99704235c0dc (1).jpg,"14 - Maps, Photos & Imagery/097582f1-b9e2-4911-9763-99704235c0dc.jpg",,NO DATE IN DOCUMENT - original filename kept
097582f1-b9e2-4911-9763-99704235c0dc.jpg,"14 - Maps, Photos & Imagery/097582f1-b9e2-4911-9763-99704235c0dc (copy 2).jpg",,"NO DATE IN DOCUMENT - original filename kept; duplicate copy - kept both, suffixed"
0ebd961d-9ef2-422c-846a-c0ded069b374.jpg,"14 - Maps, Photos & Imagery/0ebd961d-9ef2-422c-846a-c0ded069b374.jpg",,NO DATE IN DOCUMENT - original filename kept
1118 - 75ft 22N09W34 Wexford.pdf,12 - Wexford Landfill & Leachate/02-08-1997 - 1118 - 75ft 22N09W34 Wexford.pdf,02-08-1997,low-confidence date - please spot check
1118-well-record.png,"13 - Groundwater, Wells & Plett Rd/1118-well-record.png",,NO DATE IN DOCUMENT - original filename kept
1140 PLETT - HOT SPOT.png,"13 - Groundwater, Wells & Plett Rd/1140 PLETT - HOT SPOT (copy 2).png",,"NO DATE IN DOCUMENT - original filename kept; duplicate copy - kept both, suffixed"
125c82de-7c03-4bdf-a1d8-2f54809dbb89.jpg,"14 - Maps, Photos & Imagery/125c82de-7c03-4bdf-a1d8-2f54809dbb89.jpg",,NO DATE IN DOCUMENT - original filename kept
147af6b7-158b-4f2f-8b16-76c0a19803a7.jpg,"14 - Maps, Photos & Imagery/147af6b7-158b-4f2f-8b16-76c0a19803a7.jpg",,NO DATE IN DOCUMENT - original filename kept
2010-2016_Cadillac WWTP_District Compliance File.pdf,08 - Compliance & Enforcement/01-01-2010 - 2010-2016_Cadillac WWTP_District Compliance File.pdf,01-01-2010,only a year was stated - defaulted to Jan 1
2016-01-25__-1435941263699884850__2015-2016_Wexford County Landfill_District Compliance File.pdf,12 - Wexford Landfill & Leachate/01-25-2016 - 2015-2016_Wexford County Landfill_District Compliance File (copy 2).pdf,01-25-2016,"duplicate copy - kept both, suffixed"
2016-03-09__-1083339404412472014__2015-2016_Wexford County Landfill_Leachate Request.pdf,12 - Wexford Landfill & Leachate/03-09-2016 - 2015-2016_Wexford County Landfill_Leachate Request (copy 2).pdf,03-09-2016,"duplicate copy - kept both, suffixed"
2016-03-16__-1024976884723014956__Flow Rate - Days.pdf,12 - Wexford Landfill & Leachate/03-16-2016 - Flow Rate - Days.pdf,03-16-2016,low-confidence date - please spot check
2016-03-16__-2296258207315679752__Fig 5 - North Topo.pdf,12 - Wexford Landfill & Leachate/03-16-2016 - Fig 5 - North Topo.pdf,03-16-2016,low-confidence date - please spot check
2016-03-16__1093182208806986046__lagoon summary.pdf,12 - Wexford Landfill & Leachate/03-16-2016 - lagoon summary (copy 2).pdf,03-16-2016,"duplicate copy - kept both, suffixed"
2016-07-12__881861131799560019__e-mail cov let-Wexford Landfill.pdf,12 - Wexford Landfill & Leachate/07-12-2016 - e-mail cov let-Wexford Landfill.pdf,07-12-2016,low-confidence date - please spot check
2018_SIU-CIU_List.pdf,03 - IPP (Industrial Pretreatment)/01-01-2018 - 2018_SIU-CIU_List.pdf,01-01-2018,low-confidence date - please spot check; only a year was stated - defaulted to Jan 1
2019_SIU-CIU_List.pdf,03 - IPP (Industrial Pretreatment)/01-01-2019 - 2019_SIU-CIU_List.pdf,01-01-2019,low-confidence date - please spot check; only a year was stated - defaulted to Jan 1
2020-10-22 VN-011108 Cadillac WWTP.pdf,08 - Compliance & Enforcement/08-30-2019 - VN-011108 Cadillac WWTP (copy 2).pdf,08-30-2019,"duplicate copy - kept both, suffixed"
2022 Spring Lab Data.pdf,05 - Biosolids & Land Application/05-17-2022 - 2022 Spring Lab Data.pdf,05-17-2022,low-confidence date - please spot check
2025_05821_CustomQuestionnaire.pdf,20 - Personal & Non-Case Records/01-01-2025 - 2025_05821_CustomQuestionnaire.pdf,01-01-2025,low-confidence date - please spot check; only a year was stated - defaulted to Jan 1; *** NOT CASE RELATED - personal/financial document ***
2025_05821_Engagement Letter.pdf,20 - Personal & Non-Case Records/01-16-2026 - 2025_05821_Engagement Letter.pdf,01-16-2026,*** NOT CASE RELATED - personal/financial document ***
2025_05821_Organizer.pdf,20 - Personal & Non-Case Records/04-01-2025 - 2025_05821_Organizer.pdf,04-01-2025,*** NOT CASE RELATED - personal/financial document ***
21N09W27-JR01.pdf,05 - Biosolids & Land Application/08-17-2020 - 21N09W27-JR01.pdf,08-17-2020,low-confidence date - please spot check
21N09W27-WR01.pdf,05 - Biosolids & Land Application/09-27-2021 - 21N09W27-WR01.pdf,09-27-2021,low-confidence date - please spot check
26.07.08.Benzidine.CN.Trace.pdf,06 - Lab Results & Sampling (general)/07-16-2026 - 26.07.08.Benzidine.CN.Trace (copy 2).pdf,07-16-2026,"duplicate copy - kept both, suffixed"
2675a3c4-1fee-4dc9-8547-f35827bc307e.jpg,"14 - Maps, Photos & Imagery/2675a3c4-1fee-4dc9-8547-f35827bc307e.jpg",,NO DATE IN DOCUMENT - original filename kept
3-19 Sludge Data.pdf,05 - Biosolids & Land Application/03-01-2019 - 3-19 Sludge Data.pdf,03-01-2019,low-confidence date - please spot check; only a month was stated - defaulted to the 1st
4-19 Sludge Data.pdf,05 - Biosolids & Land Application/04-01-2019 - 4-19 Sludge Data.pdf,04-01-2019,low-confidence date - please spot check; only a month was stated - defaulted to the 1st
43a6131a-b891-4af5-a780-aff550ddbb60.jpg,"14 - Maps, Photos & Imagery/43a6131a-b891-4af5-a780-aff550ddbb60.jpg",,NO DATE IN DOCUMENT - original filename kept
44483c69-8ff4-4e22-9c92-a86966c173e8.jpg,"14 - Maps, Photos & Imagery/44483c69-8ff4-4e22-9c92-a86966c173e8.jpg",,NO DATE IN DOCUMENT - original filename kept
56545 Analytical Methodology.pdf,07 - Inspections & Evaluations/56545 Analytical Methodology.pdf,,NO DATE IN DOCUMENT - original filename kept
56545 Facility Site Review.pdf,07 - Inspections & Evaluations/56545 Facility Site Review.pdf,,NO DATE IN DOCUMENT - original filename kept
56545 Sampling Procedures.pdf,07 - Inspections & Evaluations/56545 Sampling Procedures.pdf,,NO DATE IN DOCUMENT - original filename kept
56545 Self Monitoring Records.pdf,07 - Inspections & Evaluations/56545 Self Monitoring Records.pdf,,NO DATE IN DOCUMENT - original filename kept
58587c2f-4543-49a0-b40d-05a974269d96.jpg,"14 - Maps, Photos & Imagery/58587c2f-4543-49a0-b40d-05a974269d96.jpg",,NO DATE IN DOCUMENT - original filename kept
5b043a70-5b82-4dca-9946-29cc758f27f2.jpg,"14 - Maps, Photos & Imagery/5b043a70-5b82-4dca-9946-29cc758f27f2.jpg",,NO DATE IN DOCUMENT - original filename kept
5c17e09a-2627-44ea-b1de-7e3c7fd29ef8.jpg,"14 - Maps, Photos & Imagery/5c17e09a-2627-44ea-b1de-7e3c7fd29ef8.jpg",,NO DATE IN DOCUMENT - original filename kept
649de7fd-722f-43e5-a0d2-57461bf2c2f3.jpg,"14 - Maps, Photos & Imagery/649de7fd-722f-43e5-a0d2-57461bf2c2f3.jpg",,NO DATE IN DOCUMENT - original filename kept
69027f14-b768-4f7e-b32a-3a5904a4e0cb.jpg,"14 - Maps, Photos & Imagery/69027f14-b768-4f7e-b32a-3a5904a4e0cb.jpg",,NO DATE IN DOCUMENT - original filename kept
78e0992f-a961-4cbc-a911-6721ab5d549e (1).jpg,"14 - Maps, Photos & Imagery/78e0992f-a961-4cbc-a911-6721ab5d549e.jpg",,NO DATE IN DOCUMENT - original filename kept
78e0992f-a961-4cbc-a911-6721ab5d549e.jpg,"14 - Maps, Photos & Imagery/78e0992f-a961-4cbc-a911-6721ab5d549e (copy 2).jpg",,"NO DATE IN DOCUMENT - original filename kept; duplicate copy - kept both, suffixed"
868ad094-f5e5-4c6b-b972-477290f929d7.jpg,"14 - Maps, Photos & Imagery/868ad094-f5e5-4c6b-b972-477290f929d7.jpg",,NO DATE IN DOCUMENT - original filename kept
89853015-b250-4751-92dc-f8afce7c7878.jpg,"14 - Maps, Photos & Imagery/89853015-b250-4751-92dc-f8afce7c7878.jpg",,NO DATE IN DOCUMENT - original filename kept
8b811440-4295-4db5-a695-0f0f2c246478.jpg,"14 - Maps, Photos & Imagery/8b811440-4295-4db5-a695-0f0f2c246478.jpg",,NO DATE IN DOCUMENT - original filename kept
9470d5b6-5a99-4b4e-8ec9-6945aa8ba4bc.jpg,"14 - Maps, Photos & Imagery/9470d5b6-5a99-4b4e-8ec9-6945aa8ba4bc.jpg",,NO DATE IN DOCUMENT - original filename kept
AREA-OVER-VIEW.png,"14 - Maps, Photos & Imagery/AREA-OVER-VIEW.png",,NO DATE IN DOCUMENT - original filename kept
Antibiotics_in_WWTP_discharge_into_the_Chaobai_Riv.pdf,19 - Research & Technical Literature/10-29-2016 - Antibiotics_in_WWTP_discharge_into_the_Chaobai_Riv.pdf,10-29-2016,low-confidence date - please spot check
April 2026 DMR.pdf,01 - DMRs (Discharge Monitoring Reports)/04-30-2026 - April 2026 DMR (copy 2).pdf,04-30-2026,"duplicate copy - kept both, suffixed"
Biosoilids Lab&Hauling Data Fall 22.pdf,05 - Biosolids & Land Application/10-01-2022 - Biosoilids Lab&Hauling Data Fall 22.pdf,10-01-2022,only a month was stated - defaulted to the 1st
Biosoilids Lab&Hauling Sheet Spring 2024.pdf,05 - Biosolids & Land Application/04-01-2024 - Biosoilids Lab&Hauling Sheet Spring 2024.pdf,04-01-2024,only a month was stated - defaulted to the 1st
Cadillac WWTP SIU Information.pdf,03 - IPP (Industrial Pretreatment)/Cadillac WWTP SIU Information.pdf,,NO DATE IN DOCUMENT - original filename kept
Certified Operator Response Form.pdf,10 - Process & Site Documents/Certified Operator Response Form.pdf,,NO DATE IN DOCUMENT - original filename kept
Class B Pathogen Reduction and Site Res..pdf,05 - Biosolids & Land Application/10-02-2017 - Class B Pathogen Reduction and Site Res.pdf,10-02-2017,low-confidence date - please spot check
DMR Daily - GW1010342 _10_01_2016_to_10_31_2016_V1.pdf,12 - Wexford Landfill & Leachate/10-31-2016 - DMR Daily - GW1010342 _10_01_2016_to_10_31_2016_V1 (copy 2).pdf,10-31-2016,"duplicate copy - kept both, suffixed"
DMR Daily - GW1010342 _11_01_2016_to_11_30_2016_V1.pdf,12 - Wexford Landfill & Leachate/11-30-2016 - DMR Daily - GW1010342 _11_01_2016_to_11_30_2016_V1 (copy 2).pdf,11-30-2016,"duplicate copy - kept both, suffixed"
DMR Daily - GW1010342 _12_01_2016_to_12_31_2016_V1.pdf,12 - Wexford Landfill & Leachate/12-31-2016 - DMR Daily - GW1010342 _12_01_2016_to_12_31_2016_V1 (copy 2).pdf,12-31-2016,"duplicate copy - kept both, suffixed"
DMR Summary - GW1010342 _10_01_2016_to_10_31_2016_V1.pdf,12 - Wexford Landfill & Leachate/10-31-2016 - DMR Summary - GW1010342 _10_01_2016_to_10_31_2016_V1 (copy 2).pdf,10-31-2016,"duplicate copy - kept both, suffixed"
DMR Summary - GW1010342 _11_01_2016_to_11_30_2016_V1.pdf,12 - Wexford Landfill & Leachate/11-30-2016 - DMR Summary - GW1010342 _11_01_2016_to_11_30_2016_V1 (copy 2).pdf,11-30-2016,"duplicate copy - kept both, suffixed"
DMR Summary - GW1010342 _12_01_2016_to_12_31_2016_V1.pdf,12 - Wexford Landfill & Leachate/12-31-2016 - DMR Summary - GW1010342 _12_01_2016_to_12_31_2016_V1 (copy 2).pdf,12-31-2016,"duplicate copy - kept both, suffixed"
Degester Temps.pdf,05 - Biosolids & Land Application/Degester Temps.pdf,,NO DATE IN DOCUMENT - original filename kept
Digester Temps..pdf,05 - Biosolids & Land Application/Digester Temps.pdf,,NO DATE IN DOCUMENT - original filename kept
Digester Temps.pdf,05 - Biosolids & Land Application/01-01-2020 - Digester Temps.pdf,01-01-2020,low-confidence date - please spot check; only a year was stated - defaulted to Jan 1
FW_ TestAmerica invoice and report files from 190-17646-1 City of Cadillac (2).pdf,06 - Lab Results & Sampling (general)/10-29-2018 - FW_ TestAmerica invoice and report files from 190-17646-1 City of Cadillac (2).pdf,10-29-2018,"name clash - kept both, suffixed"
FW_ TestAmerica invoice and report files from 190-17646-1 City of Cadillac.pdf,06 - Lab Results & Sampling (general)/10-29-2018 - FW_ TestAmerica invoice and report files from 190-17646-1 City of Cadillac (3).pdf,10-29-2018,"name clash - kept both, suffixed"
FY18 Applier Certification - Revised.pdf,05 - Biosolids & Land Application/01-01-2018 - FY18 Applier Certification - Revised.pdf,01-01-2018,low-confidence date - please spot check; only a year was stated - defaulted to Jan 1
FY18 Applier Certification-Revised 2-signed.pdf,05 - Biosolids & Land Application/01-01-2018 - FY18 Applier Certification-Revised 2-signed.pdf,01-01-2018,low-confidence date - please spot check; only a year was stated - defaulted to Jan 1
FY19 Biosolids Lab Data sheet-Oct.pdf,05 - Biosolids & Land Application/01-01-2019 - FY19 Biosolids Lab Data sheet-Oct.pdf,01-01-2019,only a year was stated - defaulted to Jan 1
FY19 Biosolids Lab data Sheet-June.pdf,05 - Biosolids & Land Application/01-01-2019 - FY19 Biosolids Lab data Sheet-June.pdf,01-01-2019,only a year was stated - defaulted to Jan 1
FY20 Applier Certification- VAR.pdf,05 - Biosolids & Land Application/01-01-2020 - FY20 Applier Certification- VAR.pdf,01-01-2020,low-confidence date - please spot check; only a year was stated - defaulted to Jan 1
FY20 Applier Certification-Class B Pathogen Reduction and Site Restrictions.pdf,05 - Biosolids & Land Application/01-01-2020 - FY20 Applier Certification-Class B Pathogen Reduction and Site Restrictions.pdf,01-01-2020,low-confidence date - please spot check; only a year was stated - defaulted to Jan 1
FY20 Applier Certification-Management Practices.pdf,05 - Biosolids & Land Application/01-01-2020 - FY20 Applier Certification-Management Practices.pdf,01-01-2020,low-confidence date - please spot check; only a year was stated - defaulted to Jan 1
FY20 Biosolids Lab data sheet-Nov.pdf,05 - Biosolids & Land Application/01-23-2020 - FY20 Biosolids Lab data sheet-Nov.pdf,01-23-2020,low-confidence date - please spot check
FY20 Digestor Sludge Temps-Fall 2019.pdf,05 - Biosolids & Land Application/10-01-2019 - FY20 Digestor Sludge Temps-Fall 2019.pdf,10-01-2019,low-confidence date - please spot check; only a year was stated - defaulted to Jan 1; date corrected on review
FY20 Digestor Sludge Temps-Spring 2020.pdf,05 - Biosolids & Land Application/04-01-2020 - FY20 Digestor Sludge Temps-Spring 2020.pdf,04-01-2020,low-confidence date - please spot check; only a month was stated - defaulted to the 1st
FY20 Lab Log-Solids and DTs-Fall 2019.pdf,05 - Biosolids & Land Application/10-01-2019 - FY20 Lab Log-Solids and DTs-Fall 2019.pdf,10-01-2019,only a month was stated - defaulted to the 1st
FY20 Lab Log-Solids and DTs-Spring 2020.pdf,05 - Biosolids & Land Application/04-01-2020 - FY20 Lab Log-Solids and DTs-Spring 2020.pdf,04-01-2020,only a month was stated - defaulted to the 1st
FY20 Land Appl Sites Listed-Info.pdf,05 - Biosolids & Land Application/01-01-2020 - FY20 Land Appl Sites Listed-Info.pdf,01-01-2020,low-confidence date - please spot check; only a year was stated - defaulted to Jan 1
FY20 Metals Worksheets.pdf,05 - Biosolids & Land Application/01-01-2020 - FY20 Metals Worksheets.pdf,01-01-2020,low-confidence date - please spot check; only a year was stated - defaulted to Jan 1
Fact Sheet-DRAFT_Cadillac WWTP.pdf,02 - NPDES Permits & Permit Issuance/06-01-2013 - Fact Sheet-DRAFT_Cadillac WWTP.pdf,06-01-2013,low-confidence date - please spot check; only a month was stated - defaulted to the 1st
Fall 21 Lab Data.pdf,05 - Biosolids & Land Application/10-01-2021 - Fall 21 Lab Data.pdf,10-01-2021,only a month was stated - defaulted to the 1st
Fig 1 - Site Location.pdf,12 - Wexford Landfill & Leachate/03-16-2016 - Fig 1 - Site Location (copy 2).pdf,03-16-2016,"duplicate copy - kept both, suffixed"
Fig 2 - Site Plan.pdf,12 - Wexford Landfill & Leachate/07-18-2012 - Fig 2 - Site Plan (copy 2).pdf,07-18-2012,"duplicate copy - kept both, suffixed"
Fig 3 - Reg Water Well Location.pdf,12 - Wexford Landfill & Leachate/03-14-2012 - Fig 3 - Reg Water Well Location (copy 2).pdf,03-14-2012,"duplicate copy - kept both, suffixed"
Fig 4 - Wetland Location.pdf,12 - Wexford Landfill & Leachate/03-16-2016 - Fig 4 - Wetland Location (copy 2).pdf,03-16-2016,"duplicate copy - kept both, suffixed"
Fig 5 - North Topo.pdf,12 - Wexford Landfill & Leachate/03-16-2016 - Fig 5 - North Topo (copy 2).pdf,03-16-2016,"duplicate copy - kept both, suffixed"
Fig 6 - South Topo.pdf,12 - Wexford Landfill & Leachate/03-08-2011 - Fig 6 - South Topo (copy 2).pdf,03-08-2011,"duplicate copy - kept both, suffixed"
Flow Rate - Days.pdf,12 - Wexford Landfill & Leachate/03-16-2016 - Flow Rate - Days (copy 2).pdf,03-16-2016,"duplicate copy - kept both, suffixed"
GW Public Notice Document.pdf,02 - NPDES Permits & Permit Issuance/07-15-2016 - GW Public Notice Document (copy 2).pdf,07-15-2016,"duplicate copy - kept both, suffixed"
Generators Cert.pdf,05 - Biosolids & Land Application/Generators Cert.pdf,,NO DATE IN DOCUMENT - original filename kept
HQB-6T2F-9M76H_v1.pdf,11 - Form Submissions (online portal)/03-19-2025 - HQB-6T2F-9M76H_v1 (2).pdf,03-19-2025,"name clash - kept both, suffixed"
IPP Profile.pdf,03 - IPP (Industrial Pretreatment)/04-01-1985 - IPP Profile.pdf,04-01-1985,low-confidence date - please spot check
Interview Jill Notes.pdf,07 - Inspections & Evaluations/Interview Jill Notes.pdf,,NO DATE IN DOCUMENT - original filename kept
Interview Julie Notes.pdf,07 - Inspections & Evaluations/Interview Julie Notes.pdf,,NO DATE IN DOCUMENT - original filename kept
Lab Data Fall 2020.pdf,05 - Biosolids & Land Application/10-01-2020 - Lab Data Fall 2020.pdf,10-01-2020,only a month was stated - defaulted to the 1st
Lab&Hauling Data Spring 2023.pdf,05 - Biosolids & Land Application/04-01-2023 - Lab&Hauling Data Spring 2023.pdf,04-01-2023,only a month was stated - defaulted to the 1st
MIsir2004-5175_report.pdf,"13 - Groundwater, Wells & Plett Rd/01-01-2004 - MIsir2004-5175_report.pdf",01-01-2004,low-confidence date - please spot check; only a year was stated - defaulted to Jan 1
Mangement Practices.pdf,05 - Biosolids & Land Application/Mangement Practices.pdf,,NO DATE IN DOCUMENT - original filename kept
March 2026 DMR.pdf,01 - DMRs (Discharge Monitoring Reports)/03-31-2026 - March 2026 DMR (copy 2).pdf,03-31-2026,"duplicate copy - kept both, suffixed"
N3862_Full Compliance Evaluation_09-16-2014.pdf,12 - Wexford Landfill & Leachate/09-16-2014 - N3862_Full Compliance Evaluation_09-16-2014 (copy 2).pdf,09-16-2014,"duplicate copy - kept both, suffixed"
N3862_Full Compliance Evaluation_11-06-2017.pdf,12 - Wexford Landfill & Leachate/11-06-2017 - N3862_Full Compliance Evaluation_11-06-2017 (copy 2).pdf,11-06-2017,"duplicate copy - kept both, suffixed"
N3862_Full Compliance Evaluation_11-18-2015.pdf,12 - Wexford Landfill & Leachate/11-18-2015 - N3862_Full Compliance Evaluation_11-18-2015 (copy 2).pdf,11-18-2015,"duplicate copy - kept both, suffixed"
N3862_On-Site Inspection_09-16-2014.pdf,12 - Wexford Landfill & Leachate/09-16-2014 - N3862_On-Site Inspection_09-16-2014 (copy 2).pdf,09-16-2014,"duplicate copy - kept both, suffixed"
N3862_On-Site Inspection_11-06-2017.pdf,12 - Wexford Landfill & Leachate/11-06-2017 - N3862_On-Site Inspection_11-06-2017 (copy 2).pdf,11-06-2017,"duplicate copy - kept both, suffixed"
N3862_On-Site Inspection_11-18-2015.pdf,12 - Wexford Landfill & Leachate/11-18-2015 - N3862_On-Site Inspection_11-18-2015 (copy 2).pdf,11-18-2015,"duplicate copy - kept both, suffixed"
NEW SW COC.pdf,12 - Wexford Landfill & Leachate/08-27-2010 - NEW SW COC (copy 2).pdf,08-27-2010,"duplicate copy - kept both, suffixed"
NEW_ACCOUNT_DOCS.pdf,20 - Personal & Non-Case Records/12-20-2021 - NEW_ACCOUNT_DOCS.pdf,12-20-2021,*** NOT CASE RELATED - personal/financial document ***
"PAGE 16 - Simulation of ground water flow and Areas contributing ground water to production wells, Cadillac Mi204958.pdf","13 - Groundwater, Wells & Plett Rd/01-01-2004 - PAGE 16 - Simulation of ground water flow and Areas contributing ground water to production wells, Cadillac Mi204958.pdf",01-01-2004,only a year was stated - defaulted to Jan 1
PFAS Testing Results Summary (Updated 3-19-25-.pdf,04 - PFAS Monitoring/04-01-2025 - PFAS Testing Results Summary (Updated 3-19-25.pdf,04-01-2025,low-confidence date - please spot check; only a month was stated - defaulted to the 1st
PN certification form-Wexford Landfill.pdf,12 - Wexford Landfill & Leachate/07-12-2016 - PN certification form-Wexford Landfill (copy 2).pdf,07-12-2016,"duplicate copy - kept both, suffixed"
Plant Brochure.pdf,10 - Process & Site Documents/Plant Brochure.pdf,,NO DATE IN DOCUMENT - original filename kept
Public Notice Document-DRAFT_Cadillac WWTP.pdf,02 - NPDES Permits & Permit Issuance/Public Notice Document-DRAFT_Cadillac WWTP (copy 2).pdf,,"NO DATE IN DOCUMENT - original filename kept; duplicate copy - kept both, suffixed"
Public Notice of IPP Violation 2023.pdf,03 - IPP (Industrial Pretreatment)/01-01-2023 - Public Notice of IPP Violation 2023.pdf,01-01-2023,low-confidence date - please spot check; only a year was stated - defaulted to Jan 1
Public Notice of IPP Violation 2024.pdf,03 - IPP (Industrial Pretreatment)/01-01-2024 - Public Notice of IPP Violation 2024.pdf,01-01-2024,low-confidence date - please spot check; only a year was stated - defaulted to Jan 1
Rule 2210 Permit Template draft-Wexford Landfill.pdf,12 - Wexford Landfill & Leachate/03-16-2016 - Rule 2210 Permit Template draft-Wexford Landfill (copy 2).pdf,03-16-2016,"duplicate copy - kept both, suffixed"
Rule 2210 Permit Template-Wexford Landfill.pdf,12 - Wexford Landfill & Leachate/09-06-2016 - Rule 2210 Permit Template-Wexford Landfill (copy 2).pdf,09-06-2016,"duplicate copy - kept both, suffixed"
S1_2010-2016_Cadillac_WWTP_District_Compliance_File.pdf,08 - Compliance & Enforcement/01-01-2010 - S1_2010-2016_Cadillac_WWTP_District_Compliance_File.pdf,01-01-2010,only a year was stated - defaulted to Jan 1
SW COC Issued Letter.pdf,12 - Wexford Landfill & Leachate/06-28-2012 - SW COC Issued Letter (copy 2).pdf,06-28-2012,"duplicate copy - kept both, suffixed"
Site Info.pdf,05 - Biosolids & Land Application/Site Info.pdf,,NO DATE IN DOCUMENT - original filename kept
"Transport of pharmaceuticals from WWTP influent and effluent to groundwater — Foster, Katz and Meyer, USGS, 2012 -5083.pdf","13 - Groundwater, Wells & Plett Rd/01-01-2012 - Transport of pharmaceuticals from WWTP influent and effluent to groundwater — Foster, Katz and Meyer, USGS, 2012 -5083.pdf",01-01-2012,low-confidence date - please spot check; only a year was stated - defaulted to Jan 1
Vector Attraction Reduction.pdf,05 - Biosolids & Land Application/Vector Attraction Reduction.pdf,,NO DATE IN DOCUMENT - original filename kept
Violation Notice (VN 019184) Cadillac WWTP.pdf,08 - Compliance & Enforcement/06-10-2026 - Violation Notice (VN 019184) Cadillac WWTP (copy 2).pdf,06-10-2026,"duplicate copy - kept both, suffixed"
WATER FLOW - PAGE 16 - F3540B07-10037.pdf,"13 - Groundwater, Wells & Plett Rd/WATER FLOW - PAGE 16 - F3540B07-10037.pdf",,NO DATE IN DOCUMENT - original filename kept
WEXFORD LANDFILL.pdf,12 - Wexford Landfill & Leachate/WEXFORD LANDFILL.pdf,,NO DATE IN DOCUMENT - original filename kept
WWTP-AREASOFCONCERN-3.jpg,"14 - Maps, Photos & Imagery/WWTP-AREASOFCONCERN-3.jpg",,NO DATE IN DOCUMENT - original filename kept
WWTP-SAME-ELEVATION-1140 PLETT RD.png,"13 - Groundwater, Wells & Plett Rd/WWTP-SAME-ELEVATION-1140 PLETT RD.png",,NO DATE IN DOCUMENT - original filename kept
Wexford Co LF MIS111718.pdf,12 - Wexford Landfill & Leachate/09-17-2015 - Wexford Co LF MIS111718 (copy 2).pdf,09-17-2015,"duplicate copy - kept both, suffixed"
Wexford Co Landfill NOI.pdf,12 - Wexford Landfill & Leachate/04-11-2012 - Wexford Co Landfill NOI (copy 2).pdf,04-11-2012,"duplicate copy - kept both, suffixed"
Wexford Co Landfill Termination Form (1).pdf,12 - Wexford Landfill & Leachate/07-02-2018 - Wexford Co Landfill Termination Form (copy 2).pdf,07-02-2018,"duplicate copy - kept both, suffixed"
Wexford County Landfill GW1010342 Termination 7-2-18 Green Card Ret'd.pdf,12 - Wexford Landfill & Leachate/07-02-2018 - Wexford County Landfill GW1010342 Termination 7-2-18 Green Card Ret'd (copy 2).pdf,07-02-2018,"duplicate copy - kept both, suffixed"
Wexford County Landfill Termination Issued Letter (1).pdf,12 - Wexford Landfill & Leachate/07-02-2018 - Wexford County Landfill Termination Issued Letter (copy 2).pdf,07-02-2018,"duplicate copy - kept both, suffixed"
Wexford Landfill Groundwater Discharge Permit Application 2210(y).pdf,12 - Wexford Landfill & Leachate/03-16-2016 - Wexford Landfill Groundwater Discharge Permit Application 2210(y) (copy 2).pdf,03-16-2016,"duplicate copy - kept both, suffixed"
Wexford-County-LandFil-License.png,12 - Wexford Landfill & Leachate/Wexford-County-LandFil-License.png,,NO DATE IN DOCUMENT - original filename kept
a281563f-f584-49ca-a28d-5f1d2dd69406.jpg,"14 - Maps, Photos & Imagery/a281563f-f584-49ca-a28d-5f1d2dd69406.jpg",,NO DATE IN DOCUMENT - original filename kept
ab12378c-3f6f-4fbd-b242-23395c4d0c44.jpg,"14 - Maps, Photos & Imagery/ab12378c-3f6f-4fbd-b242-23395c4d0c44.jpg",,NO DATE IN DOCUMENT - original filename kept
bb340e17-384d-480f-9198-34a8502d5882.jpg,"14 - Maps, Photos & Imagery/bb340e17-384d-480f-9198-34a8502d5882.jpg",,NO DATE IN DOCUMENT - original filename kept
bb543245-b433-413c-848a-691f6c8592bb.jpg,"14 - Maps, Photos & Imagery/bb543245-b433-413c-848a-691f6c8592bb.jpg",,NO DATE IN DOCUMENT - original filename kept
c-scans-HIGH-CONTRAST.pdf,99 - Needs Review/01-15-2018 - c-scans-HIGH-CONTRAST.pdf,01-15-2018,could not be classified
cb4a0502-1ec8-4539-bc88-0fbdce3ff165.jpg,"14 - Maps, Photos & Imagery/cb4a0502-1ec8-4539-bc88-0fbdce3ff165.jpg",,NO DATE IN DOCUMENT - original filename kept
chk-02.jpg,"14 - Maps, Photos & Imagery/chk-02.jpg",,NO DATE IN DOCUMENT - original filename kept
civil-criminal-penalities.png,"14 - Maps, Photos & Imagery/civil-criminal-penalities.png",,NO DATE IN DOCUMENT - original filename kept
completed public notice certification form.pdf,02 - NPDES Permits & Permit Issuance/07-12-2016 - completed public notice certification form (copy 2).pdf,07-12-2016,"duplicate copy - kept both, suffixed"
cov-001.jpg,"14 - Maps, Photos & Imagery/cov-001.jpg",,NO DATE IN DOCUMENT - original filename kept
cov-002.jpg,"14 - Maps, Photos & Imagery/cov-002.jpg",,NO DATE IN DOCUMENT - original filename kept
cov-003.jpg,"14 - Maps, Photos & Imagery/cov-003.jpg",,NO DATE IN DOCUMENT - original filename kept
cov-004.jpg,"14 - Maps, Photos & Imagery/cov-004.jpg",,NO DATE IN DOCUMENT - original filename kept
d0c7da33-74ff-4756-a86b-f235de59e2c1.jpg,"14 - Maps, Photos & Imagery/d0c7da33-74ff-4756-a86b-f235de59e2c1.jpg",,NO DATE IN DOCUMENT - original filename kept
d98edb75-538e-475b-ab71-3725d6cfd02c.jpg,"14 - Maps, Photos & Imagery/d98edb75-538e-475b-ab71-3725d6cfd02c.jpg",,NO DATE IN DOCUMENT - original filename kept
dc859de2-070f-413c-bef3-863dbdbcf9ce.jpg,"14 - Maps, Photos & Imagery/dc859de2-070f-413c-bef3-863dbdbcf9ce.jpg",,NO DATE IN DOCUMENT - original filename kept
desktop.ini,"16 - Apps, Scripts & Working Data/desktop (2).ini",,"NO DATE IN DOCUMENT - original filename kept; name clash - kept both, suffixed"
e-mail cov let-Wexford Landfill.pdf,12 - Wexford Landfill & Leachate/07-12-2016 - e-mail cov let-Wexford Landfill (copy 2).pdf,07-12-2016,"duplicate copy - kept both, suffixed"
e97d6f85-bf56-4e7c-a128-70e621983249.jpg,"14 - Maps, Photos & Imagery/e97d6f85-bf56-4e7c-a128-70e621983249.jpg",,NO DATE IN DOCUMENT - original filename kept
email-final authorization-Wexford Landfill.pdf,12 - Wexford Landfill & Leachate/09-16-2016 - email-final authorization-Wexford Landfill (copy 2).pdf,09-16-2016,"duplicate copy - kept both, suffixed"
lagoon summary.pdf,12 - Wexford Landfill & Leachate/03-16-2016 - lagoon summary (copy 3).pdf,03-16-2016,"duplicate copy - kept both, suffixed"
lu431juitc.tmp,"16 - Apps, Scripts & Working Data/lu431juitc.tmp",,NO DATE IN DOCUMENT - original filename kept
lu481swkuw.tmp,"16 - Apps, Scripts & Working Data/lu481swkuw.tmp",,NO DATE IN DOCUMENT - original filename kept
lu491kr3pq.tmp,"16 - Apps, Scripts & Working Data/lu491kr3pq.tmp",,NO DATE IN DOCUMENT - original filename kept
mi-165-1i-0002_draft_permit_october_2017.pdf,12 - Wexford Landfill & Leachate/01-01-2017 - mi-165-1i-0002_draft_permit_october_2017.pdf,01-01-2017,only a year was stated - defaulted to Jan 1
page-01.jpg,"14 - Maps, Photos & Imagery/page-01.jpg",,NO DATE IN DOCUMENT - original filename kept
page-02.jpg,"14 - Maps, Photos & Imagery/page-02.jpg",,NO DATE IN DOCUMENT - original filename kept
public notice email-Wexford Landfill.pdf,12 - Wexford Landfill & Leachate/07-12-2016 - public notice email-Wexford Landfill (copy 2).pdf,07-12-2016,"duplicate copy - kept both, suffixed"
qc-03.jpg,"14 - Maps, Photos & Imagery/qc-03.jpg",,NO DATE IN DOCUMENT - original filename kept
v05-005.jpg,"14 - Maps, Photos & Imagery/v05-005.jpg",,NO DATE IN DOCUMENT - original filename kept
v105-105.jpg,"14 - Maps, Photos & Imagery/v105-105.jpg",,NO DATE IN DOCUMENT - original filename kept
v14-014.jpg,08 - Compliance & Enforcement/v14-014.jpg,,NO DATE IN DOCUMENT - original filename kept
v14-015.jpg,"14 - Maps, Photos & Imagery/v14-015.jpg",,NO DATE IN DOCUMENT - original filename kept
v14-016.jpg,"14 - Maps, Photos & Imagery/v14-016.jpg",,NO DATE IN DOCUMENT - original filename kept
v19-019.jpg,"14 - Maps, Photos & Imagery/v19-019.jpg",,NO DATE IN DOCUMENT - original filename kept
v23-023.jpg,"14 - Maps, Photos & Imagery/v23-023.jpg",,NO DATE IN DOCUMENT - original filename kept
v69-069.jpg,"14 - Maps, Photos & Imagery/v69-069.jpg",,NO DATE IN DOCUMENT - original filename kept
v73-073.jpg,"14 - Maps, Photos & Imagery/v73-073.jpg",,NO DATE IN DOCUMENT - original filename kept
v73-074.jpg,"14 - Maps, Photos & Imagery/v73-074.jpg",,NO DATE IN DOCUMENT - original filename kept
v75-075.jpg,"14 - Maps, Photos & Imagery/v75-075.jpg",,NO DATE IN DOCUMENT - original filename kept
v75-076.jpg,"14 - Maps, Photos & Imagery/v75-076.jpg",,NO DATE IN DOCUMENT - original filename kept
v93-093.jpg,"14 - Maps, Photos & Imagery/v93-093.jpg",,NO DATE IN DOCUMENT - original filename kept
v93-094.jpg,"14 - Maps, Photos & Imagery/v93-094.jpg",,NO DATE IN DOCUMENT - original filename kept
vio-151.jpg,"14 - Maps, Photos & Imagery/vio-151.jpg",,NO DATE IN DOCUMENT - original filename kept
vio-152.jpg,"14 - Maps, Photos & Imagery/vio-152.jpg",,NO DATE IN DOCUMENT - original filename kept
vio-153.jpg,"14 - Maps, Photos & Imagery/vio-153.jpg",,NO DATE IN DOCUMENT - original filename kept
vn-009.jpg,08 - Compliance & Enforcement/vn-009.jpg,,NO DATE IN DOCUMENT - original filename kept
vn-010.jpg,08 - Compliance & Enforcement/vn-010.jpg,,NO DATE IN DOCUMENT - original filename kept
vn-011.jpg,08 - Compliance & Enforcement/vn-011.jpg,,NO DATE IN DOCUMENT - original filename kept
vn-012.jpg,08 - Compliance & Enforcement/vn-012.jpg,,NO DATE IN DOCUMENT - original filename kept
vn-013.jpg,08 - Compliance & Enforcement/vn-013.jpg,,NO DATE IN DOCUMENT - original filename kept
vn-014.jpg,08 - Compliance & Enforcement/vn-014.jpg,,NO DATE IN DOCUMENT - original filename kept
vulnerable Clay Barriers.jpg,"14 - Maps, Photos & Imagery/vulnerable Clay Barriers.jpg",,NO DATE IN DOCUMENT - original filename kept
