original_name,new_location,document_date,how_date_was_determined,date_confidence,note
#3-05202025_Sampling Questionnaire and Access Agreement (1).pdf,"13 - Groundwater, Wells & Plett Rd/05-20-2025 - #3-05202025_Sampling Questionnaire and Access Agreement.pdf",05-20-2025,filename-MMDDYYYY,medium,
#8-1-Plett_Rd_Hydrogeological_Report.pdf,"13 - Groundwater, Wells & Plett Rd/07-30-2026 - #8-1-Plett_Rd_Hydrogeological_Report.pdf",07-30-2026,letterhead-date,high,
#8-A-Plett_Rd_Hydrogeological_Cross_Section.pdf,"13 - Groundwater, Wells & Plett Rd/07-22-2026 - #8-A-Plett_Rd_Hydrogeological_Cross_Section.pdf",07-22-2026,first-date-on-page1,medium,
02-26-2016-VN response from City.Feb 29 2016 (1).pdf,08 - Compliance & Enforcement/02-26-2016 - VN response from City.Feb 29 2016.pdf,02-26-2016,letterhead-date,high,
04_EPA_Wexford_Water_Technologies_Draft_UIC_Permit_MI-165-1I-0002.pdf,12 - Wexford Landfill & Leachate/01-01-2017 - 04_EPA_Wexford_Water_Technologies_Draft_UIC_Permit_MI-165-1I-0002.pdf,01-01-2017,identical-copy-of: mi-165-1i-0002_draft_permit_october_2017.pdf,high,
05202025_Sampling Questionnaire and Access Agreement.pdf,"13 - Groundwater, Wells & Plett Rd/05-20-2025 - Sampling Questionnaire and Access Agreement.pdf",05-20-2025,filename-MMDDYYYY,medium,
05202025_Sampling Questionnaire and Access Agreement_001.pdf,"13 - Groundwater, Wells & Plett Rd/05-20-2025 - Sampling Questionnaire and Access Agreement_001.pdf",05-20-2025,date-label:Date:,medium,
05_EPA_Wexford_Water_Technologies_Fact_Sheet.pdf,12 - Wexford Landfill & Leachate/11-22-2017 - 05_EPA_Wexford_Water_Technologies_Fact_Sheet.pdf,11-22-2017,letterhead-date,high,
097582f1-b9e2-4911-9763-99704235c0dc (1).jpg,"14 - Maps, Photos & Imagery/097582f1-b9e2-4911-9763-99704235c0dc.jpg",,none,none,
097582f1-b9e2-4911-9763-99704235c0dc.jpg,"14 - Maps, Photos & Imagery/097582f1-b9e2-4911-9763-99704235c0dc (copy 2).jpg",,none,none,"duplicate copy - kept both, suffixed"
0ebd961d-9ef2-422c-846a-c0ded069b374.jpg,"14 - Maps, Photos & Imagery/0ebd961d-9ef2-422c-846a-c0ded069b374.jpg",,none,none,
"1,4 Dioxane SimpleLab Report VVCLVH.pdf","06 - Lab Results & Sampling (general)/03-31-2026 - 1,4 Dioxane SimpleLab Report VVCLVH.pdf",03-31-2026,letterhead-date,high,
1118 - 75ft 22N09W34 Wexford.pdf,12 - Wexford Landfill & Leachate/02-08-1997 - 1118 - 75ft 22N09W34 Wexford.pdf,02-08-1997,most-frequent-in-doc,low,
1118-well-record.png,"13 - Groundwater, Wells & Plett Rd/1118-well-record.png",,none,none,
1140 PLETT - HOT SPOT.png,"13 - Groundwater, Wells & Plett Rd/1140 PLETT - HOT SPOT (copy 2).png",,none,none,"duplicate copy - kept both, suffixed"
125c82de-7c03-4bdf-a1d8-2f54809dbb89.jpg,"14 - Maps, Photos & Imagery/125c82de-7c03-4bdf-a1d8-2f54809dbb89.jpg",,none,none,
1410104_1 ENVReport 10 30 2014 1323.pdf,06 - Lab Results & Sampling (general)/10-30-2014 - 1410104_1 ENVReport 10 30 2014 1323.pdf,10-30-2014,letterhead-date,high,
147af6b7-158b-4f2f-8b16-76c0a19803a7.jpg,"14 - Maps, Photos & Imagery/147af6b7-158b-4f2f-8b16-76c0a19803a7.jpg",,none,none,
19.10.Eff.AddlMonit.Paragon.revised.pdf,06 - Lab Results & Sampling (general)/11-14-2019 - 19.10.Eff.AddlMonit.Paragon.revised.pdf,11-14-2019,letterhead-date,high,
19.10.Eff.AddlMonit.WET.ERM.pdf,06 - Lab Results & Sampling (general)/10-30-2019 - 19.10.Eff.AddlMonit.WET.ERM.pdf,10-30-2019,letterhead-date,high,
19.12.Eff.FollowUp.WET.ERM.pdf,06 - Lab Results & Sampling (general)/01-07-2020 - 19.12.Eff.FollowUp.WET.ERM.pdf,01-07-2020,letterhead-date,high,
20.05.Eff.AddlMonit.ERM.pdf,06 - Lab Results & Sampling (general)/05-19-2020 - 20.05.Eff.AddlMonit.ERM.pdf,05-19-2020,letterhead-date,high,
2010-2016_Cadillac WWTP_District Compliance File.pdf,08 - Compliance & Enforcement/01-01-2010 - 2010-2016_Cadillac WWTP_District Compliance File.pdf,01-01-2010,filename-year (OCR unreliable),medium,
2011-09-19__-7613539083849480309__N3862_On-Site Inspection_09-19-2011.pdf,12 - Wexford Landfill & Leachate/09-19-2011 - N3862_On-Site Inspection_09-19-2011.pdf,09-19-2011,letterhead-date,high,
2012-05-09__-5505003157730599556__Wexford Co Landfill NOI.pdf,12 - Wexford Landfill & Leachate/04-11-2012 - Wexford Co Landfill NOI.pdf,04-11-2012,transmittal-letter-date,medium,
2012-06-06__-9038372958555267064__SW COC Issued Letter.pdf,12 - Wexford Landfill & Leachate/06-28-2012 - SW COC Issued Letter.pdf,06-28-2012,letterhead-date,high,
2012-06-06__7666952873603211069__NEW SW COC.pdf,12 - Wexford Landfill & Leachate/08-27-2010 - NEW SW COC.pdf,08-27-2010,issue-label:issued,high,
2014-09-16__568626317430663494__N3862_On-Site Inspection_09-16-2014.pdf,12 - Wexford Landfill & Leachate/09-16-2014 - N3862_On-Site Inspection_09-16-2014.pdf,09-16-2014,letterhead-date,high,
2014-09-16__6575640507295912005__N3862_Full Compliance Evaluation_09-16-2014.pdf,12 - Wexford Landfill & Leachate/09-16-2014 - N3862_Full Compliance Evaluation_09-16-2014.pdf,09-16-2014,first-date-on-page1,medium,
2014-10-10_Cadillac_Pre-Inspection_Report_56545.pdf,07 - Inspections & Evaluations/10-10-2014 - Cadillac_Pre-Inspection_Report_56545.pdf,10-10-2014,filename-date,medium,
2014-10-10_Cadillac_Pre-Inspection_Report_56545_Scan_OCR.pdf,07 - Inspections & Evaluations/10-10-2014 - Cadillac_Pre-Inspection_Report_56545_Scan_OCR.pdf,10-10-2014,filename-date,medium,
201411251653.pdf,07 - Inspections & Evaluations/11-25-2014 - 201411251653.pdf,11-25-2014,date-label:Date:,medium,
201411261120.pdf,07 - Inspections & Evaluations/04-01-2014 - 201411261120.pdf,04-01-2014,date-label:Date:,medium,
2015-11-02__5789094350076066945__Wexford Co LF MIS111718.pdf,12 - Wexford Landfill & Leachate/09-17-2015 - Wexford Co LF MIS111718.pdf,09-17-2015,letterhead-date,high,
2015-11-18__-7708436501529552797__N3862_On-Site Inspection_11-18-2015.pdf,12 - Wexford Landfill & Leachate/11-18-2015 - N3862_On-Site Inspection_11-18-2015.pdf,11-18-2015,letterhead-date,high,
2015-11-18__-9050919094752259216__N3862_Full Compliance Evaluation_11-18-2015.pdf,12 - Wexford Landfill & Leachate/11-18-2015 - N3862_Full Compliance Evaluation_11-18-2015.pdf,11-18-2015,first-date-on-page1,medium,
2015-2016_Wexford County Landfill_District Compliance File.pdf,12 - Wexford Landfill & Leachate/01-25-2016 - 2015-2016_Wexford County Landfill_District Compliance File.pdf,01-25-2016,letterhead-date,high,
2015-2016_Wexford County Landfill_Leachate Request.pdf,12 - Wexford Landfill & Leachate/03-09-2016 - 2015-2016_Wexford County Landfill_Leachate Request.pdf,03-09-2016,letterhead-date,high,
2016-01-25__-1435941263699884850__2015-2016_Wexford County Landfill_District Compliance File.pdf,12 - Wexford Landfill & Leachate/01-25-2016 - 2015-2016_Wexford County Landfill_District Compliance File (copy 2).pdf,01-25-2016,letterhead-date,high,"duplicate copy - kept both, suffixed"
2016-03-09__-1083339404412472014__2015-2016_Wexford County Landfill_Leachate Request.pdf,12 - Wexford Landfill & Leachate/03-09-2016 - 2015-2016_Wexford County Landfill_Leachate Request (copy 2).pdf,03-09-2016,letterhead-date,high,"duplicate copy - kept both, suffixed"
2016-03-16__-1024976884723014956__Flow Rate - Days.pdf,12 - Wexford Landfill & Leachate/03-16-2016 - Flow Rate - Days.pdf,03-16-2016,filename-date,low,
2016-03-16__-2296258207315679752__Fig 5 - North Topo.pdf,12 - Wexford Landfill & Leachate/03-16-2016 - Fig 5 - North Topo.pdf,03-16-2016,filename-date,low,
2016-03-16__-2579877415507872432__Fig 6 - South Topo.pdf,12 - Wexford Landfill & Leachate/03-08-2011 - Fig 6 - South Topo.pdf,03-08-2011,letterhead-date,high,
2016-03-16__-3742461403192295520__lagoon summary.pdf,12 - Wexford Landfill & Leachate/03-16-2016 - lagoon summary.pdf,03-16-2016,reconciled with identical copy,high,
2016-03-16__1093182208806986046__lagoon summary.pdf,12 - Wexford Landfill & Leachate/03-16-2016 - lagoon summary (copy 2).pdf,03-16-2016,reconciled with identical copy,high,"duplicate copy - kept both, suffixed"
2016-03-16__17083605190781609__Fig 3 - Reg Water Well Location.pdf,12 - Wexford Landfill & Leachate/03-14-2012 - Fig 3 - Reg Water Well Location.pdf,03-14-2012,first-date-on-page1,medium,
2016-03-16__4187907776021566409__Fig 4 - Wetland Location.pdf,12 - Wexford Landfill & Leachate/03-16-2016 - Fig 4 - Wetland Location.pdf,03-16-2016,filename-date (OCR unreliable),medium,
2016-03-16__5532481158088134301__Fig 2 - Site Plan.pdf,12 - Wexford Landfill & Leachate/07-18-2012 - Fig 2 - Site Plan.pdf,07-18-2012,letterhead-date,high,
2016-03-16__6073389934025205219__Fig 1 - Site Location.pdf,12 - Wexford Landfill & Leachate/03-16-2016 - Fig 1 - Site Location.pdf,03-16-2016,filename-date (OCR unreliable),medium,
2016-06-01__8483964851346980810__Wexford Landfill Groundwater Discharge Permit Application 2210(y).pdf,12 - Wexford Landfill & Leachate/03-16-2016 - Wexford Landfill Groundwater Discharge Permit Application 2210(y).pdf,03-16-2016,first-date-on-page1,medium,
2016-07-12__-247260436681603705__Rule 2210 Permit Template draft-Wexford Landfill.pdf,12 - Wexford Landfill & Leachate/03-16-2016 - Rule 2210 Permit Template draft-Wexford Landfill.pdf,03-16-2016,letterhead-date,high,
2016-07-12__-6606352708966805341__public notice email-Wexford Landfill.pdf,12 - Wexford Landfill & Leachate/07-12-2016 - public notice email-Wexford Landfill.pdf,07-12-2016,email-sent-date (newest in chain),high,
2016-07-12__1933960216450450685__GW Public Notice Document.pdf,02 - NPDES Permits & Permit Issuance/07-15-2016 - GW Public Notice Document.pdf,07-15-2016,letterhead-date,high,
2016-07-12__2256854210489464197__PN certification form-Wexford Landfill.pdf,12 - Wexford Landfill & Leachate/07-12-2016 - PN certification form-Wexford Landfill.pdf,07-12-2016,letterhead-date,high,
2016-07-12__881861131799560019__e-mail cov let-Wexford Landfill.pdf,12 - Wexford Landfill & Leachate/07-12-2016 - e-mail cov let-Wexford Landfill.pdf,07-12-2016,filename-date,low,
2016-07-26__-7084006178792149061__completed public notice certification form.pdf,02 - NPDES Permits & Permit Issuance/07-12-2016 - completed public notice certification form.pdf,07-12-2016,letterhead-date,high,
2016-09-16__1536283218285486699__Rule 2210 Permit Template-Wexford Landfill.pdf,12 - Wexford Landfill & Leachate/09-06-2016 - Rule 2210 Permit Template-Wexford Landfill.pdf,09-06-2016,issue-label:Issued,high,
2016-09-16__7188222859241126593__email-final authorization-Wexford Landfill.pdf,12 - Wexford Landfill & Leachate/09-16-2016 - email-final authorization-Wexford Landfill.pdf,09-16-2016,email-sent-date (newest in chain),high,
2016-12-19__-4163788102925784663__DMR Daily - GW1010342 _11_01_2016_to_11_30_2016_V1.pdf,12 - Wexford Landfill & Leachate/11-30-2016 - DMR Daily - GW1010342 _11_01_2016_to_11_30_2016_V1.pdf,11-30-2016,DMR period end date,medium,
2016-12-19__-4512338794143814286__DMR Daily - GW1010342 _12_01_2016_to_12_31_2016_V1.pdf,12 - Wexford Landfill & Leachate/12-31-2016 - DMR Daily - GW1010342 _12_01_2016_to_12_31_2016_V1.pdf,12-31-2016,DMR period end date,medium,
2016-12-19__-6092188544089900918__DMR Summary - GW1010342 _10_01_2016_to_10_31_2016_V1.pdf,12 - Wexford Landfill & Leachate/10-31-2016 - DMR Summary - GW1010342 _10_01_2016_to_10_31_2016_V1.pdf,10-31-2016,DMR period end date,medium,
2016-12-19__-7520642319298188802__DMR Daily - GW1010342 _10_01_2016_to_10_31_2016_V1.pdf,12 - Wexford Landfill & Leachate/10-31-2016 - DMR Daily - GW1010342 _10_01_2016_to_10_31_2016_V1.pdf,10-31-2016,DMR period end date,medium,
2016-12-19__1125990733901254352__DMR Summary - GW1010342 _12_01_2016_to_12_31_2016_V1.pdf,12 - Wexford Landfill & Leachate/12-31-2016 - DMR Summary - GW1010342 _12_01_2016_to_12_31_2016_V1.pdf,12-31-2016,DMR period end date,medium,
2016-12-19__9038182517801689559__DMR Summary - GW1010342 _11_01_2016_to_11_30_2016_V1.pdf,12 - Wexford Landfill & Leachate/11-30-2016 - DMR Summary - GW1010342 _11_01_2016_to_11_30_2016_V1.pdf,11-30-2016,DMR period end date,medium,
2017-04-03_Cadillac_WWTP_NPDES_Application.pdf,"13 - Groundwater, Wells & Plett Rd/04-03-2017 - Cadillac_WWTP_NPDES_Application.pdf",04-03-2017,issue-label:Date Submitted,high,
2017-11-06__-7145165304305963063__N3862_On-Site Inspection_11-06-2017.pdf,12 - Wexford Landfill & Leachate/11-06-2017 - N3862_On-Site Inspection_11-06-2017.pdf,11-06-2017,letterhead-date,high,
2017-11-06__7395535843906233555__N3862_Full Compliance Evaluation_11-06-2017.pdf,12 - Wexford Landfill & Leachate/11-06-2017 - N3862_Full Compliance Evaluation_11-06-2017.pdf,11-06-2017,first-date-on-page1,medium,
2018 - TEST-AMERICA-REPORT-J17646-1-UDS-Level-2-Report-Final-Report (1).pdf,06 - Lab Results & Sampling (general)/10-29-2018 - 2018 - TEST-AMERICA-REPORT-J17646-1-UDS-Level-2-Report-Final-Report.pdf,10-29-2018,issue-label:Authorized for release,high,
2018 IPP Screening - Monitoring Plan.180627modif.pdf,03 - IPP (Industrial Pretreatment)/06-27-2018 - 2018 IPP Screening - Monitoring Plan.180627modif.pdf,06-27-2018,filename+confirmed-in-doc,high,
2018 IPP Screening - Monitoring Plan.Update181130.pdf,03 - IPP (Industrial Pretreatment)/11-30-2018 - 2018 IPP Screening - Monitoring Plan.Update181130.pdf,11-30-2018,filename-YYMMDD,medium,
2018-07-02__2992214570167366846__Wexford Co Landfill Termination Form (1).pdf,12 - Wexford Landfill & Leachate/07-02-2018 - Wexford Co Landfill Termination Form.pdf,07-02-2018,letterhead-date,high,
2018-07-02__7252439946607050394__Wexford County Landfill Termination Issued Letter (1).pdf,12 - Wexford Landfill & Leachate/07-02-2018 - Wexford County Landfill Termination Issued Letter.pdf,07-02-2018,letterhead-date,high,
2018-07-09__-7768228693379842427__Wexford County Landfill GW1010342 Termination 7-2-18 Green Card Ret'd.pdf,12 - Wexford Landfill & Leachate/07-02-2018 - Wexford County Landfill GW1010342 Termination 7-2-18 Green Card Ret'd.pdf,07-02-2018,reconciled with identical copy,medium,
2018_POTW_Oversight_Table.pdf,12 - Wexford Landfill & Leachate/11-13-2017 - 2018_POTW_Oversight_Table.pdf,11-13-2017,first-date-on-page1,medium,
2018_SIU-CIU_List.pdf,03 - IPP (Industrial Pretreatment)/01-01-2018 - 2018_SIU-CIU_List.pdf,01-01-2018,filename-year,low,
2019-10-16 CC-002274 Cadillac WWTP.pdf,03 - IPP (Industrial Pretreatment)/08-30-2019 - CC-002274 Cadillac WWTP.pdf,08-30-2019,issue-label:issued,high,
2019-11-06_Wexford_County_BOC_Minutes-2.pdf,18 - Meeting Minutes & Public Body Records/11-06-2019 - Wexford_County_BOC_Minutes-2.pdf,11-06-2019,letterhead-date,high,
2019-11-06_Wexford_County_BOC_Minutes-3.pdf,18 - Meeting Minutes & Public Body Records/11-06-2019 - Wexford_County_BOC_Minutes-3.pdf,11-06-2019,letterhead-date,high,
2019-11-06_Wexford_County_BOC_Minutes-4.pdf,18 - Meeting Minutes & Public Body Records/11-06-2019 - Wexford_County_BOC_Minutes-4.pdf,11-06-2019,letterhead-date,high,
2019-11-06_Wexford_County_BOC_Minutes-5.pdf,18 - Meeting Minutes & Public Body Records/11-06-2019 - Wexford_County_BOC_Minutes-5.pdf,11-06-2019,letterhead-date,high,
2019-11-06_Wexford_County_BOC_Minutes-6.pdf,18 - Meeting Minutes & Public Body Records/11-06-2019 - Wexford_County_BOC_Minutes-6.pdf,11-06-2019,letterhead-date,high,
2019-11-06_Wexford_County_BOC_Minutes.pdf,18 - Meeting Minutes & Public Body Records/11-06-2019 - Wexford_County_BOC_Minutes.pdf,11-06-2019,letterhead-date,high,
2019_POTW_Oversight_Table.pdf,12 - Wexford Landfill & Leachate/01-01-2019 - 2019_POTW_Oversight_Table.pdf,01-01-2019,first-date-on-page1,medium,
2019_SIU-CIU_List.pdf,03 - IPP (Industrial Pretreatment)/01-01-2019 - 2019_SIU-CIU_List.pdf,01-01-2019,filename-year,low,
2020-03-04__8908373584808793631__N3862_Full Compliance Evaluation_03-04-2020.pdf,12 - Wexford Landfill & Leachate/03-04-2020 - N3862_Full Compliance Evaluation_03-04-2020.pdf,03-04-2020,first-date-on-page1,medium,
2020-03-05__-5175835234877830126__N3862_On-Site Inspection_03-05-2020.pdf,12 - Wexford Landfill & Leachate/03-05-2020 - N3862_On-Site Inspection_03-05-2020.pdf,03-05-2020,letterhead-date,high,
2020-10-22 VN-011108 Cadillac WWTP (1).pdf,08 - Compliance & Enforcement/08-30-2019 - VN-011108 Cadillac WWTP.pdf,08-30-2019,issue-label:issued,high,
2020-10-22 VN-011108 Cadillac WWTP.pdf,08 - Compliance & Enforcement/08-30-2019 - VN-011108 Cadillac WWTP (copy 2).pdf,08-30-2019,issue-label:issued,high,"duplicate copy - kept both, suffixed"
2020-11-25 RE_ EGLE WRD VN-011108 Cadillac WWTP.pdf,08 - Compliance & Enforcement/11-25-2020 - RE_ EGLE WRD VN-011108 Cadillac WWTP.pdf,11-25-2020,email-sent-date (newest in chain),high,
2021 Alan Benson 30-01.pdf,05 - Biosolids & Land Application/09-27-2021 - 2021 Alan Benson 30-01.pdf,09-27-2021,first-date-on-page1,medium,
2021 Alan Benson 30-02.pdf,05 - Biosolids & Land Application/09-27-2021 - 2021 Alan Benson 30-02.pdf,09-27-2021,first-date-on-page1,medium,
2021 Alan Benson 30-03.pdf,05 - Biosolids & Land Application/09-27-2021 - 2021 Alan Benson 30-03.pdf,09-27-2021,first-date-on-page1,medium,
2021 Alan Benson 30-04.pdf,05 - Biosolids & Land Application/09-27-2021 - 2021 Alan Benson 30-04.pdf,09-27-2021,first-date-on-page1,medium,
2021 Fall Biosolids Pace.pdf,05 - Biosolids & Land Application/09-24-2021 - 2021 Fall Biosolids Pace.pdf,09-24-2021,letterhead-date,high,
2021-09-30 VN-012230 Cadillac WWTP.pdf,08 - Compliance & Enforcement/08-30-2019 - VN-012230 Cadillac WWTP.pdf,08-30-2019,issue-label:issued on,high,
2021-11-04 Follow-up to VN-012230 Extension Request - City of Cadillac.pdf,08 - Compliance & Enforcement/11-04-2021 - Follow-up to VN-012230 Extension Request - City of Cadillac.pdf,11-04-2021,letterhead-date,high,
2022 Spring Lab Data.pdf,05 - Biosolids & Land Application/05-17-2022 - 2022 Spring Lab Data.pdf,05-17-2022,OCR month/day + filename year,low,
2022-05-23 Follow-up to VN-012230 and VN-011108 - Cadillac WWTP.pdf,08 - Compliance & Enforcement/05-23-2022 - Follow-up to VN-012230 and VN-011108 - Cadillac WWTP.pdf,05-23-2022,letterhead-date,high,
2022-09-07-BOC-Packet.pdf,18 - Meeting Minutes & Public Body Records/09-07-2022 - BOC-Packet.pdf,09-07-2022,letterhead-date,high,
2025-11-06-Comparability-Study-Report-Cadillac.pdf,04 - PFAS Monitoring/11-06-2025 - Comparability-Study-Report-Cadillac.pdf,11-06-2025,filename-date,medium,
2025_05821_CustomQuestionnaire.pdf,20 - Personal & Non-Case Records/01-01-2025 - 2025_05821_CustomQuestionnaire.pdf,01-01-2025,filename-year,low,
2025_05821_Engagement Letter.pdf,20 - Personal & Non-Case Records/01-16-2026 - 2025_05821_Engagement Letter.pdf,01-16-2026,letterhead-date,high,
2025_05821_Organizer.pdf,20 - Personal & Non-Case Records/04-01-2025 - 2025_05821_Organizer.pdf,04-01-2025,first-date-on-page1,medium,
2026-02-02 Cadillac CWSRF WWTP Improvements FV Proposal.pdf,10 - Process & Site Documents/02-02-2026 - Cadillac CWSRF WWTP Improvements FV Proposal.pdf,02-02-2026,letterhead-date,high,
20N09W06-DI01.pdf,05 - Biosolids & Land Application/11-15-2019 - 20N09W06-DI01.pdf,11-15-2019,first-date-on-page1,medium,
21.03.Eff.AddlMonit.ERM.pdf,06 - Lab Results & Sampling (general)/03-25-2021 - 21.03.Eff.AddlMonit.ERM.pdf,03-25-2021,letterhead-date,high,
21.08.16.Eff.AddlMonit.Paragon.pdf,06 - Lab Results & Sampling (general)/08-30-2021 - 21.08.16.Eff.AddlMonit.Paragon.pdf,08-30-2021,letterhead-date,high,
21.08.16.Eff.AddlMonit.ParagonRepeat.pdf,06 - Lab Results & Sampling (general)/08-16-2021 - 21.08.16.Eff.AddlMonit.ParagonRepeat.pdf,08-16-2021,filename-YY.MM.DD (OCR unreliable),medium,
21.08.31.Eff.AddlMonit.MeritConfirm.pdf,06 - Lab Results & Sampling (general)/09-02-2021 - 21.08.31.Eff.AddlMonit.MeritConfirm.pdf,09-02-2021,issue-label:Submitted Date,high,
21.08.31.Eff.AddlMonit.ParagonRepeat.pdf,06 - Lab Results & Sampling (general)/09-03-2021 - 21.08.31.Eff.AddlMonit.ParagonRepeat.pdf,09-03-2021,letterhead-date,high,
21.08.Eff.AddlMonit.ERM.pdf,06 - Lab Results & Sampling (general)/09-03-2021 - 21.08.Eff.AddlMonit.ERM.pdf,09-03-2021,letterhead-date,high,
21.08.Eff.AddlMonit.Fibertec.pdf,06 - Lab Results & Sampling (general)/08-30-2021 - 21.08.Eff.AddlMonit.Fibertec.pdf,08-30-2021,issue-label:issued on,high,
210303.biosolids.PACE.pdf,05 - Biosolids & Land Application/03-18-2021 - 210303.biosolids.PACE.pdf,03-18-2021,letterhead-date,high,
210902.biosolids.HML.pdf,05 - Biosolids & Land Application/10-01-2021 - 210902.biosolids.HML.pdf,10-01-2021,letterhead-date,high,
21N08W30-AB01.pdf,05 - Biosolids & Land Application/11-15-2019 - 21N08W30-AB01.pdf,11-15-2019,first-date-on-page1,medium,
21N08W30-AB02.pdf,05 - Biosolids & Land Application/11-15-2019 - 21N08W30-AB02.pdf,11-15-2019,first-date-on-page1,medium,
21N08W30-AB03.pdf,05 - Biosolids & Land Application/11-15-2019 - 21N08W30-AB03.pdf,11-15-2019,first-date-on-page1,medium,
21N08W30-AB04.pdf,05 - Biosolids & Land Application/11-15-2019 - 21N08W30-AB04.pdf,11-15-2019,first-date-on-page1,medium,
21N09W25-AB01.pdf,05 - Biosolids & Land Application/11-15-2019 - 21N09W25-AB01.pdf,11-15-2019,first-date-on-page1,medium,
21N09W27-JR01.pdf,05 - Biosolids & Land Application/08-17-2020 - 21N09W27-JR01.pdf,08-17-2020,most-frequent-in-doc,low,
21N09W27-WR01.pdf,05 - Biosolids & Land Application/09-27-2021 - 21N09W27-WR01.pdf,09-27-2021,most-frequent-in-doc,low,
21n09w25-DG01.pdf,05 - Biosolids & Land Application/08-28-2024 - 21n09w25-DG01.pdf,08-28-2024,transmittal-letter-date,medium,
22.01.Inf.Eff.LLHg.Pace.pdf,06 - Lab Results & Sampling (general)/01-24-2022 - 22.01.Inf.Eff.LLHg.Pace.pdf,01-24-2022,letterhead-date,high,
22.04.Inf.Eff.LLHg.Pace.pdf,06 - Lab Results & Sampling (general)/05-11-2022 - 22.04.Inf.Eff.LLHg.Pace.pdf,05-11-2022,letterhead-date,high,
22.07.Inf.Eff.LLHg.Pace.pdf,06 - Lab Results & Sampling (general)/08-10-2022 - 22.07.Inf.Eff.LLHg.Pace.pdf,08-10-2022,letterhead-date,high,
22.10.Inf.Eff.LLHg.Pace.pdf,06 - Lab Results & Sampling (general)/10-21-2022 - 22.10.Inf.Eff.LLHg.Pace.pdf,10-21-2022,letterhead-date,high,
220308.biosolids.HML.pdf,05 - Biosolids & Land Application/04-13-2022 - 220308.biosolids.HML.pdf,04-13-2022,letterhead-date,high,
220308.biosolids.PACE.pdf,05 - Biosolids & Land Application/03-23-2022 - 220308.biosolids.PACE.pdf,03-23-2022,letterhead-date,high,
220328.Metals.biosolids.PACE.pdf,05 - Biosolids & Land Application/04-12-2022 - 220328.Metals.biosolids.PACE.pdf,04-12-2022,letterhead-date,high,
220908.biosolids.HML.pdf,05 - Biosolids & Land Application/09-29-2022 - 220908.biosolids.HML.pdf,09-29-2022,issue-label:Date Completed,high,
220908.biosolids.PACE(1).pdf,05 - Biosolids & Land Application/09-23-2022 - 220908.biosolids.PACE.pdf,09-23-2022,letterhead-date,high,
220922.biosolids.wHg.PACE.pdf,05 - Biosolids & Land Application/10-17-2022 - 220922.biosolids.wHg.PACE.pdf,10-17-2022,letterhead-date,high,
22N11W25-RBL03.pdf,05 - Biosolids & Land Application/08-28-2024 - 22N11W25-RBL03.pdf,08-28-2024,transmittal-letter-date,medium,
230413.biosolids.pathogens.HML.pdf,05 - Biosolids & Land Application/05-11-2023 - 230413.biosolids.pathogens.HML.pdf,05-11-2023,issue-label:Date Completed,high,
230928.biosolids.chem.PACE.RevRL.pdf,05 - Biosolids & Land Application/10-20-2023 - 230928.biosolids.chem.PACE.RevRL.pdf,10-20-2023,letterhead-date,high,
230928.biosolids.pathogens.HML.pdf,05 - Biosolids & Land Application/11-02-2023 - 230928.biosolids.pathogens.HML.pdf,11-02-2023,issue-label:Date Completed,high,
24.08.08.AMR.Trace.pdf,06 - Lab Results & Sampling (general)/08-16-2024 - 24.08.08.AMR.Trace.pdf,08-16-2024,letterhead-date,high,
24.08.08.AMR.Trace.rev.pdf,06 - Lab Results & Sampling (general)/03-24-2026 - 24.08.08.AMR.Trace.rev.pdf,03-24-2026,letterhead-date,high,
240401.biosolids.chem.PACE.pdf,05 - Biosolids & Land Application/04-16-2024 - 240401.biosolids.chem.PACE.pdf,04-16-2024,letterhead-date,high,
240401.biosolids.pathogens.HML.pdf,05 - Biosolids & Land Application/04-25-2024 - 240401.biosolids.pathogens.HML.pdf,04-25-2024,issue-label:Date Completed,high,
241003.biosolids.chem.PACE.pdf,05 - Biosolids & Land Application/10-18-2024 - 241003.biosolids.chem.PACE.pdf,10-18-2024,letterhead-date,high,
241003.biosolids.pathogens.HML.pdf,05 - Biosolids & Land Application/10-31-2024 - 241003.biosolids.pathogens.HML.pdf,10-31-2024,issue-label:Date Completed,high,
25.05.22.AMR.Trace.pdf,06 - Lab Results & Sampling (general)/06-04-2025 - 25.05.22.AMR.Trace.pdf,06-04-2025,letterhead-date,high,
25.05.22.AMR.Trace.rev.pdf,06 - Lab Results & Sampling (general)/03-24-2026 - 25.05.22.AMR.Trace.rev.pdf,03-24-2026,letterhead-date,high,
250317.biosolids.chem.PACE.pdf,05 - Biosolids & Land Application/04-01-2025 - 250317.biosolids.chem.PACE.pdf,04-01-2025,letterhead-date,high,
250317.biosolids.pathogens.HML.pdf,05 - Biosolids & Land Application/04-17-2025 - 250317.biosolids.pathogens.HML.pdf,04-17-2025,letterhead-date,high,
26.01.07.Benzidine.BM.CN.Trace.rev.pdf,06 - Lab Results & Sampling (general)/03-19-2026 - 26.01.07.Benzidine.BM.CN.Trace.rev.pdf,03-19-2026,letterhead-date,high,
26.02.04.Benzidine.CN.Trace.rev.pdf,06 - Lab Results & Sampling (general)/02-27-2026 - 26.02.04.Benzidine.CN.Trace.rev.pdf,02-27-2026,letterhead-date,high,
26.03.04.Benzidine.CN.addlAMR.Trace.pdf,06 - Lab Results & Sampling (general)/03-13-2026 - 26.03.04.Benzidine.CN.addlAMR.Trace.pdf,03-13-2026,letterhead-date,high,
26.03.05.AMR.Trace.pdf,06 - Lab Results & Sampling (general)/03-23-2026 - 26.03.05.AMR.Trace.pdf,03-23-2026,letterhead-date,high,
26.04.08.BM.CN.Trace.pdf,06 - Lab Results & Sampling (general)/04-24-2026 - 26.04.08.BM.CN.Trace.pdf,04-24-2026,letterhead-date,high,
26.04.30.CN.Trace.pdf,06 - Lab Results & Sampling (general)/05-01-2026 - 26.04.30.CN.Trace.pdf,05-01-2026,letterhead-date,high,
26.05.04.CNtotal.Pace.pdf,06 - Lab Results & Sampling (general)/05-13-2026 - 26.05.04.CNtotal.Pace.pdf,05-13-2026,letterhead-date,high,
26.06.03.Benzidine.CN.Trace.pdf,06 - Lab Results & Sampling (general)/06-19-2026 - 26.06.03.Benzidine.CN.Trace.pdf,06-19-2026,letterhead-date,high,
26.06.10.multipleCN.Trace.pdf,06 - Lab Results & Sampling (general)/06-12-2026 - 26.06.10.multipleCN.Trace.pdf,06-12-2026,letterhead-date,high,
26.06.15.CN.Trace.pdf,06 - Lab Results & Sampling (general)/06-23-2026 - 26.06.15.CN.Trace.pdf,06-23-2026,letterhead-date,high,
26.06.18.CN.Trace.pdf,06 - Lab Results & Sampling (general)/06-23-2026 - 26.06.18.CN.Trace.pdf,06-23-2026,letterhead-date,high,
26.06.23.CN.Trace.pdf,06 - Lab Results & Sampling (general)/06-25-2026 - 26.06.23.CN.Trace.pdf,06-25-2026,letterhead-date,high,
26.06.30.CCI.CN.Trace.pdf,06 - Lab Results & Sampling (general)/07-02-2026 - 26.06.30.CCI.CN.Trace.pdf,07-02-2026,letterhead-date,high,
26.06.IPP.AddlPermitParameters.Pace.pdf,06 - Lab Results & Sampling (general)/06-24-2026 - 26.06.IPP.AddlPermitParameters.Pace.pdf,06-24-2026,letterhead-date,high,
26.07.08.Benzidine.CN.Trace (1).pdf,06 - Lab Results & Sampling (general)/07-16-2026 - 26.07.08.Benzidine.CN.Trace.pdf,07-16-2026,letterhead-date,high,
26.07.08.Benzidine.CN.Trace.pdf,06 - Lab Results & Sampling (general)/07-16-2026 - 26.07.08.Benzidine.CN.Trace (copy 2).pdf,07-16-2026,letterhead-date,high,"duplicate copy - kept both, suffixed"
2675a3c4-1fee-4dc9-8547-f35827bc307e.jpg,"14 - Maps, Photos & Imagery/2675a3c4-1fee-4dc9-8547-f35827bc307e.jpg",,none,none,
2A6-E7TC-JQKM1.pdf,11 - Form Submissions (online portal)/10-30-2015 - 2A6-E7TC-JQKM1.pdf,10-30-2015,issue-label:Date Submitted,high,
2D2-X9KF-HB6N V2.pdf,11 - Form Submissions (online portal)/02-04-2016 - 2D2-X9KF-HB6N V2.pdf,02-04-2016,issue-label:Date Submitted,high,
2KJ-C2SF-H1BF V1.pdf,11 - Form Submissions (online portal)/10-25-2016 - 2KJ-C2SF-H1BF V1.pdf,10-25-2016,first-date-on-page1,medium,
3-19 Sludge Data.pdf,05 - Biosolids & Land Application/03-01-2019 - 3-19 Sludge Data.pdf,03-01-2019,filename-M-YY,low,
4-19 Sludge Data.pdf,05 - Biosolids & Land Application/04-01-2019 - 4-19 Sludge Data.pdf,04-01-2019,filename-M-YY,low,
421579.pdf,12 - Wexford Landfill & Leachate/06-20-2006 - 421579.pdf,06-20-2006,transmittal-letter-date,medium,
43a6131a-b891-4af5-a780-aff550ddbb60.jpg,"14 - Maps, Photos & Imagery/43a6131a-b891-4af5-a780-aff550ddbb60.jpg",,none,none,
44483c69-8ff4-4e22-9c92-a86966c173e8.jpg,"14 - Maps, Photos & Imagery/44483c69-8ff4-4e22-9c92-a86966c173e8.jpg",,none,none,
50374521_frc.pdf,04 - PFAS Monitoring/06-27-2024 - frc.pdf,06-27-2024,letterhead-date,high,
50381719_frc.pdf,04 - PFAS Monitoring/09-30-2024 - frc.pdf,09-30-2024,letterhead-date,high,
56545 Analytical Methodology.pdf,07 - Inspections & Evaluations/56545 Analytical Methodology.pdf,,none,none,
56545 Facility Site Review.pdf,07 - Inspections & Evaluations/56545 Facility Site Review.pdf,,none,none,
56545 Pre-Inspection Report.pdf,07 - Inspections & Evaluations/09-30-2013 - 56545 Pre-Inspection Report.pdf,09-30-2013,transmittal-letter-date,medium,
56545 Sampling Procedures.pdf,07 - Inspections & Evaluations/56545 Sampling Procedures.pdf,,none,none,
56545 Self Monitoring Records.pdf,07 - Inspections & Evaluations/56545 Self Monitoring Records.pdf,,none,none,
58587c2f-4543-49a0-b40d-05a974269d96.jpg,"14 - Maps, Photos & Imagery/58587c2f-4543-49a0-b40d-05a974269d96.jpg",,none,none,
5b043a70-5b82-4dca-9946-29cc758f27f2.jpg,"14 - Maps, Photos & Imagery/5b043a70-5b82-4dca-9946-29cc758f27f2.jpg",,none,none,
5c17e09a-2627-44ea-b1de-7e3c7fd29ef8.jpg,"14 - Maps, Photos & Imagery/5c17e09a-2627-44ea-b1de-7e3c7fd29ef8.jpg",,none,none,
649de7fd-722f-43e5-a0d2-57461bf2c2f3.jpg,"14 - Maps, Photos & Imagery/649de7fd-722f-43e5-a0d2-57461bf2c2f3.jpg",,none,none,
69027f14-b768-4f7e-b32a-3a5904a4e0cb.jpg,"14 - Maps, Photos & Imagery/69027f14-b768-4f7e-b32a-3a5904a4e0cb.jpg",,none,none,
78e0992f-a961-4cbc-a911-6721ab5d549e (1).jpg,"14 - Maps, Photos & Imagery/78e0992f-a961-4cbc-a911-6721ab5d549e.jpg",,none,none,
78e0992f-a961-4cbc-a911-6721ab5d549e.jpg,"14 - Maps, Photos & Imagery/78e0992f-a961-4cbc-a911-6721ab5d549e (copy 2).jpg",,none,none,"duplicate copy - kept both, suffixed"
868ad094-f5e5-4c6b-b972-477290f929d7.jpg,"14 - Maps, Photos & Imagery/868ad094-f5e5-4c6b-b972-477290f929d7.jpg",,none,none,
89853015-b250-4751-92dc-f8afce7c7878.jpg,"14 - Maps, Photos & Imagery/89853015-b250-4751-92dc-f8afce7c7878.jpg",,none,none,
8b811440-4295-4db5-a695-0f0f2c246478.jpg,"14 - Maps, Photos & Imagery/8b811440-4295-4db5-a695-0f0f2c246478.jpg",,none,none,
9470d5b6-5a99-4b4e-8ec9-6945aa8ba4bc.jpg,"14 - Maps, Photos & Imagery/9470d5b6-5a99-4b4e-8ec9-6945aa8ba4bc.jpg",,none,none,
AREA-OVER-VIEW.png,"14 - Maps, Photos & Imagery/AREA-OVER-VIEW.png",,none,none,
Aff of Pub.pdf,03 - IPP (Industrial Pretreatment)/03-15-2022 - Aff of Pub.pdf,03-15-2022,letterhead-date,high,
Affidavit of Publication.pdf,03 - IPP (Industrial Pretreatment)/03-17-2021 - Affidavit of Publication.pdf,03-17-2021,letterhead-date,high,
American Waste PFAS Survey.pdf,04 - PFAS Monitoring/05-21-2018 - American Waste PFAS Survey.pdf,05-21-2018,letterhead-date,high,
Antibiotics_in_WWTP_discharge_into_the_Chaobai_Riv.pdf,19 - Research & Technical Literature/10-29-2016 - Antibiotics_in_WWTP_discharge_into_the_Chaobai_Riv.pdf,10-29-2016,most-frequent-in-doc,low,
Application_2Q7-HQ21-P66B V1 - names 1140 Plett RD.pdf,11 - Form Submissions (online portal)/04-03-2017 - Application_2Q7-HQ21-P66B V1 - names 1140 Plett RD.pdf,04-03-2017,issue-label:Date Submitted,high,
Application_2Q7-HQ21-P66B V1.pdf,11 - Form Submissions (online portal)/04-03-2017 - Application_2Q7-HQ21-P66B V1.pdf,04-03-2017,issue-label:Date Submitted,high,
Application_HPG-1ZSF-KC99G V2.pdf,11 - Form Submissions (online portal)/09-21-2022 - Application_HPG-1ZSF-KC99G V2.pdf,09-21-2022,portal-signature-date,high,
April 2026 DMR (1).pdf,01 - DMRs (Discharge Monitoring Reports)/04-30-2026 - April 2026 DMR.pdf,04-30-2026,DMR period end date,medium,
April 2026 DMR.pdf,01 - DMRs (Discharge Monitoring Reports)/04-30-2026 - April 2026 DMR (copy 2).pdf,04-30-2026,DMR period end date,medium,"duplicate copy - kept both, suffixed"
Attachment 1 - Cadillac WWTP Violations.pdf,08 - Compliance & Enforcement/03-01-2023 - Attachment 1 - Cadillac WWTP Violations.pdf,03-01-2023,first-date-on-page1,medium,
Basis for Decision Memo-DRAFT_Cadillac WWTP.pdf,09 - Correspondence & Letters/08-02-2018 - Basis for Decision Memo-DRAFT_Cadillac WWTP.pdf,08-02-2018,letterhead-date,high,
Biosoilids Lab&Hauling Data Fall 22.pdf,05 - Biosolids & Land Application/10-01-2022 - Biosoilids Lab&Hauling Data Fall 22.pdf,10-01-2022,filename-season (OCR unreliable),medium,
Biosoilids Lab&Hauling Sheet Spring 2024.pdf,05 - Biosolids & Land Application/04-01-2024 - Biosoilids Lab&Hauling Sheet Spring 2024.pdf,04-01-2024,filename-season (OCR unreliable),medium,
Bright Dental Health.pdf,03 - IPP (Industrial Pretreatment)/07-14-2017 - Bright Dental Health.pdf,07-14-2017,letterhead-date,high,
Brilliant Smiles Family Dentistry.pdf,03 - IPP (Industrial Pretreatment)/07-14-2017 - Brilliant Smiles Family Dentistry.pdf,07-14-2017,letterhead-date,high,
CADILLAC-SPILL-1.docx,12 - Wexford Landfill & Leachate/08-06-2026 - CADILLAC-SPILL-1.docx,08-06-2026,issue-label:Report date,high,
CBOD5 Results.pdf,06 - Lab Results & Sampling (general)/10-28-2014 - CBOD5 Results.pdf,10-28-2014,letterhead-date,high,
CCI NOV  June 2026.pdf,08 - Compliance & Enforcement/06-10-2026 - CCI NOV June 2026.pdf,06-10-2026,first-date-on-page1,medium,
Cadillac 2021 Land Ap Certification.pdf,05 - Biosolids & Land Application/10-01-2020 - Cadillac 2021 Land Ap Certification.pdf,10-01-2020,letterhead-date,high,
Cadillac 2022 Land Ap Certification.pdf,05 - Biosolids & Land Application/10-01-2021 - Cadillac 2022 Land Ap Certification.pdf,10-01-2021,letterhead-date,high,
Cadillac 2023 Certification.pdf,05 - Biosolids & Land Application/10-01-2022 - Cadillac 2023 Certification.pdf,10-01-2022,letterhead-date,high,
Cadillac Draft Permit for Issue.pdf,02 - NPDES Permits & Permit Issuance/03-22-2012 - Cadillac Draft Permit for Issue.pdf,03-22-2012,letterhead-date,high,
Cadillac Dry Tons 2021.pdf,05 - Biosolids & Land Application/05-04-2021 - Cadillac Dry Tons 2021.pdf,05-04-2021,first-date-on-page1,medium,
Cadillac Haul Summary.pdf,05 - Biosolids & Land Application/11-29-2021 - Cadillac Haul Summary.pdf,11-29-2021,first-date-on-page1,medium,
Cadillac Mod Basis for Decision Memo.pdf,09 - Correspondence & Letters/07-08-2015 - Cadillac Mod Basis for Decision Memo.pdf,07-08-2015,letterhead-date,high,
Cadillac Mod Public Notice Document.pdf,02 - NPDES Permits & Permit Issuance/10-05-2015 - Cadillac Mod Public Notice Document.pdf,10-05-2015,letterhead-date,high,
Cadillac News Affidavit of Publication 03-19-2025.pdf,03 - IPP (Industrial Pretreatment)/03-19-2025 - Cadillac News Affidavit of Publication 03-19-2025.pdf,03-19-2025,letterhead-date,high,
Cadillac WWTP 2025 Below 20 Letter Interim Strategy.pdf,05 - Biosolids & Land Application/04-30-2025 - Cadillac WWTP 2025 Below 20 Letter Interim Strategy.pdf,04-30-2025,letterhead-date,high,
Cadillac WWTP 2nd PFAS-IPP Mailing.pdf,04 - PFAS Monitoring/04-18-2018 - Cadillac WWTP 2nd PFAS-IPP Mailing.pdf,04-18-2018,letterhead-date,high,
Cadillac WWTP BOD (2).pdf,06 - Lab Results & Sampling (general)/02-03-2011 - Cadillac WWTP BOD.pdf,02-03-2011,letterhead-date,high,
Cadillac WWTP BOD.pdf,21 - Invoices & Billing/02-03-2011 - Cadillac WWTP BOD.pdf,02-03-2011,issue-label:Invoice Date,high,
Cadillac WWTP IPP - Civil and criminal penalties.pdf,03 - IPP (Industrial Pretreatment)/05-27-2026 - Cadillac WWTP IPP - Civil and criminal penalties.pdf,05-27-2026,email-sent-date (newest in chain),high,
Cadillac WWTP IPP 2011.pdf,03 - IPP (Industrial Pretreatment)/01-01-2011 - Cadillac WWTP IPP 2011.pdf,01-01-2011,issue-label:Issued Date,high,
Cadillac WWTP MAHL 2026 vers 2 comments 5-13-26_COPY.pdf,03 - IPP (Industrial Pretreatment)/05-13-2026 - Cadillac WWTP MAHL 2026 vers 2 comments 5-13-26_COPY.pdf,05-13-2026,letterhead-date,high,
Cadillac WWTP MI0020257 IPP PFAS Dec 2019 Status.pdf,04 - PFAS Monitoring/12-03-2019 - Cadillac WWTP MI0020257 IPP PFAS Dec 2019 Status.pdf,12-03-2019,letterhead-date,high,
Cadillac WWTP PFAS Interim and Summary Rpt Approval Letter.pdf,04 - PFAS Monitoring/03-04-2019 - Cadillac WWTP PFAS Interim and Summary Rpt Approval Letter.pdf,03-04-2019,letterhead-date,high,
Cadillac WWTP PFAS Letter.pdf,04 - PFAS Monitoring/03-04-2019 - Cadillac WWTP PFAS Letter.pdf,03-04-2019,letterhead-date,high,
Cadillac WWTP SIU Information.pdf,03 - IPP (Industrial Pretreatment)/Cadillac WWTP SIU Information.pdf,,none,none,
Cadillac WWTP Septage Information.pdf,05 - Biosolids & Land Application/10-28-2014 - Cadillac WWTP Septage Information.pdf,10-28-2014,transmittal-letter-date,medium,
Cadillac WWTP_PFAS Extension Approval FINAL.pdf,04 - PFAS Monitoring/05-24-2018 - Cadillac WWTP_PFAS Extension Approval FINAL.pdf,05-24-2018,letterhead-date,high,
Cadillac preops_11-21-21.pdf,05 - Biosolids & Land Application/11-24-2021 - Cadillac preops_11-21-21.pdf,11-24-2021,date-label:Date:,medium,
Cadillac_Cyanide_Reporter_One_Page_Brief.pdf,08 - Compliance & Enforcement/05-21-2026 - Cadillac_Cyanide_Reporter_One_Page_Brief.pdf,05-21-2026,issue-label:issued,high,
Cadillac_WWTP_PFAS_timeseries.csv,04 - PFAS Monitoring/10-22-2025 - Cadillac_WWTP_PFAS_timeseries.csv,10-22-2025,latest-date-in-index,medium,
Cadillac_WWTP_Septage_Information_Compatibility.pdf,05 - Biosolids & Land Application/10-28-2011 - Cadillac_WWTP_Septage_Information_Compatibility.pdf,10-28-2011,transmittal-letter-date,medium,
Cadillac_WWTP_TruthFirst_Final_Report.md,08 - Compliance & Enforcement/08-06-2026 - Cadillac_WWTP_TruthFirst_Final_Report.md,08-06-2026,issue-label:Report date,high,
Certified Operator Response Form.pdf,10 - Process & Site Documents/Certified Operator Response Form.pdf,,none,none,
City of Cadillac CEI Response.pdf,01 - DMRs (Discharge Monitoring Reports)/09-04-2025 - City of Cadillac CEI Response.pdf,09-04-2025,letterhead-date,high,
Class B Pathogen Reduction and Site Res..pdf,05 - Biosolids & Land Application/10-02-2017 - Class B Pathogen Reduction and Site Res.pdf,10-02-2017,most-frequent-in-doc,low,
Compliance Communication.pdf,01 - DMRs (Discharge Monitoring Reports)/08-19-2025 - Compliance Communication.pdf,08-19-2025,letterhead-date,high,
Compliance Communication2.pdf,01 - DMRs (Discharge Monitoring Reports)/08-19-2025 - Compliance Communication2.pdf,08-19-2025,letterhead-date,high,
Compliance_File_Pages_001-012_searchable.pdf,08 - Compliance & Enforcement/01-18-2018 - Compliance_File_Pages_001-012_searchable.pdf,01-18-2018,letterhead-date,high,
Compliance_File_Pages_025-040_searchable.pdf,08 - Compliance & Enforcement/06-26-2015 - Compliance_File_Pages_025-040_searchable.pdf,06-26-2015,letterhead-date,high,
Compliance_File_Pages_041-048_searchable.pdf,08 - Compliance & Enforcement/12-17-2014 - Compliance_File_Pages_041-048_searchable.pdf,12-17-2014,email-sent-date (newest in chain),high,
DMR Daily - GW1010342 _10_01_2016_to_10_31_2016_V1.pdf,12 - Wexford Landfill & Leachate/10-31-2016 - DMR Daily - GW1010342 _10_01_2016_to_10_31_2016_V1 (copy 2).pdf,10-31-2016,DMR period end date,medium,"duplicate copy - kept both, suffixed"
DMR Daily - GW1010342 _11_01_2016_to_11_30_2016_V1.pdf,12 - Wexford Landfill & Leachate/11-30-2016 - DMR Daily - GW1010342 _11_01_2016_to_11_30_2016_V1 (copy 2).pdf,11-30-2016,DMR period end date,medium,"duplicate copy - kept both, suffixed"
DMR Daily - GW1010342 _12_01_2016_to_12_31_2016_V1.pdf,12 - Wexford Landfill & Leachate/12-31-2016 - DMR Daily - GW1010342 _12_01_2016_to_12_31_2016_V1 (copy 2).pdf,12-31-2016,DMR period end date,medium,"duplicate copy - kept both, suffixed"
DMR Daily - MI0020257 _01_01_2016_to_01_31_2016_V1.pdf,01 - DMRs (Discharge Monitoring Reports)/01-31-2016 - DMR Daily - MI0020257 _01_01_2016_to_01_31_2016_V1.pdf,01-31-2016,DMR period end date,medium,
DMR Summary - GW1010342 _10_01_2016_to_10_31_2016_V1.pdf,12 - Wexford Landfill & Leachate/10-31-2016 - DMR Summary - GW1010342 _10_01_2016_to_10_31_2016_V1 (copy 2).pdf,10-31-2016,DMR period end date,medium,"duplicate copy - kept both, suffixed"
DMR Summary - GW1010342 _11_01_2016_to_11_30_2016_V1.pdf,12 - Wexford Landfill & Leachate/11-30-2016 - DMR Summary - GW1010342 _11_01_2016_to_11_30_2016_V1 (copy 2).pdf,11-30-2016,DMR period end date,medium,"duplicate copy - kept both, suffixed"
DMR Summary - GW1010342 _12_01_2016_to_12_31_2016_V1.pdf,12 - Wexford Landfill & Leachate/12-31-2016 - DMR Summary - GW1010342 _12_01_2016_to_12_31_2016_V1 (copy 2).pdf,12-31-2016,DMR period end date,medium,"duplicate copy - kept both, suffixed"
Degester Temps.pdf,05 - Biosolids & Land Application/Degester Temps.pdf,,none,none,
Digester Temps..pdf,05 - Biosolids & Land Application/Digester Temps.pdf,,none,none,
Digester Temps.pdf,05 - Biosolids & Land Application/01-01-2020 - Digester Temps.pdf,01-01-2020,year-label-in-doc,low,
DioxaneReport_Yr1Final-20160127.pdf,19 - Research & Technical Literature/01-27-2016 - DioxaneReport_Yr1Final-20160127.pdf,01-27-2016,filename-date,medium,
EGLE FILE Violation Notice - VN No_ VN-019184.msg,08 - Compliance & Enforcement/06-10-2026 - EGLE FILE Violation Notice - VN No_ VN-019184.msg,06-10-2026,msg-sent-date,medium,
EGLE WRD Correspondence_  SVN-01952_Cadillac WWTP_COPY.msg,08 - Compliance & Enforcement/05-22-2026 - EGLE WRD Correspondence_ SVN-01952_Cadillac WWTP_COPY.msg,05-22-2026,msg-sent-date,medium,
EGLE WRD Correspondence_  SVN-01952_Cadillac WWTP_COPY.pdf,08 - Compliance & Enforcement/05-22-2026 - EGLE WRD Correspondence_ SVN-01952_Cadillac WWTP_COPY.pdf,05-22-2026,email-sent-date (newest in chain),high,
EGLE-COMPARISON-09102025_22.9.pdf,04 - PFAS Monitoring/09-10-2025 - EGLE-COMPARISON-09102025_22.9.pdf,09-10-2025,filename+confirmed-in-doc,high,
EGLE.violation background.pdf,08 - Compliance & Enforcement/08-07-2026 - EGLE.violation background.pdf,08-07-2026,email-sent-date (newest in chain),high,
EGLE_Wexford_County_Landfill_Full_Export - Copy.xlsx,00 - Reference Data (CSV exports)/01-30-2027 - EGLE_Wexford_County_Landfill_Full_Export - Copy.xlsx,01-30-2027,latest-date-in-index,medium,
EGLE_Wexford_County_Landfill_Full_Export.xlsx,00 - Reference Data (CSV exports)/01-30-2027 - EGLE_Wexford_County_Landfill_Full_Export.xlsx,01-30-2027,latest-date-in-index,medium,
Environmental_Data_Review_1140_Plett_Rd_Master_Workbook.xlsx,"13 - Groundwater, Wells & Plett Rd/04-22-2026 - Environmental_Data_Review_1140_Plett_Rd_Master_Workbook.xlsx",04-22-2026,latest-date-in-index,medium,
Example-CPLR Site Notification Ltr - RH01.pdf,05 - Biosolids & Land Application/07-20-1993 - Example-CPLR Site Notification Ltr - RH01.pdf,07-20-1993,letterhead-date,high,
Executive-Agenda-Packet-10-13-20.pdf,18 - Meeting Minutes & Public Body Records/10-13-2020 - Executive-Agenda-Packet-10-13-20.pdf,10-13-2020,letterhead-date,high,
FW_ TestAmerica invoice and report files from 190-17646-1 City of Cadillac (1).pdf,06 - Lab Results & Sampling (general)/10-29-2018 - FW_ TestAmerica invoice and report files from 190-17646-1 City of Cadillac.pdf,10-29-2018,email-sent-date (newest in chain),high,
FW_ TestAmerica invoice and report files from 190-17646-1 City of Cadillac (2).pdf,06 - Lab Results & Sampling (general)/10-29-2018 - FW_ TestAmerica invoice and report files from 190-17646-1 City of Cadillac (2).pdf,10-29-2018,email-sent-date (newest in chain),high,"name clash - kept both, suffixed"
FW_ TestAmerica invoice and report files from 190-17646-1 City of Cadillac.pdf,06 - Lab Results & Sampling (general)/10-29-2018 - FW_ TestAmerica invoice and report files from 190-17646-1 City of Cadillac (3).pdf,10-29-2018,email-sent-date (newest in chain),high,"name clash - kept both, suffixed"
FY18 Applier Certification - Revised.pdf,05 - Biosolids & Land Application/01-01-2018 - FY18 Applier Certification - Revised.pdf,01-01-2018,filename-fiscal-year,low,
FY18 Applier Certification-Revised 2-signed.pdf,05 - Biosolids & Land Application/01-01-2018 - FY18 Applier Certification-Revised 2-signed.pdf,01-01-2018,filename-fiscal-year,low,
FY18 Pathogen Results-Spring.pdf,05 - Biosolids & Land Application/05-09-2018 - FY18 Pathogen Results-Spring.pdf,05-09-2018,letterhead-date,high,
FY19 Biosolids Lab Data sheet-Oct.pdf,05 - Biosolids & Land Application/01-01-2019 - FY19 Biosolids Lab Data sheet-Oct.pdf,01-01-2019,filename-fiscal-year (OCR unreliable),medium,
FY19 Biosolids Lab data Sheet-June.pdf,05 - Biosolids & Land Application/01-01-2019 - FY19 Biosolids Lab data Sheet-June.pdf,01-01-2019,filename-fiscal-year (OCR unreliable),medium,
FY19 Pathogen Results-Spring.pdf,05 - Biosolids & Land Application/05-13-2019 - FY19 Pathogen Results-Spring.pdf,05-13-2019,letterhead-date,high,
FY19 Pathogen results-Fall.pdf,05 - Biosolids & Land Application/10-29-2018 - FY19 Pathogen results-Fall.pdf,10-29-2018,letterhead-date,high,
FY20 Applier Certification- VAR.pdf,05 - Biosolids & Land Application/01-01-2020 - FY20 Applier Certification- VAR.pdf,01-01-2020,filename-fiscal-year,low,
FY20 Applier Certification-Class B Pathogen Reduction and Site Restrictions.pdf,05 - Biosolids & Land Application/01-01-2020 - FY20 Applier Certification-Class B Pathogen Reduction and Site Restrictions.pdf,01-01-2020,filename-fiscal-year,low,
FY20 Applier Certification-Management Practices.pdf,05 - Biosolids & Land Application/01-01-2020 - FY20 Applier Certification-Management Practices.pdf,01-01-2020,filename-fiscal-year,low,
FY20 Biosolids Lab data sheet-Nov.pdf,05 - Biosolids & Land Application/01-23-2020 - FY20 Biosolids Lab data sheet-Nov.pdf,01-23-2020,OCR month/day + filename year,low,
FY20 Digestor Sludge Temps-Fall 2019.pdf,05 - Biosolids & Land Application/10-01-2019 - FY20 Digestor Sludge Temps-Fall 2019.pdf,10-01-2019,year-label-in-doc,low,
FY20 Digestor Sludge Temps-Spring 2020.pdf,05 - Biosolids & Land Application/04-01-2020 - FY20 Digestor Sludge Temps-Spring 2020.pdf,04-01-2020,filename-season,low,
FY20 Lab Log-Solids and DTs-Fall 2019.pdf,05 - Biosolids & Land Application/10-01-2019 - FY20 Lab Log-Solids and DTs-Fall 2019.pdf,10-01-2019,filename-season (OCR unreliable),medium,
FY20 Lab Log-Solids and DTs-Spring 2020.pdf,05 - Biosolids & Land Application/04-01-2020 - FY20 Lab Log-Solids and DTs-Spring 2020.pdf,04-01-2020,filename-season (OCR unreliable),medium,
FY20 Land Appl Site Listing-Dry Tonnage Info.pdf,05 - Biosolids & Land Application/11-19-2019 - FY20 Land Appl Site Listing-Dry Tonnage Info.pdf,11-19-2019,first-date-on-page1,medium,
FY20 Land Appl Sites Listed-Info.pdf,05 - Biosolids & Land Application/01-01-2020 - FY20 Land Appl Sites Listed-Info.pdf,01-01-2020,filename-fiscal-year,low,
FY20 Metals Worksheets.pdf,05 - Biosolids & Land Application/01-01-2020 - FY20 Metals Worksheets.pdf,01-01-2020,year-label-in-doc,low,
FY20 Metals-Nutrient Results-Sept 2019.pdf,06 - Lab Results & Sampling (general)/10-09-2019 - FY20 Metals-Nutrient Results-Sept 2019.pdf,10-09-2019,letterhead-date,high,
FY20 Metals-Nutrient-VOC Results-March 2020.pdf,06 - Lab Results & Sampling (general)/04-15-2020 - FY20 Metals-Nutrient-VOC Results-March 2020.pdf,04-15-2020,letterhead-date,high,
FY20 Pathogen Results-Mar 2020.pdf,05 - Biosolids & Land Application/04-30-2020 - FY20 Pathogen Results-Mar 2020.pdf,04-30-2020,letterhead-date,high,
FY20 Pathogen Results-Sept 2019.pdf,05 - Biosolids & Land Application/11-13-2019 - FY20 Pathogen Results-Sept 2019.pdf,11-13-2019,letterhead-date,high,
FY20 Pathogen results-Fall.pdf,05 - Biosolids & Land Application/11-13-2019 - FY20 Pathogen results-Fall.pdf,11-13-2019,letterhead-date,high,
FY20 RMP Mod Approval Letter.pdf,05 - Biosolids & Land Application/04-29-2020 - FY20 RMP Mod Approval Letter.pdf,04-29-2020,letterhead-date,high,
Fact Sheet-DRAFT_Cadillac WWTP.pdf,02 - NPDES Permits & Permit Issuance/06-01-2013 - Fact Sheet-DRAFT_Cadillac WWTP.pdf,06-01-2013,month-year-in-doc,low,
Fall 20 biosolids.HML.pdf,05 - Biosolids & Land Application/10-08-2020 - Fall 20 biosolids.HML.pdf,10-08-2020,letterhead-date,high,
Fall 20biosolids.PACE.pdf,05 - Biosolids & Land Application/09-10-2020 - Fall 20biosolids.PACE.pdf,09-10-2020,letterhead-date,high,
Fall 21 Lab Data.pdf,05 - Biosolids & Land Application/10-01-2021 - Fall 21 Lab Data.pdf,10-01-2021,filename-season (OCR unreliable),medium,
Fecal Coliform Results.pdf,06 - Lab Results & Sampling (general)/10-17-2014 - Fecal Coliform Results.pdf,10-17-2014,letterhead-date,high,
Fig 1 - Site Location.pdf,12 - Wexford Landfill & Leachate/03-16-2016 - Fig 1 - Site Location (copy 2).pdf,03-16-2016,identical-copy-of: 2016-03-16__6073389934025205219__Fig 1 - Site Location.pdf,high,"duplicate copy - kept both, suffixed"
Fig 2 - Site Plan.pdf,12 - Wexford Landfill & Leachate/07-18-2012 - Fig 2 - Site Plan (copy 2).pdf,07-18-2012,letterhead-date,high,"duplicate copy - kept both, suffixed"
Fig 3 - Reg Water Well Location.pdf,12 - Wexford Landfill & Leachate/03-14-2012 - Fig 3 - Reg Water Well Location (copy 2).pdf,03-14-2012,first-date-on-page1,medium,"duplicate copy - kept both, suffixed"
Fig 4 - Wetland Location.pdf,12 - Wexford Landfill & Leachate/03-16-2016 - Fig 4 - Wetland Location (copy 2).pdf,03-16-2016,identical-copy-of: 2016-03-16__4187907776021566409__Fig 4 - Wetland Location.pd,high,"duplicate copy - kept both, suffixed"
Fig 5 - North Topo.pdf,12 - Wexford Landfill & Leachate/03-16-2016 - Fig 5 - North Topo (copy 2).pdf,03-16-2016,identical-copy-of: 2016-03-16__-2296258207315679752__Fig 5 - North Topo.pdf,high,"duplicate copy - kept both, suffixed"
Fig 6 - South Topo.pdf,12 - Wexford Landfill & Leachate/03-08-2011 - Fig 6 - South Topo (copy 2).pdf,03-08-2011,letterhead-date,high,"duplicate copy - kept both, suffixed"
Flow Rate - Days.pdf,12 - Wexford Landfill & Leachate/03-16-2016 - Flow Rate - Days (copy 2).pdf,03-16-2016,identical-copy-of: 2016-03-16__-1024976884723014956__Flow Rate - Days.pdf,high,"duplicate copy - kept both, suffixed"
Follow-Up-Nov-4-2021Read Receipt for VN-012230.pdf,08 - Compliance & Enforcement/11-04-2021 - Follow-Up-Nov-4-2021Read Receipt for VN-012230.pdf,11-04-2021,email-sent-date (newest in chain),high,
GW Public Notice Document.pdf,02 - NPDES Permits & Permit Issuance/07-15-2016 - GW Public Notice Document (copy 2).pdf,07-15-2016,letterhead-date,high,"duplicate copy - kept both, suffixed"
Generators Cert.pdf,05 - Biosolids & Land Application/Generators Cert.pdf,,none,none,
HAVS PFAS Survey.pdf,04 - PFAS Monitoring/06-08-2018 - HAVS PFAS Survey.pdf,06-08-2018,first-date-on-page1,medium,
HML Fall Biosolids.pdf,05 - Biosolids & Land Application/10-01-2021 - HML Fall Biosolids.pdf,10-01-2021,letterhead-date,high,
HML Spring.pdf,06 - Lab Results & Sampling (general)/03-04-2021 - HML Spring.pdf,03-04-2021,first-date-on-page1,medium,
HN8-AEB3-S8NKF V1.pdf,11 - Form Submissions (online portal)/10-13-2017 - HN8-AEB3-S8NKF V1.pdf,10-13-2017,issue-label:Date Submitted,high,
HNB-J69X-W1FHA V1.pdf,11 - Form Submissions (online portal)/03-28-2018 - HNB-J69X-W1FHA V1.pdf,03-28-2018,portal-signature-date,high,
HNF-P7H3-DCN87 V1.pdf,11 - Form Submissions (online portal)/07-30-2018 - HNF-P7H3-DCN87 V1.pdf,07-30-2018,portal-signature-date,high,
HNH-M790-67ZPK V1.pdf,11 - Form Submissions (online portal)/10-29-2018 - HNH-M790-67ZPK V1.pdf,10-29-2018,portal-signature-date,high,
HNH-YJTD-MY6A8 V1.pdf,11 - Form Submissions (online portal)/10-30-2018 - HNH-YJTD-MY6A8 V1.pdf,10-30-2018,portal-signature-date,high,
HNJ-P0ZX-8AVDS V1.pdf,11 - Form Submissions (online portal)/11-29-2018 - HNJ-P0ZX-8AVDS V1.pdf,11-29-2018,portal-signature-date,high,
HNJ-P0ZX-8AVDS_Compatibility.pdf,11 - Form Submissions (online portal)/11-29-2018 - HNJ-P0ZX-8AVDS_Compatibility.pdf,11-29-2018,issue-label:Date Submitted,high,
HNJ-P0ZX-8AVDS_V1.pdf,11 - Form Submissions (online portal)/11-29-2018 - HNJ-P0ZX-8AVDS_V1.pdf,11-29-2018,portal-signature-date,high,
HNN-0QFE-AG22Q V1.pdf,11 - Form Submissions (online portal)/03-20-2019 - HNN-0QFE-AG22Q V1.pdf,03-20-2019,portal-signature-date,high,
HNQ-VZP8-TWNRX V1.pdf,11 - Form Submissions (online portal)/06-28-2019 - HNQ-VZP8-TWNRX V1.pdf,06-28-2019,portal-signature-date,high,
HNQ-VZP8-TWNRX_Compatibility.pdf,11 - Form Submissions (online portal)/06-04-2019 - HNQ-VZP8-TWNRX_Compatibility.pdf,06-04-2019,date-label:Date:,medium,
HNT-5SPH-XVKKZ V1.pdf,11 - Form Submissions (online portal)/10-28-2019 - HNT-5SPH-XVKKZ V1.pdf,10-28-2019,portal-signature-date,high,
HNT-5SPH-XVKKZ V2.pdf,11 - Form Submissions (online portal)/01-28-2021 - HNT-5SPH-XVKKZ V2.pdf,01-28-2021,portal-signature-date,high,
HNV-XK97-EV0GR V1.pdf,11 - Form Submissions (online portal)/12-18-2019 - HNV-XK97-EV0GR V1.pdf,12-18-2019,portal-signature-date,high,
HNX-E8Q7-TQ4BF V1.pdf,11 - Form Submissions (online portal)/02-11-2020 - HNX-E8Q7-TQ4BF V1.pdf,02-11-2020,portal-signature-date,high,
HNY-0A3C-HVRY7 V1.pdf,11 - Form Submissions (online portal)/03-24-2020 - HNY-0A3C-HVRY7 V1.pdf,03-24-2020,portal-signature-date,high,
HP1-NF8B-MDEG6 V1.pdf,11 - Form Submissions (online portal)/07-31-2020 - HP1-NF8B-MDEG6 V1.pdf,07-31-2020,portal-signature-date,high,
HP3-HWDR-V8Y73 V1.pdf,11 - Form Submissions (online portal)/10-30-2020 - HP3-HWDR-V8Y73 V1.pdf,10-30-2020,portal-signature-date,high,
HP5-16EW-CW2T4 V1.pdf,11 - Form Submissions (online portal)/12-15-2020 - HP5-16EW-CW2T4 V1.pdf,12-15-2020,portal-signature-date,high,
HP5-16GH-VNKPV V1.pdf,11 - Form Submissions (online portal)/12-15-2020 - HP5-16GH-VNKPV V1.pdf,12-15-2020,portal-signature-date,high,
HP6-YDST-46BJ3 V1.pdf,11 - Form Submissions (online portal)/03-26-2021 - HP6-YDST-46BJ3 V1.pdf,03-26-2021,portal-signature-date,high,
HPB-KP8T-GKSNS V1.pdf,11 - Form Submissions (online portal)/09-09-2021 - HPB-KP8T-GKSNS V1.pdf,09-09-2021,portal-signature-date,high,
HPC-F6W0-X1G7P V1.pdf,11 - Form Submissions (online portal)/10-14-2021 - HPC-F6W0-X1G7P V1.pdf,10-14-2021,portal-signature-date,high,
HPC-K20Z-68T3J V1.pdf,11 - Form Submissions (online portal)/10-28-2021 - HPC-K20Z-68T3J V1.pdf,10-28-2021,portal-signature-date,high,
HPC-K20Z-68T3J V2.pdf,11 - Form Submissions (online portal)/06-23-2022 - HPC-K20Z-68T3J V2.pdf,06-23-2022,portal-signature-date,high,
HPC-RJ1M-FCGM7 V1.pdf,11 - Form Submissions (online portal)/10-26-2021 - HPC-RJ1M-FCGM7 V1.pdf,10-26-2021,portal-signature-date,high,
HPC-RJ1M-FCGM7 V2.pdf,11 - Form Submissions (online portal)/12-02-2021 - HPC-RJ1M-FCGM7 V2.pdf,12-02-2021,portal-signature-date,high,
HPD-MWSX-Y48BC V1.pdf,11 - Form Submissions (online portal)/12-01-2021 - HPD-MWSX-Y48BC V1.pdf,12-01-2021,portal-signature-date,high,
HPD-MWSX-Y48BC V2.pdf,11 - Form Submissions (online portal)/12-02-2021 - HPD-MWSX-Y48BC V2.pdf,12-02-2021,portal-signature-date,high,
HPG-1ZNB-Y56ZQ V1.pdf,11 - Form Submissions (online portal)/03-24-2022 - HPG-1ZNB-Y56ZQ V1.pdf,03-24-2022,portal-signature-date,high,
HPG-1ZNB-Y56ZQ v2.pdf,11 - Form Submissions (online portal)/01-26-2023 - HPG-1ZNB-Y56ZQ v2.pdf,01-26-2023,portal-signature-date,high,
HPG-1ZNB-Y56ZQ v3.pdf,11 - Form Submissions (online portal)/04-20-2023 - HPG-1ZNB-Y56ZQ v3.pdf,04-20-2023,portal-signature-date,high,
HPG-CXVZ-DDE1A V1.pdf,11 - Form Submissions (online portal)/03-23-2022 - HPG-CXVZ-DDE1A V1.pdf,03-23-2022,issue-label:Report                ,high,
HPJ-N5BJ-2CYH5 V1.pdf,11 - Form Submissions (online portal)/06-23-2022 - HPJ-N5BJ-2CYH5 V1.pdf,06-23-2022,portal-signature-date,high,
HPN-5DCS-H4WTR V1.pdf,11 - Form Submissions (online portal)/10-28-2022 - HPN-5DCS-H4WTR V1.pdf,10-28-2022,portal-signature-date,high,
HPN-5DCS-H4WTR v2.pdf,11 - Form Submissions (online portal)/01-26-2023 - HPN-5DCS-H4WTR v2.pdf,01-26-2023,portal-signature-date,high,
HPP-2914-8S45C V1.pdf,11 - Form Submissions (online portal)/11-09-2022 - HPP-2914-8S45C V1.pdf,11-09-2022,portal-signature-date,high,
HPR-V2MX-EVFMF v1.pdf,11 - Form Submissions (online portal)/03-02-2023 - HPR-V2MX-EVFMF v1.pdf,03-02-2023,portal-signature-date,high,
HPS-A3KN-2FH30 v1.pdf,11 - Form Submissions (online portal)/04-10-2023 - HPS-A3KN-2FH30 v1.pdf,04-10-2023,portal-signature-date,high,
HPS-A3KN-2FH30 v2.pdf,11 - Form Submissions (online portal)/03-14-2024 - HPS-A3KN-2FH30 v2.pdf,03-14-2024,portal-signature-date,high,
HPS-A3KN-2FH30 v3.pdf,11 - Form Submissions (online portal)/06-14-2024 - HPS-A3KN-2FH30 v3.pdf,06-14-2024,portal-signature-date,high,
HPS-NR5G-MY95T v2.pdf,11 - Form Submissions (online portal)/07-18-2023 - HPS-NR5G-MY95T v2.pdf,07-18-2023,portal-signature-date,high,
HPV-1RCJ-X06GE v1.pdf,11 - Form Submissions (online portal)/05-31-2023 - HPV-1RCJ-X06GE v1.pdf,05-31-2023,portal-signature-date,high,
HPY-PZSD-5P4KK v1.pdf,11 - Form Submissions (online portal)/10-30-2023 - HPY-PZSD-5P4KK v1.pdf,10-30-2023,portal-signature-date,high,
HQ0-715X-88YTN v1.pdf,11 - Form Submissions (online portal)/12-27-2023 - HQ0-715X-88YTN v1.pdf,12-27-2023,portal-signature-date,high,
HQ1-1PD1-TAM4K v1.pdf,11 - Form Submissions (online portal)/02-28-2024 - HQ1-1PD1-TAM4K v1.pdf,02-28-2024,portal-signature-date,high,
HQ2-3J17-F59S4 v1.pdf,11 - Form Submissions (online portal)/03-14-2024 - HQ2-3J17-F59S4 v1.pdf,03-14-2024,portal-signature-date,high,
HQ2-3J17-F59S4 v2.pdf,11 - Form Submissions (online portal)/06-14-2024 - HQ2-3J17-F59S4 v2.pdf,06-14-2024,portal-signature-date,high,
HQ4-SQ4J-259F6 v1.pdf,11 - Form Submissions (online portal)/07-01-2024 - HQ4-SQ4J-259F6 v1.pdf,07-01-2024,portal-signature-date,high,
HQ4-SQ4J-259F6 v2.pdf,11 - Form Submissions (online portal)/07-02-2024 - HQ4-SQ4J-259F6 v2.pdf,07-02-2024,portal-signature-date,high,
HQ4-SQ4J-259F6 v3.pdf,11 - Form Submissions (online portal)/07-10-2024 - HQ4-SQ4J-259F6 v3.pdf,07-10-2024,portal-signature-date,high,
HQ6-MRKV-Q3MJJ v1.pdf,11 - Form Submissions (online portal)/09-14-2024 - HQ6-MRKV-Q3MJJ v1.pdf,09-14-2024,portal-signature-date,high,
HQ6-MRKV-Q3MJJ_v2.pdf,11 - Form Submissions (online portal)/03-25-2026 - HQ6-MRKV-Q3MJJ_v2.pdf,03-25-2026,portal-signature-date,high,
HQ7-24YS-A06A1 v1.pdf,11 - Form Submissions (online portal)/10-01-2024 - HQ7-24YS-A06A1 v1.pdf,10-01-2024,portal-signature-date,high,
HQ7-KAAW-2S9Y5 v1.pdf,11 - Form Submissions (online portal)/10-30-2024 - HQ7-KAAW-2S9Y5 v1.pdf,10-30-2024,portal-signature-date,high,
HQA-1Y8Z-BBRZS_v1.pdf,11 - Form Submissions (online portal)/01-31-2025 - HQA-1Y8Z-BBRZS_v1.pdf,01-31-2025,portal-signature-date,high,
HQB-6T2F-9M76H_v1 (1).pdf,11 - Form Submissions (online portal)/03-19-2025 - HQB-6T2F-9M76H_v1.pdf,03-19-2025,portal-signature-date,high,
HQB-6T2F-9M76H_v1.pdf,11 - Form Submissions (online portal)/03-19-2025 - HQB-6T2F-9M76H_v1 (2).pdf,03-19-2025,portal-signature-date,high,"name clash - kept both, suffixed"
HQB-BNKM-1SC3Q_v1.pdf,11 - Form Submissions (online portal)/03-27-2025 - HQB-BNKM-1SC3Q_v1.pdf,03-27-2025,portal-signature-date,high,
HQB-BNKM-1SC3Q_v2.pdf,11 - Form Submissions (online portal)/05-08-2025 - HQB-BNKM-1SC3Q_v2.pdf,05-08-2025,portal-signature-date,high,
HQD-8ZEE-2KJD5_v1.pdf,11 - Form Submissions (online portal)/06-11-2025 - HQD-8ZEE-2KJD5_v1.pdf,06-11-2025,portal-signature-date,high,
HQD-8ZEE-2KJD5_v2.pdf,11 - Form Submissions (online portal)/03-25-2026 - HQD-8ZEE-2KJD5_v2.pdf,03-25-2026,portal-signature-date,high,
HQD-91C4-TNX99_v1.pdf,11 - Form Submissions (online portal)/06-11-2025 - HQD-91C4-TNX99_v1.pdf,06-11-2025,portal-signature-date,high,
HQE-GX1V-TH10E_v1.pdf,11 - Form Submissions (online portal)/08-01-2025 - HQE-GX1V-TH10E_v1.pdf,08-01-2025,portal-signature-date,high,
HQG-GKRH-8B37J_v1.pdf,11 - Form Submissions (online portal)/10-21-2025 - HQG-GKRH-8B37J_v1.pdf,10-21-2025,portal-signature-date,high,
HQG-GKRH-8B37J_v2.pdf,11 - Form Submissions (online portal)/10-24-2025 - HQG-GKRH-8B37J_v2.pdf,10-24-2025,portal-signature-date,high,
HQG-GM42-A2DBC_v1.pdf,11 - Form Submissions (online portal)/10-21-2025 - HQG-GM42-A2DBC_v1.pdf,10-21-2025,portal-signature-date,high,
HQG-GN3K-JNK5K_v1.pdf,11 - Form Submissions (online portal)/10-21-2025 - HQG-GN3K-JNK5K_v1.pdf,10-21-2025,portal-signature-date,high,
HQG-GN3K-JNK5K_v2.pdf,11 - Form Submissions (online portal)/10-21-2025 - HQG-GN3K-JNK5K_v2.pdf,10-21-2025,portal-signature-date,high,
HQG-QQ9K-KSZ7V_v1.pdf,11 - Form Submissions (online portal)/10-30-2025 - HQG-QQ9K-KSZ7V_v1.pdf,10-30-2025,portal-signature-date,high,
HQK-A647-67DN7_v1.pdf,11 - Form Submissions (online portal)/02-12-2026 - HQK-A647-67DN7_v1.pdf,02-12-2026,portal-signature-date,high,
HQM-0Z2W-CZ7GW_v1.pdf,11 - Form Submissions (online portal)/03-13-2026 - HQM-0Z2W-CZ7GW_v1.pdf,03-13-2026,portal-signature-date,high,
HQM-3D1M-M17FW_v1.pdf,11 - Form Submissions (online portal)/03-26-2026 - HQM-3D1M-M17FW_v1.pdf,03-26-2026,portal-signature-date,high,
HQM-5QVG-V9A98_v1.pdf,11 - Form Submissions (online portal)/03-25-2026 - HQM-5QVG-V9A98_v1.pdf,03-25-2026,portal-signature-date,high,
HQM-9QCZ-PE5QR_v1.pdf,11 - Form Submissions (online portal)/03-24-2026 - HQM-9QCZ-PE5QR_v1.pdf,03-24-2026,portal-signature-date,high,
HQM-9QCZ-PE5QR_v2.pdf,11 - Form Submissions (online portal)/03-26-2026 - HQM-9QCZ-PE5QR_v2.pdf,03-26-2026,portal-signature-date,high,
HQN-7PHN-WHK7P_v1-Deitlin-Admission.pdf,11 - Form Submissions (online portal)/05-01-2026 - HQN-7PHN-WHK7P_v1-Deitlin-Admission.pdf,05-01-2026,portal-signature-date,high,
History - Wexford_Cadillac.pdf,12 - Wexford Landfill & Leachate/08-13-2026 - History - Wexford_Cadillac.pdf,08-13-2026,letterhead-date,high,
IPP 2022 News.pdf,03 - IPP (Industrial Pretreatment)/03-21-2023 - IPP 2022 News.pdf,03-21-2023,letterhead-date,high,
IPP News Affidavit 2023.pdf,03 - IPP (Industrial Pretreatment)/03-22-2023 - IPP News Affidavit 2023.pdf,03-22-2023,letterhead-date,high,
IPP Profile.pdf,03 - IPP (Industrial Pretreatment)/04-01-1985 - IPP Profile.pdf,04-01-1985,most-frequent-in-doc,low,
IU Form 1.pdf,03 - IPP (Industrial Pretreatment)/08-15-2008 - IU Form 1.pdf,08-15-2008,first-date-on-page1,medium,
IU Form 2.pdf,03 - IPP (Industrial Pretreatment)/08-15-2008 - IU Form 2.pdf,08-15-2008,first-date-on-page1,medium,
IU Permit notes_COPY.pdf,02 - NPDES Permits & Permit Issuance/10-09-2024 - IU Permit notes_COPY.pdf,10-09-2024,email-sent-date (newest in chain),high,
Interview Jill Notes.pdf,07 - Inspections & Evaluations/Interview Jill Notes.pdf,,none,none,
Interview Julie Notes.pdf,07 - Inspections & Evaluations/Interview Julie Notes.pdf,,none,none,
J American Water Resour Assoc - 2009 - Guo - Occurrence of Primidone  Carbamazepine  Caffeine  and Precursors for.pdf,19 - Research & Technical Literature/12-06-2007 - J American Water Resour Assoc - 2009 - Guo - Occurrence of Primidone Carbamazepine Caffeine and Precursors for.pdf,12-06-2007,transmittal-letter-date,medium,
J17646-1 UDS Level 2 Report Final Report (Leachate) - Copy.pdf,12 - Wexford Landfill & Leachate/10-29-2018 - J17646-1 UDS Level 2 Report Final Report (Leachate) - Copy.pdf,10-29-2018,issue-label:Authorized for release,high,
J17646-1 UDS Level 2 Report Final Report (Leachate).pdf,12 - Wexford Landfill & Leachate/10-29-2018 - J17646-1 UDS Level 2 Report Final Report (Leachate).pdf,10-29-2018,issue-label:Authorized for release,high,
J17646-1 UDS Level 2 Report Final Report.pdf,12 - Wexford Landfill & Leachate/10-29-2018 - J17646-1 UDS Level 2 Report Final Report.pdf,10-29-2018,issue-label:Authorized for release,high,
J17646-1_Leachate_Report_Compatibility - Copy.pdf,12 - Wexford Landfill & Leachate/10-29-2018 - J17646-1_Leachate_Report_Compatibility - Copy.pdf,10-29-2018,issue-label:Authorized for release,high,
J17646-1_Leachate_Report_Compatibility.pdf,12 - Wexford Landfill & Leachate/10-29-2018 - J17646-1_Leachate_Report_Compatibility.pdf,10-29-2018,issue-label:Authorized for release,high,
J17993-1 UDS Level 2 Report Final Report - Copy.pdf,04 - PFAS Monitoring/12-10-2018 - J17993-1 UDS Level 2 Report Final Report - Copy.pdf,12-10-2018,issue-label:Authorized for release,high,
J17993-1 UDS Level 2 Report Final Report.pdf,04 - PFAS Monitoring/12-10-2018 - J17993-1 UDS Level 2 Report Final Report.pdf,12-10-2018,issue-label:Authorized for release,high,
J18036-1 UDS Level 2 Report Final Report - Copy.pdf,04 - PFAS Monitoring/12-10-2018 - J18036-1 UDS Level 2 Report Final Report - Copy.pdf,12-10-2018,issue-label:Authorized for release,high,
J18036-1 UDS Level 2 Report Final Report.pdf,04 - PFAS Monitoring/12-10-2018 - J18036-1 UDS Level 2 Report Final Report.pdf,12-10-2018,issue-label:Authorized for release,high,
J19915-1 UDS Level 2 Report Final Report - Copy.pdf,04 - PFAS Monitoring/06-25-2019 - J19915-1 UDS Level 2 Report Final Report - Copy.pdf,06-25-2019,issue-label:Authorized for release,high,
J19915-1 UDS Level 2 Report Final Report.pdf,04 - PFAS Monitoring/06-25-2019 - J19915-1 UDS Level 2 Report Final Report.pdf,06-25-2019,issue-label:Authorized for release,high,
June 2026 DMR.pdf,01 - DMRs (Discharge Monitoring Reports)/06-30-2026 - June 2026 DMR.pdf,06-30-2026,DMR period end date,medium,
Lab Data Fall 2020.pdf,05 - Biosolids & Land Application/10-01-2020 - Lab Data Fall 2020.pdf,10-01-2020,filename-season (OCR unreliable),medium,
Lab&Hauling Data Spring 2023.pdf,05 - Biosolids & Land Application/04-01-2023 - Lab&Hauling Data Spring 2023.pdf,04-01-2023,filename-season (OCR unreliable),medium,
Life Smiles Dentistry.pdf,03 - IPP (Industrial Pretreatment)/07-14-2017 - Life Smiles Dentistry.pdf,07-14-2017,letterhead-date,high,
LocalLimitsReview_Cadillac WWTP_4-19-2022.pdf,03 - IPP (Industrial Pretreatment)/04-19-2022 - LocalLimitsReview_Cadillac WWTP_4-19-2022.pdf,04-19-2022,letterhead-date,high,
MI0020257 PFAS-IPP Letter 2-20-2018.pdf,04 - PFAS Monitoring/02-20-2018 - MI0020257 PFAS-IPP Letter 2-20-2018.pdf,02-20-2018,letterhead-date,high,
MI0020257_2026-01-01_to_2026-01-31_2_DMR.pdf,01 - DMRs (Discharge Monitoring Reports)/03-25-2026 - MI0020257_2026-01-01_to_2026-01-31_2_DMR.pdf,03-25-2026,portal-signature-date,high,
MI0020257_2026-01-01_to_2026-01-31_DMR.pdf,01 - DMRs (Discharge Monitoring Reports)/02-13-2026 - MI0020257_2026-01-01_to_2026-01-31_DMR.pdf,02-13-2026,portal-signature-date,high,
MIsir2004-5175_report.pdf,"13 - Groundwater, Wells & Plett Rd/01-01-2004 - MIsir2004-5175_report.pdf",01-01-2004,filename-year,low,
Mangement Practices.pdf,05 - Biosolids & Land Application/Mangement Practices.pdf,,none,none,
March 2026 DMR (1).pdf,01 - DMRs (Discharge Monitoring Reports)/03-31-2026 - March 2026 DMR.pdf,03-31-2026,DMR period end date,medium,
March 2026 DMR.pdf,01 - DMRs (Discharge Monitoring Reports)/03-31-2026 - March 2026 DMR (copy 2).pdf,03-31-2026,DMR period end date,medium,"duplicate copy - kept both, suffixed"
May 2026 DMR.pdf,01 - DMRs (Discharge Monitoring Reports)/05-31-2026 - May 2026 DMR.pdf,05-31-2026,DMR period end date,medium,
My Communtiy Dental Center.pdf,03 - IPP (Industrial Pretreatment)/07-14-2017 - My Communtiy Dental Center.pdf,07-14-2017,letterhead-date,high,
N3862_Full Compliance Evaluation_09-16-2014.pdf,12 - Wexford Landfill & Leachate/09-16-2014 - N3862_Full Compliance Evaluation_09-16-2014 (copy 2).pdf,09-16-2014,filename+confirmed-in-doc,high,"duplicate copy - kept both, suffixed"
N3862_Full Compliance Evaluation_11-06-2017.pdf,12 - Wexford Landfill & Leachate/11-06-2017 - N3862_Full Compliance Evaluation_11-06-2017 (copy 2).pdf,11-06-2017,filename+confirmed-in-doc,high,"duplicate copy - kept both, suffixed"
N3862_Full Compliance Evaluation_11-18-2015.pdf,12 - Wexford Landfill & Leachate/11-18-2015 - N3862_Full Compliance Evaluation_11-18-2015 (copy 2).pdf,11-18-2015,filename+confirmed-in-doc,high,"duplicate copy - kept both, suffixed"
N3862_On-Site Inspection_09-16-2014.pdf,12 - Wexford Landfill & Leachate/09-16-2014 - N3862_On-Site Inspection_09-16-2014 (copy 2).pdf,09-16-2014,letterhead-date,high,"duplicate copy - kept both, suffixed"
N3862_On-Site Inspection_11-06-2017.pdf,12 - Wexford Landfill & Leachate/11-06-2017 - N3862_On-Site Inspection_11-06-2017 (copy 2).pdf,11-06-2017,letterhead-date,high,"duplicate copy - kept both, suffixed"
N3862_On-Site Inspection_11-18-2015.pdf,12 - Wexford Landfill & Leachate/11-18-2015 - N3862_On-Site Inspection_11-18-2015 (copy 2).pdf,11-18-2015,letterhead-date,high,"duplicate copy - kept both, suffixed"
NEW SW COC.pdf,12 - Wexford Landfill & Leachate/08-27-2010 - NEW SW COC (copy 2).pdf,08-27-2010,issue-label:issued,high,"duplicate copy - kept both, suffixed"
NEW_ACCOUNT_DOCS.pdf,20 - Personal & Non-Case Records/12-20-2021 - NEW_ACCOUNT_DOCS.pdf,12-20-2021,transmittal-letter-date,medium,
NPDES Permit-DRAFT_Cadillac WWTP.pdf,04 - PFAS Monitoring/04-03-2017 - NPDES Permit-DRAFT_Cadillac WWTP.pdf,04-03-2017,letterhead-date,high,
Northern Quality Dental.pdf,03 - IPP (Industrial Pretreatment)/07-14-2017 - Northern Quality Dental.pdf,07-14-2017,letterhead-date,high,
Occurrence-and-Suitability-of-Sucralose-as-Indicator-Compound.2011.Oppenheimer-et-al.pdf,19 - Research & Technical Literature/02-23-2011 - Occurrence-and-Suitability-of-Sucralose-as-Indicator-Compound.2011.Oppenheimer-et-al.pdf,02-23-2011,letterhead-date,high,
"PAGE 16 - Simulation of ground water flow and Areas contributing ground water to production wells, Cadillac Mi204958.pdf","13 - Groundwater, Wells & Plett Rd/01-01-2004 - PAGE 16 - Simulation of ground water flow and Areas contributing ground water to production wells, Cadillac Mi204958.pdf",01-01-2004,identical-copy-of: MIsir2004-5175_report.pdf,high,
PFAS Testing Results Summary (Updated 3-19-25-.pdf,04 - PFAS Monitoring/04-01-2025 - PFAS Testing Results Summary (Updated 3-19-25.pdf,04-01-2025,month-year-in-doc,low,
PFAS_Impact_Dashboard.pdf,04 - PFAS Monitoring/09-10-2025 - PFAS_Impact_Dashboard.pdf,09-10-2025,sample-label:collected:,medium,
PN certification form-Wexford Landfill.pdf,12 - Wexford Landfill & Leachate/07-12-2016 - PN certification form-Wexford Landfill (copy 2).pdf,07-12-2016,letterhead-date,high,"duplicate copy - kept both, suffixed"
Phone Log 10-24-2019.pdf,09 - Correspondence & Letters/10-24-2019 - Phone Log 10-24-2019.pdf,10-24-2019,filename-date,medium,
Plant Brochure.pdf,10 - Process & Site Documents/Plant Brochure.pdf,,none,none,
Pre-Inspection Report.pdf,07 - Inspections & Evaluations/09-30-2013 - Pre-Inspection Report.pdf,09-30-2013,transmittal-letter-date,medium,
Pre-Public Note Ltr_Cadillac WWTP.msg,02 - NPDES Permits & Permit Issuance/03-14-2019 - Pre-Public Note Ltr_Cadillac WWTP.msg,03-14-2019,letterhead-date,high,
Process Flow Diagram.pdf,10 - Process & Site Documents/11-24-2009 - Process Flow Diagram.pdf,11-24-2009,first-date-on-page1,medium,
Public Notice Document-DRAFT_Cadillac WWTP.pdf,02 - NPDES Permits & Permit Issuance/Public Notice Document-DRAFT_Cadillac WWTP (copy 2).pdf,,none,none,"duplicate copy - kept both, suffixed"
Public Notice Notification_Cadillac WWTP.msg,02 - NPDES Permits & Permit Issuance/06-06-2019 - Public Notice Notification_Cadillac WWTP.msg,06-06-2019,msg-sent-date,medium,
Public Notice Verification_Cadillac WWTP.msg,02 - NPDES Permits & Permit Issuance/06-06-2019 - Public Notice Verification_Cadillac WWTP.msg,06-06-2019,msg-sent-date,medium,
Public Notice of IPP Violation 2023.pdf,03 - IPP (Industrial Pretreatment)/01-01-2023 - Public Notice of IPP Violation 2023.pdf,01-01-2023,filename-year,low,
Public Notice of IPP Violation 2024.pdf,03 - IPP (Industrial Pretreatment)/01-01-2024 - Public Notice of IPP Violation 2024.pdf,01-01-2024,filename-year,low,
RECONSTRUCTED - J19915-1 UDS Level 2 Report Final Report.pdf,04 - PFAS Monitoring/06-25-2019 - RECONSTRUCTED - J19915-1 UDS Level 2 Report Final Report.pdf,06-25-2019,issue-label:Authorized for release,high,
RE_ PFAS.pdf,04 - PFAS Monitoring/04-19-2018 - RE_ PFAS.pdf,04-19-2018,email-sent-date (newest in chain),high,
RMP-Class A EQ-DEQ letter.pdf,05 - Biosolids & Land Application/07-26-2004 - RMP-Class A EQ-DEQ letter.pdf,07-26-2004,letterhead-date,high,
Rapid direct-injection LC-MS-MS analysis of wastewater-effluent indicators.pdf,19 - Research & Technical Literature/05-07-2015 - Rapid direct-injection LC-MS-MS analysis of wastewater-effluent indicators.pdf,05-07-2015,letterhead-date,high,
Recent Advances in the Use of water-09-00143-with-cover (4).pdf,19 - Research & Technical Literature/07-15-2016 - Recent Advances in the Use of water-09-00143-with-cover.pdf,07-15-2016,letterhead-date,high,
Rule 2210 Permit Template draft-Wexford Landfill.pdf,12 - Wexford Landfill & Leachate/03-16-2016 - Rule 2210 Permit Template draft-Wexford Landfill (copy 2).pdf,03-16-2016,letterhead-date,high,"duplicate copy - kept both, suffixed"
Rule 2210 Permit Template-Wexford Landfill.pdf,12 - Wexford Landfill & Leachate/09-06-2016 - Rule 2210 Permit Template-Wexford Landfill (copy 2).pdf,09-06-2016,issue-label:Issued,high,"duplicate copy - kept both, suffixed"
S1_2010-2016_Cadillac_WWTP_District_Compliance_File.pdf,08 - Compliance & Enforcement/01-01-2010 - S1_2010-2016_Cadillac_WWTP_District_Compliance_File.pdf,01-01-2010,filename-year (OCR unreliable),medium,
S1_Key_Pages_Exhibit_Extract.pdf,12 - Wexford Landfill & Leachate/01-12-2016 - S1_Key_Pages_Exhibit_Extract.pdf,01-12-2016,letterhead-date,high,
S2_DMR_Jan2016_V1.pdf,01 - DMRs (Discharge Monitoring Reports)/01-31-2016 - S2_DMR_Jan2016_V1.pdf,01-31-2016,DMR period end date,medium,
S3_DMR_Jan2026_Version1_certified_2026-02-13.pdf,01 - DMRs (Discharge Monitoring Reports)/02-13-2026 - S3_DMR_Jan2026_Version1_certified_2026-02-13.pdf,02-13-2026,portal-signature-date,high,
S4_DMR_Jan2026_Version2_certified_2026-03-25.pdf,01 - DMRs (Discharge Monitoring Reports)/03-25-2026 - S4_DMR_Jan2026_Version2_certified_2026-03-25.pdf,03-25-2026,portal-signature-date,high,
SOURCE_INDEX_AND_LINKS.md,12 - Wexford Landfill & Leachate/08-08-2026 - SOURCE_INDEX_AND_LINKS.md,08-08-2026,latest-date-in-index,medium,
SW COC Issued Letter.pdf,12 - Wexford Landfill & Leachate/06-28-2012 - SW COC Issued Letter (copy 2).pdf,06-28-2012,letterhead-date,high,"duplicate copy - kept both, suffixed"
Site Info.pdf,05 - Biosolids & Land Application/Site Info.pdf,,none,none,
Soil Test Reports - Spring 2022.pdf,05 - Biosolids & Land Application/09-27-2021 - Soil Test Reports - Spring 2022.pdf,09-27-2021,first-date-on-page1,medium,
Spring 21 Lab Data.pdf,05 - Biosolids & Land Application/05-05-2021 - Spring 21 Lab Data.pdf,05-05-2021,OCR date confirming filename year,medium,
Submissions.csv,03 - IPP (Industrial Pretreatment)/09-23-2025 - Submissions.csv,09-23-2025,latest-date-in-index,medium,
T22NR11W-RBL02.pdf,05 - Biosolids & Land Application/09-01-2021 - T22NR11W-RBL02.pdf,09-01-2021,transmittal-letter-date,medium,
To prove gross negligence for a wastewater treatment facility like the Cadillac Wastewater Treatment Plant under Michigan law.docx,03 - IPP (Industrial Pretreatment)/08-16-2026 - To prove gross negligence for a wastewater treatment facility like the Cadillac Wastewater Treatment Plant under Michigan law.docx,08-16-2026,office-created,medium,
"Transport of pharmaceuticals from WWTP influent and effluent to groundwater — Foster, Katz and Meyer, USGS, 2012 -5083.pdf","13 - Groundwater, Wells & Plett Rd/01-01-2012 - Transport of pharmaceuticals from WWTP influent and effluent to groundwater — Foster, Katz and Meyer, USGS, 2012 -5083.pdf",01-01-2012,filename-year,low,
UpdatedPELSheet_MI0020257_4-11-2019.pdf,03 - IPP (Industrial Pretreatment)/01-30-2018 - UpdatedPELSheet_MI0020257_4-11-2019.pdf,01-30-2018,date-label:Date:,medium,
VN-2021-09-30 VN-012230 Cadillac WWTP.pdf,08 - Compliance & Enforcement/08-30-2019 - VN-2021-09-30 VN-012230 Cadillac WWTP.pdf,08-30-2019,issue-label:issued on,high,
Vector Attraction Reduction.pdf,05 - Biosolids & Land Application/Vector Attraction Reduction.pdf,,none,none,
Violation Notice (VN 019184) Cadillac WWTP (1).pdf,08 - Compliance & Enforcement/06-10-2026 - Violation Notice (VN 019184) Cadillac WWTP.pdf,06-10-2026,letterhead-date,high,
Violation Notice (VN 019184) Cadillac WWTP.pdf,08 - Compliance & Enforcement/06-10-2026 - Violation Notice (VN 019184) Cadillac WWTP (copy 2).pdf,06-10-2026,letterhead-date,high,"duplicate copy - kept both, suffixed"
WATER FLOW - PAGE 16 - F3540B07-10037.pdf,"13 - Groundwater, Wells & Plett Rd/WATER FLOW - PAGE 16 - F3540B07-10037.pdf",,none,none,
WEXFORD LANDFILL.pdf,12 - Wexford Landfill & Leachate/WEXFORD LANDFILL.pdf,,none,none,
WQBELBiologistFactSheet_MI0020257_1-30-2018.pdf,02 - NPDES Permits & Permit Issuance/09-27-2013 - WQBELBiologistFactSheet_MI0020257_1-30-2018.pdf,09-27-2013,issue-label:issued on,high,
WWTP-AREASOFCONCERN-3.jpg,"14 - Maps, Photos & Imagery/WWTP-AREASOFCONCERN-3.jpg",,none,none,
WWTP-SAME-ELEVATION-1140 PLETT RD.png,"13 - Groundwater, Wells & Plett Rd/WWTP-SAME-ELEVATION-1140 PLETT RD.png",,none,none,
Wexford Co LF MIS111718.pdf,12 - Wexford Landfill & Leachate/09-17-2015 - Wexford Co LF MIS111718 (copy 2).pdf,09-17-2015,letterhead-date,high,"duplicate copy - kept both, suffixed"
Wexford Co Landfill NOI.pdf,12 - Wexford Landfill & Leachate/04-11-2012 - Wexford Co Landfill NOI (copy 2).pdf,04-11-2012,transmittal-letter-date,medium,"duplicate copy - kept both, suffixed"
Wexford Co Landfill Termination Form (1).pdf,12 - Wexford Landfill & Leachate/07-02-2018 - Wexford Co Landfill Termination Form (copy 2).pdf,07-02-2018,letterhead-date,high,"duplicate copy - kept both, suffixed"
Wexford County Landfill GW1010342 Termination 7-2-18 Green Card Ret'd.pdf,12 - Wexford Landfill & Leachate/07-02-2018 - Wexford County Landfill GW1010342 Termination 7-2-18 Green Card Ret'd (copy 2).pdf,07-02-2018,filename-date,medium,"duplicate copy - kept both, suffixed"
Wexford County Landfill Termination Issued Letter (1).pdf,12 - Wexford Landfill & Leachate/07-02-2018 - Wexford County Landfill Termination Issued Letter (copy 2).pdf,07-02-2018,letterhead-date,high,"duplicate copy - kept both, suffixed"
Wexford Landfill Groundwater Discharge Permit Application 2210(y).pdf,12 - Wexford Landfill & Leachate/03-16-2016 - Wexford Landfill Groundwater Discharge Permit Application 2210(y) (copy 2).pdf,03-16-2016,first-date-on-page1,medium,"duplicate copy - kept both, suffixed"
Wexford-County-LandFil-License.png,12 - Wexford Landfill & Leachate/Wexford-County-LandFil-License.png,,none,none,
Wexford-County-Landfill Construction Permit.pdf,12 - Wexford Landfill & Leachate/08-20-2012 - Wexford-County-Landfill Construction Permit.pdf,08-20-2012,issue-label:ISSUE DATE,high,
Wexford-County-Landfill.PDF,12 - Wexford Landfill & Leachate/11-19-2024 - Wexford-County-Landfill.PDF,11-19-2024,issue-label:ISSUE DATE,high,
Wexford_2015-2016_Leachate_Request.pdf,12 - Wexford Landfill & Leachate/03-09-2016 - Wexford_2015-2016_Leachate_Request.pdf,03-09-2016,letterhead-date,high,
Wexford_Cadillac_Verified_Document_Inventory.xlsx,00 - Reference Data (CSV exports)/12-18-2019 - Wexford_Cadillac_Verified_Document_Inventory.xlsx,12-18-2019,latest-date-in-index,medium,
Wexford_Cadillac_document_evidence_index-2.csv,00 - Reference Data (CSV exports)/08-13-2026 - Wexford_Cadillac_document_evidence_index-2.csv,08-13-2026,latest-date-in-index,medium,
Wexford_Cadillac_document_evidence_index.csv,00 - Reference Data (CSV exports)/08-13-2026 - Wexford_Cadillac_document_evidence_index.csv,08-13-2026,latest-date-in-index,medium,
[Untitled].pdf,02 - NPDES Permits & Permit Issuance/03-18-2020 - [Untitled].pdf,03-18-2020,letterhead-date,high,
_FORENSIC_RENAME_LOG_288_SCANS_2026-08-24.csv,00 - Reference Data (CSV exports)/04-22-2026 - FORENSIC_RENAME_LOG_288_SCANS_2026-08-24.csv,04-22-2026,latest-date-in-index,medium,
_MASTER_MANIFEST_2026-08-24.csv,00 - Reference Data (CSV exports)/08-24-2026 - MASTER_MANIFEST_2026-08-24.csv,08-24-2026,filename-date,medium,
_PUBLIC NOTICE OF INDUSTRIAL SIGNIFICANT NON-COMPLIANCE EXCEEDANCES.pdf,02 - NPDES Permits & Permit Issuance/03-18-2020 - PUBLIC NOTICE OF INDUSTRIAL SIGNIFICANT NON-COMPLIANCE EXCEEDANCES.pdf,03-18-2020,letterhead-date,high,
_SAME_CONTENT_REVIEW_2026-08-24.csv,00 - Reference Data (CSV exports)/05-22-2026 - SAME_CONTENT_REVIEW_2026-08-24.csv,05-22-2026,latest-date-in-index,medium,
a281563f-f584-49ca-a28d-5f1d2dd69406.jpg,"14 - Maps, Photos & Imagery/a281563f-f584-49ca-a28d-5f1d2dd69406.jpg",,none,none,
ab12378c-3f6f-4fbd-b242-23395c4d0c44.jpg,"14 - Maps, Photos & Imagery/ab12378c-3f6f-4fbd-b242-23395c4d0c44.jpg",,none,none,
available cyanide.pdf,06 - Lab Results & Sampling (general)/10-31-2014 - available cyanide.pdf,10-31-2014,letterhead-date,high,
bb340e17-384d-480f-9198-34a8502d5882.jpg,"14 - Maps, Photos & Imagery/bb340e17-384d-480f-9198-34a8502d5882.jpg",,none,none,
bb543245-b433-413c-848a-691f6c8592bb.jpg,"14 - Maps, Photos & Imagery/bb543245-b433-413c-848a-691f6c8592bb.jpg",,none,none,
c-scans-HIGH-CONTRAST.pdf,99 - Needs Review/01-15-2018 - c-scans-HIGH-CONTRAST.pdf,01-15-2018,letterhead-date,high,
cb4a0502-1ec8-4539-bc88-0fbdce3ff165.jpg,"14 - Maps, Photos & Imagery/cb4a0502-1ec8-4539-bc88-0fbdce3ff165.jpg",,none,none,
chk-02.jpg,"14 - Maps, Photos & Imagery/chk-02.jpg",,none,none,
civil-criminal-penalities.png,"14 - Maps, Photos & Imagery/civil-criminal-penalities.png",,none,none,
completed public notice certification form.pdf,02 - NPDES Permits & Permit Issuance/07-12-2016 - completed public notice certification form (copy 2).pdf,07-12-2016,letterhead-date,high,"duplicate copy - kept both, suffixed"
cov-001.jpg,"14 - Maps, Photos & Imagery/cov-001.jpg",,none,none,
cov-002.jpg,"14 - Maps, Photos & Imagery/cov-002.jpg",,none,none,
cov-003.jpg,"14 - Maps, Photos & Imagery/cov-003.jpg",,none,none,
cov-004.jpg,"14 - Maps, Photos & Imagery/cov-004.jpg",,none,none,
d0c7da33-74ff-4756-a86b-f235de59e2c1.jpg,"14 - Maps, Photos & Imagery/d0c7da33-74ff-4756-a86b-f235de59e2c1.jpg",,none,none,
d98edb75-538e-475b-ab71-3725d6cfd02c.jpg,"14 - Maps, Photos & Imagery/d98edb75-538e-475b-ab71-3725d6cfd02c.jpg",,none,none,
dc859de2-070f-413c-bef3-863dbdbcf9ce.jpg,"14 - Maps, Photos & Imagery/dc859de2-070f-413c-bef3-863dbdbcf9ce.jpg",,none,none,
deq-tou-WRD-IPP_PFAS_Guidance-ScreeningEvaluation_620434_7.pdf,04 - PFAS Monitoring/02-20-2018 - deq-tou-WRD-IPP_PFAS_Guidance-ScreeningEvaluation_620434_7.pdf,02-20-2018,letterhead-date,high,
desktop.ini,"16 - Apps, Scripts & Working Data/desktop (2).ini",,system-file,none,"name clash - kept both, suffixed"
e-mail cov let-Wexford Landfill.pdf,12 - Wexford Landfill & Leachate/07-12-2016 - e-mail cov let-Wexford Landfill (copy 2).pdf,07-12-2016,identical-copy-of: 2016-07-12__881861131799560019__e-mail cov let-Wexford Landf,high,"duplicate copy - kept both, suffixed"
e97d6f85-bf56-4e7c-a128-70e621983249.jpg,"14 - Maps, Photos & Imagery/e97d6f85-bf56-4e7c-a128-70e621983249.jpg",,none,none,
egle_duplicate_full_lab_panel.csv,04 - PFAS Monitoring/09-20-2025 - egle_duplicate_full_lab_panel.csv,09-20-2025,latest-date-in-index,medium,
egle_duplicate_lab_metadata.csv,00 - Reference Data (CSV exports)/09-20-2025 - egle_duplicate_lab_metadata.csv,09-20-2025,latest-date-in-index,medium,
egle_duplicate_lab_qc.csv,04 - PFAS Monitoring/09-20-2025 - egle_duplicate_lab_qc.csv,09-20-2025,latest-date-in-index,medium,
egle_duplicate_lab_summary.csv,00 - Reference Data (CSV exports)/09-20-2025 - egle_duplicate_lab_summary.csv,09-20-2025,latest-date-in-index,medium,
email-final authorization-Wexford Landfill.pdf,12 - Wexford Landfill & Leachate/09-16-2016 - email-final authorization-Wexford Landfill (copy 2).pdf,09-16-2016,email-sent-date (newest in chain),high,"duplicate copy - kept both, suffixed"
hormones-and-pharmaceuticals-in-groundwater-used-as-a-source-of-drinking-water-across-the-united-states.pdf,19 - Research & Technical Literature/10-04-2018 - hormones-and-pharmaceuticals-in-groundwater-used-as-a-source-of-drinking-water-across-the-united-states.pdf,10-04-2018,transmittal-letter-date,medium,
lagoon summary.pdf,12 - Wexford Landfill & Leachate/03-16-2016 - lagoon summary (copy 3).pdf,03-16-2016,identical-copy-of: 2016-03-16__-3742461403192295520__lagoon summary.pdf,high,"duplicate copy - kept both, suffixed"
lu431juitc.tmp,"16 - Apps, Scripts & Working Data/lu431juitc.tmp",,system-file,none,
lu481swkuw.tmp,"16 - Apps, Scripts & Working Data/lu481swkuw.tmp",,system-file,none,
lu491kr3pq.tmp,"16 - Apps, Scripts & Working Data/lu491kr3pq.tmp",,system-file,none,
mi-165-1i-0002_draft_permit_october_2017.pdf,12 - Wexford Landfill & Leachate/01-01-2017 - mi-165-1i-0002_draft_permit_october_2017.pdf,01-01-2017,reconciled with identical copy,high,
molecules-28-04694.pdf,19 - Research & Technical Literature/05-23-2023 - molecules-28-04694.pdf,05-23-2023,transmittal-letter-date,medium,
msp-cadillac-oma-investigation (1).pdf,18 - Meeting Minutes & Public Body Records/06-20-2025 - msp-cadillac-oma-investigation.pdf,06-20-2025,letterhead-date,high,
page-01.jpg,"14 - Maps, Photos & Imagery/page-01.jpg",,none,none,
page-02.jpg,"14 - Maps, Photos & Imagery/page-02.jpg",,none,none,
public notice email-Wexford Landfill.pdf,12 - Wexford Landfill & Leachate/07-12-2016 - public notice email-Wexford Landfill (copy 2).pdf,07-12-2016,email-sent-date (newest in chain),high,"duplicate copy - kept both, suffixed"
qc-03.jpg,"14 - Maps, Photos & Imagery/qc-03.jpg",,none,none,
report.pdf,12 - Wexford Landfill & Leachate/10-29-2018 - report.pdf,10-29-2018,issue-label:Authorized for release,high,
report2 - Copy.pdf,04 - PFAS Monitoring/12-10-2018 - report2 - Copy.pdf,12-10-2018,issue-label:Authorized for release,high,
report2.pdf,04 - PFAS Monitoring/12-10-2018 - report2.pdf,12-10-2018,issue-label:Authorized for release,high,
report3 - Copy.pdf,04 - PFAS Monitoring/12-10-2018 - report3 - Copy.pdf,12-10-2018,issue-label:Authorized for release,high,
report3.pdf,04 - PFAS Monitoring/12-10-2018 - report3.pdf,12-10-2018,issue-label:Authorized for release,high,
report4.pdf,04 - PFAS Monitoring/06-25-2019 - report4.pdf,06-25-2019,issue-label:Authorized for release,high,
s00706-018-2259-y.pdf,19 - Research & Technical Literature/02-28-2018 - s00706-018-2259-y.pdf,02-28-2018,letterhead-date,high,
screencapture-deq-state-mi-us-wdspi-Site-Site-aspx-2026-06-03-13_02_16.pdf,12 - Wexford Landfill & Leachate/06-03-2026 - screencapture-deq-state-mi-us-wdspi-Site-Site-aspx-2026-06-03-13_02_16.pdf,06-03-2026,filename-date,medium,
screencapture-deq-state-mi-us-wdspi-Site-Site-aspx-2026-06-03-13_03_56.pdf,12 - Wexford Landfill & Leachate/06-03-2026 - screencapture-deq-state-mi-us-wdspi-Site-Site-aspx-2026-06-03-13_03_56.pdf,06-03-2026,filename-date,medium,
screencapture-wastedive-news-gfl-environmental-acquiring-michigan-american-waste-570122-2026-06-03-13_04_46.pdf,04 - PFAS Monitoring/01-09-2020 - screencapture-wastedive-news-gfl-environmental-acquiring-michigan-american-waste-570122-2026-06-03-13_04_46.pdf,01-09-2020,letterhead-date,high,
upgrades-to-WWTP-7155.pdf,10 - Process & Site Documents/02-02-2026 - upgrades-to-WWTP-7155.pdf,02-02-2026,letterhead-date,high,
v05-005.jpg,"14 - Maps, Photos & Imagery/v05-005.jpg",,none,none,
v105-105.jpg,"14 - Maps, Photos & Imagery/v105-105.jpg",,none,none,
v14-014.jpg,08 - Compliance & Enforcement/v14-014.jpg,,none,none,
v14-015.jpg,"14 - Maps, Photos & Imagery/v14-015.jpg",,none,none,
v14-016.jpg,"14 - Maps, Photos & Imagery/v14-016.jpg",,none,none,
v19-019.jpg,"14 - Maps, Photos & Imagery/v19-019.jpg",,none,none,
v23-023.jpg,"14 - Maps, Photos & Imagery/v23-023.jpg",,none,none,
v69-069.jpg,"14 - Maps, Photos & Imagery/v69-069.jpg",,none,none,
v73-073.jpg,"14 - Maps, Photos & Imagery/v73-073.jpg",,none,none,
v73-074.jpg,"14 - Maps, Photos & Imagery/v73-074.jpg",,none,none,
v75-075.jpg,"14 - Maps, Photos & Imagery/v75-075.jpg",,none,none,
v75-076.jpg,"14 - Maps, Photos & Imagery/v75-076.jpg",,none,none,
v93-093.jpg,"14 - Maps, Photos & Imagery/v93-093.jpg",,none,none,
v93-094.jpg,"14 - Maps, Photos & Imagery/v93-094.jpg",,none,none,
vio-151.jpg,"14 - Maps, Photos & Imagery/vio-151.jpg",,none,none,
vio-152.jpg,"14 - Maps, Photos & Imagery/vio-152.jpg",,none,none,
vio-153.jpg,"14 - Maps, Photos & Imagery/vio-153.jpg",,none,none,
vn-009.jpg,08 - Compliance & Enforcement/vn-009.jpg,,none,none,
vn-010.jpg,08 - Compliance & Enforcement/vn-010.jpg,,none,none,
vn-011.jpg,08 - Compliance & Enforcement/vn-011.jpg,,none,none,
vn-012.jpg,08 - Compliance & Enforcement/vn-012.jpg,,none,none,
vn-013.jpg,08 - Compliance & Enforcement/vn-013.jpg,,none,none,
vn-014.jpg,08 - Compliance & Enforcement/vn-014.jpg,,none,none,
vulnerable Clay Barriers.jpg,"14 - Maps, Photos & Imagery/vulnerable Clay Barriers.jpg",,none,none,
