Year/Group,Category,File Name,Relative Path,Size
2014,01-DMRS,Cadillac WWTP1014.pdf,2014/01-DMRS/Cadillac WWTP1014.pdf,99 KB
2014,01-DMRS,DMR Summary - MI0020257 _10_01_2014_to_09_30_2015_V1.pdf,2014/01-DMRS/DMR Summary - MI0020257 _10_01_2014_to_09_30_2015_V1.pdf,101 KB
2014,010-Process-Site-Documents,2014_0818_Cadillac WWTP_DMR QA-34.pdf,2014/010-Process-Site-Documents/2014_0818_Cadillac WWTP_DMR QA-34.pdf,1034 KB
2014,010-Process-Site-Documents,2014_1022_Cadillac WWTP_Classification Letter.pdf,2014/010-Process-Site-Documents/2014_1022_Cadillac WWTP_Classification Letter.pdf,70 KB
2014,011 Form Submissions,1410104_1 ENVReport 10 30 2014 1323.pdf,2014/011 Form Submissions/1410104_1 ENVReport 10 30 2014 1323.pdf,185 KB
2014,011 Form Submissions,201411251653.pdf,2014/011 Form Submissions/201411251653.pdf,37 KB
2014,011 Form Submissions,201411261120.pdf,2014/011 Form Submissions/201411261120.pdf,126 KB
2014,011 Form Submissions,56545 Analytical Methodology.pdf,2014/011 Form Submissions/56545 Analytical Methodology.pdf,186 KB
2014,011 Form Submissions,56545 Facility Site Review.pdf,2014/011 Form Submissions/56545 Facility Site Review.pdf,181 KB
2014,011 Form Submissions,56545 Pre-Inspection Report.pdf,2014/011 Form Submissions/56545 Pre-Inspection Report.pdf,397 KB
2014,011 Form Submissions,56545 Sampling Procedures.pdf,2014/011 Form Submissions/56545 Sampling Procedures.pdf,229 KB
2014,011 Form Submissions,56545 Self Monitoring Records.pdf,2014/011 Form Submissions/56545 Self Monitoring Records.pdf,101 KB
2014,011 Form Submissions,CBOD5 Results.pdf,2014/011 Form Submissions/CBOD5 Results.pdf,561 KB
2014,011 Form Submissions,Fecal Coliform Results.pdf,2014/011 Form Submissions/Fecal Coliform Results.pdf,175 KB
2014,011 Form Submissions,available cyanide.pdf,2014/011 Form Submissions/available cyanide.pdf,434 KB
2015,01-DMRS,DMR Daily - MI0020257 _07_01_2015_to_07_31_2015_V1.pdf,2015/01-DMRS/DMR Daily - MI0020257 _07_01_2015_to_07_31_2015_V1.pdf,119 KB
2015,01-DMRS,DMR Daily - MI0020257 _08_01_2015_to_08_31_2015_V1.pdf,2015/01-DMRS/DMR Daily - MI0020257 _08_01_2015_to_08_31_2015_V1.pdf,119 KB
2015,01-DMRS,DMR Daily - MI0020257 _09_01_2015_to_09_30_2015_V1.pdf,2015/01-DMRS/DMR Daily - MI0020257 _09_01_2015_to_09_30_2015_V1.pdf,119 KB
2015,01-DMRS,DMR Daily - MI0020257 _10_01_2015_to_10_31_2015_V1.pdf,2015/01-DMRS/DMR Daily - MI0020257 _10_01_2015_to_10_31_2015_V1.pdf,120 KB
2015,01-DMRS,DMR Daily - MI0020257 _11_01_2015_to_11_30_2015_V1.pdf,2015/01-DMRS/DMR Daily - MI0020257 _11_01_2015_to_11_30_2015_V1.pdf,119 KB
2015,01-DMRS,DMR Daily - MI0020257 _12_01_2015_to_12_31_2015_V1.pdf,2015/01-DMRS/DMR Daily - MI0020257 _12_01_2015_to_12_31_2015_V1.pdf,121 KB
2015,01-DMRS,DMR Summary - MI0020257 _07_01_2015_to_07_31_2015_V1.pdf,2015/01-DMRS/DMR Summary - MI0020257 _07_01_2015_to_07_31_2015_V1.pdf,101 KB
2015,01-DMRS,DMR Summary - MI0020257 _08_01_2015_to_08_31_2015_V1.pdf,2015/01-DMRS/DMR Summary - MI0020257 _08_01_2015_to_08_31_2015_V1.pdf,101 KB
2015,01-DMRS,DMR Summary - MI0020257 _09_01_2015_to_09_30_2015_V1.pdf,2015/01-DMRS/DMR Summary - MI0020257 _09_01_2015_to_09_30_2015_V1.pdf,101 KB
2015,01-DMRS,DMR Summary - MI0020257 _10_01_2015_to_09_30_2016_V1.pdf,2015/01-DMRS/DMR Summary - MI0020257 _10_01_2015_to_09_30_2016_V1.pdf,101 KB
2015,01-DMRS,DMR Summary - MI0020257 _10_01_2015_to_10_31_2015_V1.pdf,2015/01-DMRS/DMR Summary - MI0020257 _10_01_2015_to_10_31_2015_V1.pdf,101 KB
2015,01-DMRS,DMR Summary - MI0020257 _11_01_2015_to_11_30_2015_V1.pdf,2015/01-DMRS/DMR Summary - MI0020257 _11_01_2015_to_11_30_2015_V1.pdf,101 KB
2015,01-DMRS,DMR Summary - MI0020257 _12_01_2015_to_12_31_2015_V1.pdf,2015/01-DMRS/DMR Summary - MI0020257 _12_01_2015_to_12_31_2015_V1.pdf,103 KB
2015,010-Process-Site-Documents,2015_0331_Cadillac WWTP_2014 MMP Yearly Status Report.pdf,2015/010-Process-Site-Documents/2015_0331_Cadillac WWTP_2014 MMP Yearly Status Report.pdf,846 KB
2015,010-Process-Site-Documents,2015_0805_Cadillac WWTP_DMR QA-35.pdf,2015/010-Process-Site-Documents/2015_0805_Cadillac WWTP_DMR QA-35.pdf,703 KB
2015,010-Process-Site-Documents,ByPass notification 12-21-15.pdf,2015/010-Process-Site-Documents/ByPass notification 12-21-15.pdf,65 KB
2015,011 Form Submissions,2A6-E7TC-JQKM1.pdf,2015/011 Form Submissions/2A6-E7TC-JQKM1.pdf,1021 KB
2015,011 Form Submissions,IPP Profile.pdf,2015/011 Form Submissions/IPP Profile.pdf,872 KB
2015,011 Form Submissions,IU Form 1.pdf,2015/011 Form Submissions/IU Form 1.pdf,444 KB
2015,011 Form Submissions,IU Form 2.pdf,2015/011 Form Submissions/IU Form 2.pdf,1205 KB
2015,011 Form Submissions,Interview Jill Notes.pdf,2015/011 Form Submissions/Interview Jill Notes.pdf,1092 KB
2015,011 Form Submissions,Interview Julie Notes.pdf,2015/011 Form Submissions/Interview Julie Notes.pdf,1097 KB
2016,01-DMRS,DMR Daily - MI0020257 _01_01_2016_to_01_31_2016_V1.pdf,2016/01-DMRS/DMR Daily - MI0020257 _01_01_2016_to_01_31_2016_V1.pdf,121 KB
2016,01-DMRS,DMR Daily - MI0020257 _02_01_2016_to_02_29_2016_V1.pdf,2016/01-DMRS/DMR Daily - MI0020257 _02_01_2016_to_02_29_2016_V1.pdf,120 KB
2016,01-DMRS,DMR Daily - MI0020257 _03_01_2016_to_03_31_2016_V1.pdf,2016/01-DMRS/DMR Daily - MI0020257 _03_01_2016_to_03_31_2016_V1.pdf,121 KB
2016,01-DMRS,DMR Daily - MI0020257 _04_01_2016_to_04_30_2016_V1.pdf,2016/01-DMRS/DMR Daily - MI0020257 _04_01_2016_to_04_30_2016_V1.pdf,121 KB
2016,01-DMRS,DMR Daily - MI0020257 _05_01_2016_to_05_31_2016_V1.pdf,2016/01-DMRS/DMR Daily - MI0020257 _05_01_2016_to_05_31_2016_V1.pdf,120 KB
2016,01-DMRS,DMR Daily - MI0020257 _06_01_2016_to_06_30_2016_V1.pdf,2016/01-DMRS/DMR Daily - MI0020257 _06_01_2016_to_06_30_2016_V1.pdf,119 KB
2016,01-DMRS,DMR Daily - MI0020257 _07_01_2016_to_07_31_2016_V1.pdf,2016/01-DMRS/DMR Daily - MI0020257 _07_01_2016_to_07_31_2016_V1.pdf,120 KB
2016,01-DMRS,DMR Daily - MI0020257 _08_01_2016_to_08_31_2016_V1.pdf,2016/01-DMRS/DMR Daily - MI0020257 _08_01_2016_to_08_31_2016_V1.pdf,120 KB
2016,01-DMRS,DMR Daily - MI0020257 _09_01_2016_to_09_30_2016_V1.pdf,2016/01-DMRS/DMR Daily - MI0020257 _09_01_2016_to_09_30_2016_V1.pdf,119 KB
2016,01-DMRS,DMR Daily - MI0020257 _10_01_2016_to_10_31_2016_V1.pdf,2016/01-DMRS/DMR Daily - MI0020257 _10_01_2016_to_10_31_2016_V1.pdf,120 KB
2016,01-DMRS,DMR Daily - MI0020257 _11_01_2016_to_11_30_2016_V1.pdf,2016/01-DMRS/DMR Daily - MI0020257 _11_01_2016_to_11_30_2016_V1.pdf,119 KB
2016,01-DMRS,DMR Daily - MI0020257 _12_01_2016_to_12_31_2016_V1.pdf,2016/01-DMRS/DMR Daily - MI0020257 _12_01_2016_to_12_31_2016_V1.pdf,122 KB
2016,01-DMRS,DMR Summary - MI0020257 _01_01_2016_to_01_31_2016_V1.pdf,2016/01-DMRS/DMR Summary - MI0020257 _01_01_2016_to_01_31_2016_V1.pdf,103 KB
2016,01-DMRS,DMR Summary - MI0020257 _02_01_2016_to_02_29_2016_V1.pdf,2016/01-DMRS/DMR Summary - MI0020257 _02_01_2016_to_02_29_2016_V1.pdf,103 KB
2016,01-DMRS,DMR Summary - MI0020257 _03_01_2016_to_03_31_2016_V1.pdf,2016/01-DMRS/DMR Summary - MI0020257 _03_01_2016_to_03_31_2016_V1.pdf,103 KB
2016,01-DMRS,DMR Summary - MI0020257 _04_01_2016_to_04_30_2016_V1.pdf,2016/01-DMRS/DMR Summary - MI0020257 _04_01_2016_to_04_30_2016_V1.pdf,110 KB
2016,01-DMRS,DMR Summary - MI0020257 _05_01_2016_to_05_31_2016_V1.pdf,2016/01-DMRS/DMR Summary - MI0020257 _05_01_2016_to_05_31_2016_V1.pdf,101 KB
2016,01-DMRS,DMR Summary - MI0020257 _06_01_2016_to_06_30_2016_V1.pdf,2016/01-DMRS/DMR Summary - MI0020257 _06_01_2016_to_06_30_2016_V1.pdf,101 KB
2016,01-DMRS,DMR Summary - MI0020257 _07_01_2016_to_07_31_2016_V1.pdf,2016/01-DMRS/DMR Summary - MI0020257 _07_01_2016_to_07_31_2016_V1.pdf,107 KB
2016,01-DMRS,DMR Summary - MI0020257 _08_01_2016_to_08_31_2016_V1.pdf,2016/01-DMRS/DMR Summary - MI0020257 _08_01_2016_to_08_31_2016_V1.pdf,101 KB
2016,01-DMRS,DMR Summary - MI0020257 _09_01_2016_to_09_30_2016_V1.pdf,2016/01-DMRS/DMR Summary - MI0020257 _09_01_2016_to_09_30_2016_V1.pdf,101 KB
2016,01-DMRS,DMR Summary - MI0020257 _10_01_2016_to_09_30_2017_V1.pdf,2016/01-DMRS/DMR Summary - MI0020257 _10_01_2016_to_09_30_2017_V1.pdf,101 KB
2016,01-DMRS,DMR Summary - MI0020257 _10_01_2016_to_10_31_2016_V1.pdf,2016/01-DMRS/DMR Summary - MI0020257 _10_01_2016_to_10_31_2016_V1.pdf,101 KB
2016,01-DMRS,DMR Summary - MI0020257 _11_01_2016_to_11_30_2016_V1.pdf,2016/01-DMRS/DMR Summary - MI0020257 _11_01_2016_to_11_30_2016_V1.pdf,101 KB
2016,01-DMRS,DMR Summary - MI0020257 _12_01_2016_to_12_31_2016_V1.pdf,2016/01-DMRS/DMR Summary - MI0020257 _12_01_2016_to_12_31_2016_V1.pdf,110 KB
2016,010-Process-Site-Documents,2016_0802_Cadillac WWTP_DMR QA-36.pdf,2016/010-Process-Site-Documents/2016_0802_Cadillac WWTP_DMR QA-36.pdf,1260 KB
2016,010-Process-Site-Documents,Cadillac WWTP DMRQA 35.pdf,2016/010-Process-Site-Documents/Cadillac WWTP DMRQA 35.pdf,1255 KB
2016,010-Process-Site-Documents,DMRQA 36.Cadillac WWTP.pdf,2016/010-Process-Site-Documents/DMRQA 36.Cadillac WWTP.pdf,1416 KB
2016,010-Process-Site-Documents,Low Ph notice by City May 16 2016.pdf,2016/010-Process-Site-Documents/Low Ph notice by City May 16 2016.pdf,46 KB
2016,010-Process-Site-Documents,Spill notification 1-12-16.pdf,2016/010-Process-Site-Documents/Spill notification 1-12-16.pdf,72 KB
2016,011 Form Submissions,2D2-X9KF-HB6N V2.pdf,2016/011 Form Submissions/2D2-X9KF-HB6N V2.pdf,280 KB
2016,011 Form Submissions,2KJ-C2SF-H1BF V1.pdf,2016/011 Form Submissions/2KJ-C2SF-H1BF V1.pdf,50 KB
2016,011 Form Submissions,Certified Operator Response Form.pdf,2016/011 Form Submissions/Certified Operator Response Form.pdf,29 KB
2017,01-DMRS,DMR Daily - MI0020257 _01_01_2017_to_01_31_2017_V1.pdf,2017/01-DMRS/DMR Daily - MI0020257 _01_01_2017_to_01_31_2017_V1.pdf,122 KB
2017,01-DMRS,DMR Daily - MI0020257 _02_01_2017_to_02_28_2017_V1.pdf,2017/01-DMRS/DMR Daily - MI0020257 _02_01_2017_to_02_28_2017_V1.pdf,117 KB
2017,01-DMRS,DMR Daily - MI0020257 _03_01_2017_to_03_31_2017_V1.pdf,2017/01-DMRS/DMR Daily - MI0020257 _03_01_2017_to_03_31_2017_V1.pdf,122 KB
2017,01-DMRS,DMR Daily - MI0020257 _04_01_2017_to_04_30_2017_V1.pdf,2017/01-DMRS/DMR Daily - MI0020257 _04_01_2017_to_04_30_2017_V1.pdf,121 KB
2017,01-DMRS,DMR Daily - MI0020257 _05_01_2017_to_05_31_2017_V1.pdf,2017/01-DMRS/DMR Daily - MI0020257 _05_01_2017_to_05_31_2017_V1.pdf,120 KB
2017,01-DMRS,DMR Daily - MI0020257 _05_01_2017_to_05_31_2017_V2.pdf,2017/01-DMRS/DMR Daily - MI0020257 _05_01_2017_to_05_31_2017_V2.pdf,120 KB
2017,01-DMRS,DMR Daily - MI0020257 _05_01_2017_to_05_31_2017_V3.pdf,2017/01-DMRS/DMR Daily - MI0020257 _05_01_2017_to_05_31_2017_V3.pdf,120 KB
2017,01-DMRS,DMR Daily - MI0020257 _06_01_2017_to_06_30_2017_V1.pdf,2017/01-DMRS/DMR Daily - MI0020257 _06_01_2017_to_06_30_2017_V1.pdf,120 KB
2017,01-DMRS,DMR Daily - MI0020257 _07_01_2017_to_07_31_2017_V1.pdf,2017/01-DMRS/DMR Daily - MI0020257 _07_01_2017_to_07_31_2017_V1.pdf,120 KB
2017,01-DMRS,DMR Daily - MI0020257 _07_01_2017_to_07_31_2017_V2.pdf,2017/01-DMRS/DMR Daily - MI0020257 _07_01_2017_to_07_31_2017_V2.pdf,120 KB
2017,01-DMRS,DMR Daily - MI0020257 _08_01_2017_to_08_31_2017_V1.pdf,2017/01-DMRS/DMR Daily - MI0020257 _08_01_2017_to_08_31_2017_V1.pdf,120 KB
2017,01-DMRS,DMR Daily - MI0020257 _09_01_2017_to_09_30_2017_V1.pdf,2017/01-DMRS/DMR Daily - MI0020257 _09_01_2017_to_09_30_2017_V1.pdf,119 KB
2017,01-DMRS,DMR Daily - MI0020257 _10_01_2017_to_10_31_2017_V1.pdf,2017/01-DMRS/DMR Daily - MI0020257 _10_01_2017_to_10_31_2017_V1.pdf,121 KB
2017,01-DMRS,DMR Daily - MI0020257 _10_01_2017_to_10_31_2017_V2.pdf,2017/01-DMRS/DMR Daily - MI0020257 _10_01_2017_to_10_31_2017_V2.pdf,121 KB
2017,01-DMRS,DMR Daily - MI0020257 _11_01_2017_to_11_30_2017_V1.pdf,2017/01-DMRS/DMR Daily - MI0020257 _11_01_2017_to_11_30_2017_V1.pdf,119 KB
2017,01-DMRS,DMR Daily - MI0020257 _12_01_2017_to_12_31_2017_V1.pdf,2017/01-DMRS/DMR Daily - MI0020257 _12_01_2017_to_12_31_2017_V1.pdf,121 KB
2017,01-DMRS,DMR Summary - MI0020257 _01_01_2017_to_01_31_2017_V1.pdf,2017/01-DMRS/DMR Summary - MI0020257 _01_01_2017_to_01_31_2017_V1.pdf,103 KB
2017,01-DMRS,DMR Summary - MI0020257 _02_01_2017_to_02_28_2017_V1.pdf,2017/01-DMRS/DMR Summary - MI0020257 _02_01_2017_to_02_28_2017_V1.pdf,103 KB
2017,01-DMRS,DMR Summary - MI0020257 _03_01_2017_to_03_31_2017_V1.pdf,2017/01-DMRS/DMR Summary - MI0020257 _03_01_2017_to_03_31_2017_V1.pdf,103 KB
2017,01-DMRS,DMR Summary - MI0020257 _04_01_2017_to_04_30_2017_V1.pdf,2017/01-DMRS/DMR Summary - MI0020257 _04_01_2017_to_04_30_2017_V1.pdf,103 KB
2017,01-DMRS,DMR Summary - MI0020257 _05_01_2017_to_05_31_2017_V1.pdf,2017/01-DMRS/DMR Summary - MI0020257 _05_01_2017_to_05_31_2017_V1.pdf,107 KB
2017,01-DMRS,DMR Summary - MI0020257 _05_01_2017_to_05_31_2017_V2.pdf,2017/01-DMRS/DMR Summary - MI0020257 _05_01_2017_to_05_31_2017_V2.pdf,107 KB
2017,01-DMRS,DMR Summary - MI0020257 _05_01_2017_to_05_31_2017_V3.pdf,2017/01-DMRS/DMR Summary - MI0020257 _05_01_2017_to_05_31_2017_V3.pdf,107 KB
2017,01-DMRS,DMR Summary - MI0020257 _06_01_2017_to_06_30_2017_V1.pdf,2017/01-DMRS/DMR Summary - MI0020257 _06_01_2017_to_06_30_2017_V1.pdf,107 KB
2017,01-DMRS,DMR Summary - MI0020257 _07_01_2017_to_07_31_2017_V1.pdf,2017/01-DMRS/DMR Summary - MI0020257 _07_01_2017_to_07_31_2017_V1.pdf,107 KB
2017,01-DMRS,DMR Summary - MI0020257 _07_01_2017_to_07_31_2017_V2.pdf,2017/01-DMRS/DMR Summary - MI0020257 _07_01_2017_to_07_31_2017_V2.pdf,107 KB
2017,01-DMRS,DMR Summary - MI0020257 _08_01_2017_to_08_31_2017_V1.pdf,2017/01-DMRS/DMR Summary - MI0020257 _08_01_2017_to_08_31_2017_V1.pdf,101 KB
2017,01-DMRS,DMR Summary - MI0020257 _09_01_2017_to_09_30_2017_V1.pdf,2017/01-DMRS/DMR Summary - MI0020257 _09_01_2017_to_09_30_2017_V1.pdf,100 KB
2017,01-DMRS,DMR Summary - MI0020257 _10_01_2017_to_09_30_2018_V1.pdf,2017/01-DMRS/DMR Summary - MI0020257 _10_01_2017_to_09_30_2018_V1.pdf,101 KB
2017,01-DMRS,DMR Summary - MI0020257 _10_01_2017_to_10_31_2017_V1.pdf,2017/01-DMRS/DMR Summary - MI0020257 _10_01_2017_to_10_31_2017_V1.pdf,108 KB
2017,01-DMRS,DMR Summary - MI0020257 _10_01_2017_to_10_31_2017_V2.pdf,2017/01-DMRS/DMR Summary - MI0020257 _10_01_2017_to_10_31_2017_V2.pdf,107 KB
2017,01-DMRS,DMR Summary - MI0020257 _11_01_2017_to_11_30_2017_V1.pdf,2017/01-DMRS/DMR Summary - MI0020257 _11_01_2017_to_11_30_2017_V1.pdf,107 KB
2017,01-DMRS,DMR Summary - MI0020257 _12_01_2017_to_12_31_2017_V1.pdf,2017/01-DMRS/DMR Summary - MI0020257 _12_01_2017_to_12_31_2017_V1.pdf,103 KB
2017,010-Process-Site-Documents,Cadillac WWTP DMRQA 37 083117.pdf,2017/010-Process-Site-Documents/Cadillac WWTP DMRQA 37 083117.pdf,841 KB
2017,011 Form Submissions,Application_2Q7-HQ21-P66B V1.pdf,2017/011 Form Submissions/Application_2Q7-HQ21-P66B V1.pdf,131 KB
2017,011 Form Submissions,HN8-AEB3-S8NKF V1.pdf,2017/011 Form Submissions/HN8-AEB3-S8NKF V1.pdf,98 KB
2018,01-DMRS,DMR Daily - MI0020257 _01_01_2018_to_01_31_2018_V1.pdf,2018/01-DMRS/DMR Daily - MI0020257 _01_01_2018_to_01_31_2018_V1.pdf,122 KB
2018,01-DMRS,DMR Daily - MI0020257 _02_01_2018_to_02_28_2018_V1.pdf,2018/01-DMRS/DMR Daily - MI0020257 _02_01_2018_to_02_28_2018_V1.pdf,117 KB
2018,01-DMRS,DMR Daily - MI0020257 _03_01_2018_to_03_31_2018_V1.pdf,2018/01-DMRS/DMR Daily - MI0020257 _03_01_2018_to_03_31_2018_V1.pdf,121 KB
2018,01-DMRS,DMR Daily - MI0020257 _04_01_2018_to_04_30_2018_V1.pdf,2018/01-DMRS/DMR Daily - MI0020257 _04_01_2018_to_04_30_2018_V1.pdf,121 KB
2018,01-DMRS,DMR Daily - MI0020257 _05_01_2018_to_05_31_2018_V1.pdf,2018/01-DMRS/DMR Daily - MI0020257 _05_01_2018_to_05_31_2018_V1.pdf,120 KB
2018,01-DMRS,DMR Daily - MI0020257 _06_01_2018_to_06_30_2018_V1.pdf,2018/01-DMRS/DMR Daily - MI0020257 _06_01_2018_to_06_30_2018_V1.pdf,119 KB
2018,01-DMRS,DMR Daily - MI0020257 _07_01_2018_to_07_31_2018_V1.pdf,2018/01-DMRS/DMR Daily - MI0020257 _07_01_2018_to_07_31_2018_V1.pdf,120 KB
2018,01-DMRS,DMR Daily - MI0020257 _08_01_2018_to_08_31_2018_V1.pdf,2018/01-DMRS/DMR Daily - MI0020257 _08_01_2018_to_08_31_2018_V1.pdf,120 KB
2018,01-DMRS,DMR Daily - MI0020257 _09_01_2018_to_09_30_2018_V1.pdf,2018/01-DMRS/DMR Daily - MI0020257 _09_01_2018_to_09_30_2018_V1.pdf,119 KB
2018,01-DMRS,DMR Daily - MI0020257 _10_01_2018_to_10_31_2018_V1.pdf,2018/01-DMRS/DMR Daily - MI0020257 _10_01_2018_to_10_31_2018_V1.pdf,120 KB
2018,01-DMRS,DMR Daily - MI0020257 _11_01_2018_to_11_30_2018_V1.pdf,2018/01-DMRS/DMR Daily - MI0020257 _11_01_2018_to_11_30_2018_V1.pdf,119 KB
2018,01-DMRS,DMR Daily - MI0020257 _12_01_2018_to_12_31_2018_V1.pdf,2018/01-DMRS/DMR Daily - MI0020257 _12_01_2018_to_12_31_2018_V1.pdf,121 KB
2018,01-DMRS,DMR Summary - MI0020257 _01_01_2018_to_01_31_2018_V1.pdf,2018/01-DMRS/DMR Summary - MI0020257 _01_01_2018_to_01_31_2018_V1.pdf,103 KB
2018,01-DMRS,DMR Summary - MI0020257 _02_01_2018_to_02_28_2018_V1.pdf,2018/01-DMRS/DMR Summary - MI0020257 _02_01_2018_to_02_28_2018_V1.pdf,103 KB
2018,01-DMRS,DMR Summary - MI0020257 _03_01_2018_to_03_31_2018_V1.pdf,2018/01-DMRS/DMR Summary - MI0020257 _03_01_2018_to_03_31_2018_V1.pdf,103 KB
2018,01-DMRS,DMR Summary - MI0020257 _04_01_2018_to_04_30_2018_V1.pdf,2018/01-DMRS/DMR Summary - MI0020257 _04_01_2018_to_04_30_2018_V1.pdf,103 KB
2018,01-DMRS,DMR Summary - MI0020257 _06_01_2018_to_06_30_2018_V1.pdf,2018/01-DMRS/DMR Summary - MI0020257 _06_01_2018_to_06_30_2018_V1.pdf,100 KB
2018,01-DMRS,DMR Summary - MI0020257 _07_01_2018_to_07_31_2018_V1.pdf,2018/01-DMRS/DMR Summary - MI0020257 _07_01_2018_to_07_31_2018_V1.pdf,100 KB
2018,01-DMRS,DMR Summary - MI0020257 _08_01_2018_to_08_31_2018_V1.pdf,2018/01-DMRS/DMR Summary - MI0020257 _08_01_2018_to_08_31_2018_V1.pdf,101 KB
2018,01-DMRS,DMR Summary - MI0020257 _09_01_2018_to_09_30_2018_V1.pdf,2018/01-DMRS/DMR Summary - MI0020257 _09_01_2018_to_09_30_2018_V1.pdf,100 KB
2018,01-DMRS,DMR Summary - MI0020257 _10_01_2018_to_09_30_2019_V1.pdf,2018/01-DMRS/DMR Summary - MI0020257 _10_01_2018_to_09_30_2019_V1.pdf,101 KB
2018,01-DMRS,DMR Summary - MI0020257 _10_01_2018_to_10_31_2018_V1.pdf,2018/01-DMRS/DMR Summary - MI0020257 _10_01_2018_to_10_31_2018_V1.pdf,100 KB
2018,01-DMRS,DMR Summary - MI0020257 _11_01_2018_to_11_30_2018_V1.pdf,2018/01-DMRS/DMR Summary - MI0020257 _11_01_2018_to_11_30_2018_V1.pdf,107 KB
2018,01-DMRS,DMR Summary - MI0020257 _12_01_2018_to_12_31_2018_V1.pdf,2018/01-DMRS/DMR Summary - MI0020257 _12_01_2018_to_12_31_2018_V1.pdf,103 KB
2018,010-Process-Site-Documents,Cadillac WWTP DMRQA 38 083118.pdf,2018/010-Process-Site-Documents/Cadillac WWTP DMRQA 38 083118.pdf,707 KB
2018,010-Process-Site-Documents,IMG951506.pdf,2018/010-Process-Site-Documents/IMG951506.pdf,216 KB
2018,010-Process-Site-Documents,IMG951507.pdf,2018/010-Process-Site-Documents/IMG951507.pdf,258 KB
2018,010-Process-Site-Documents,IMG_0011-cas.pdf,2018/010-Process-Site-Documents/IMG_0011-cas.pdf,155 KB
2018,010-Process-Site-Documents,IMG_0012-cas.pdf,2018/010-Process-Site-Documents/IMG_0012-cas.pdf,152 KB
2018,010-Process-Site-Documents,IMG_0013-cas.pdf,2018/010-Process-Site-Documents/IMG_0013-cas.pdf,147 KB
2018,010-Process-Site-Documents,IMG_0014-cas.pdf,2018/010-Process-Site-Documents/IMG_0014-cas.pdf,128 KB
2018,010-Process-Site-Documents,IMG_0015-cas.pdf,2018/010-Process-Site-Documents/IMG_0015-cas.pdf,138 KB
2018,010-Process-Site-Documents,IMG_0016-cas.pdf,2018/010-Process-Site-Documents/IMG_0016-cas.pdf,148 KB
2018,010-Process-Site-Documents,IMG_0017-cas.pdf,2018/010-Process-Site-Documents/IMG_0017-cas.pdf,159 KB
2018,010-Process-Site-Documents,IMG_0018-cas.pdf,2018/010-Process-Site-Documents/IMG_0018-cas.pdf,165 KB
2018,010-Process-Site-Documents,IMG_0019-cas.pdf,2018/010-Process-Site-Documents/IMG_0019-cas.pdf,164 KB
2018,010-Process-Site-Documents,IMG_0020-cas.pdf,2018/010-Process-Site-Documents/IMG_0020-cas.pdf,146 KB
2018,010-Process-Site-Documents,IMG_0021-cas.pdf,2018/010-Process-Site-Documents/IMG_0021-cas.pdf,147 KB
2018,010-Process-Site-Documents,IMG_0022-cas.pdf,2018/010-Process-Site-Documents/IMG_0022-cas.pdf,160 KB
2018,010-Process-Site-Documents,IMG_0023-cas.pdf,2018/010-Process-Site-Documents/IMG_0023-cas.pdf,165 KB
2018,010-Process-Site-Documents,IMG_0024-cas.pdf,2018/010-Process-Site-Documents/IMG_0024-cas.pdf,141 KB
2018,010-Process-Site-Documents,IMG_0025-cas.pdf,2018/010-Process-Site-Documents/IMG_0025-cas.pdf,99 KB
2018,010-Process-Site-Documents,IMG_0026-cas.pdf,2018/010-Process-Site-Documents/IMG_0026-cas.pdf,99 KB
2018,010-Process-Site-Documents,IMG_0027-cas.pdf,2018/010-Process-Site-Documents/IMG_0027-cas.pdf,136 KB
2018,010-Process-Site-Documents,IMG_0028-cas.pdf,2018/010-Process-Site-Documents/IMG_0028-cas.pdf,127 KB
2018,010-Process-Site-Documents,IMG_0029-cas.pdf,2018/010-Process-Site-Documents/IMG_0029-cas.pdf,127 KB
2018,010-Process-Site-Documents,IMG_0030-cas.pdf,2018/010-Process-Site-Documents/IMG_0030-cas.pdf,144 KB
2018,010-Process-Site-Documents,IMG_0031-cas.pdf,2018/010-Process-Site-Documents/IMG_0031-cas.pdf,142 KB
2018,010-Process-Site-Documents,IMG_0032-cas.pdf,2018/010-Process-Site-Documents/IMG_0032-cas.pdf,55 KB
2018,010-Process-Site-Documents,IMG_0033-cas.pdf,2018/010-Process-Site-Documents/IMG_0033-cas.pdf,73 KB
2018,011 Form Submissions,FY18 Applier Certification - Revised.pdf,2018/011 Form Submissions/FY18 Applier Certification - Revised.pdf,1139 KB
2018,011 Form Submissions,FY18 Applier Certification-Revised 2-signed.pdf,2018/011 Form Submissions/FY18 Applier Certification-Revised 2-signed.pdf,1071 KB
2018,011 Form Submissions,FY18 Pathogen Results-Spring.pdf,2018/011 Form Submissions/FY18 Pathogen Results-Spring.pdf,404 KB
2018,011 Form Submissions,HNF-P7H3-DCN87 V1.pdf,2018/011 Form Submissions/HNF-P7H3-DCN87 V1.pdf,52 KB
2018,011 Form Submissions,HNH-M790-67ZPK V1.pdf,2018/011 Form Submissions/HNH-M790-67ZPK V1.pdf,74 KB
2018,011 Form Submissions,HNH-YJTD-MY6A8 V1.pdf,2018/011 Form Submissions/HNH-YJTD-MY6A8 V1.pdf,59 KB
2018,011 Form Submissions,HNJ-P0ZX-8AVDS V1.pdf,2018/011 Form Submissions/HNJ-P0ZX-8AVDS V1.pdf,51 KB
2018,011 Form Submissions,HNN-0QFE-AG22Q V1.pdf,2018/011 Form Submissions/HNN-0QFE-AG22Q V1.pdf,251 KB
2018,011 Form Submissions,WQBELBiologistFactSheet_MI0020257_1-30-2018.pdf,2018/011 Form Submissions/WQBELBiologistFactSheet_MI0020257_1-30-2018.pdf,275 KB
2019,01-DMRS,DMR Daily - MI0020257 _01_01_2019_to_01_31_2019_V1.pdf,2019/01-DMRS/DMR Daily - MI0020257 _01_01_2019_to_01_31_2019_V1.pdf,122 KB
2019,01-DMRS,DMR Daily - MI0020257 _02_01_2019_to_02_28_2019_V1.pdf,2019/01-DMRS/DMR Daily - MI0020257 _02_01_2019_to_02_28_2019_V1.pdf,117 KB
2019,01-DMRS,DMR Daily - MI0020257 _03_01_2019_to_03_31_2019_V1.pdf,2019/01-DMRS/DMR Daily - MI0020257 _03_01_2019_to_03_31_2019_V1.pdf,121 KB
2019,01-DMRS,DMR Daily - MI0020257 _04_01_2019_to_04_30_2019_V1.pdf,2019/01-DMRS/DMR Daily - MI0020257 _04_01_2019_to_04_30_2019_V1.pdf,121 KB
2019,01-DMRS,DMR Daily - MI0020257 _05_01_2019_to_05_31_2019_V1.pdf,2019/01-DMRS/DMR Daily - MI0020257 _05_01_2019_to_05_31_2019_V1.pdf,120 KB
2019,01-DMRS,DMR Daily - MI0020257 _06_01_2019_to_06_30_2019_V1.pdf,2019/01-DMRS/DMR Daily - MI0020257 _06_01_2019_to_06_30_2019_V1.pdf,120 KB
2019,01-DMRS,DMR Daily - MI0020257 _07_01_2019_to_07_31_2019_V1.pdf,2019/01-DMRS/DMR Daily - MI0020257 _07_01_2019_to_07_31_2019_V1.pdf,120 KB
2019,01-DMRS,DMR Daily - MI0020257 _08_01_2019_to_08_31_2019_V1.pdf,2019/01-DMRS/DMR Daily - MI0020257 _08_01_2019_to_08_31_2019_V1.pdf,120 KB
2019,01-DMRS,DMR Daily - MI0020257 _09_01_2019_to_09_30_2019_V1.pdf,2019/01-DMRS/DMR Daily - MI0020257 _09_01_2019_to_09_30_2019_V1.pdf,133 KB
2019,01-DMRS,DMR Daily - MI0020257 _10_01_2019_to_10_31_2019_V1.pdf,2019/01-DMRS/DMR Daily - MI0020257 _10_01_2019_to_10_31_2019_V1.pdf,135 KB
2019,01-DMRS,DMR Daily - MI0020257 _11_01_2019_to_11_30_2019_V1.pdf,2019/01-DMRS/DMR Daily - MI0020257 _11_01_2019_to_11_30_2019_V1.pdf,135 KB
2019,01-DMRS,DMR Daily - MI0020257 _12_01_2019_to_12_31_2019_V1.pdf,2019/01-DMRS/DMR Daily - MI0020257 _12_01_2019_to_12_31_2019_V1.pdf,135 KB
2019,01-DMRS,DMR Summary - MI0020257 _01_01_2019_to_01_31_2019_V1.pdf,2019/01-DMRS/DMR Summary - MI0020257 _01_01_2019_to_01_31_2019_V1.pdf,103 KB
2019,01-DMRS,DMR Summary - MI0020257 _02_01_2019_to_02_28_2019_V1.pdf,2019/01-DMRS/DMR Summary - MI0020257 _02_01_2019_to_02_28_2019_V1.pdf,103 KB
2019,01-DMRS,DMR Summary - MI0020257 _03_01_2019_to_03_31_2019_V1.pdf,2019/01-DMRS/DMR Summary - MI0020257 _03_01_2019_to_03_31_2019_V1.pdf,103 KB
2019,01-DMRS,DMR Summary - MI0020257 _04_01_2019_to_04_30_2019_V1.pdf,2019/01-DMRS/DMR Summary - MI0020257 _04_01_2019_to_04_30_2019_V1.pdf,103 KB
2019,01-DMRS,DMR Summary - MI0020257 _05_01_2019_to_05_31_2019_V1.pdf,2019/01-DMRS/DMR Summary - MI0020257 _05_01_2019_to_05_31_2019_V1.pdf,107 KB
2019,01-DMRS,DMR Summary - MI0020257 _06_01_2019_to_06_30_2019_V1.pdf,2019/01-DMRS/DMR Summary - MI0020257 _06_01_2019_to_06_30_2019_V1.pdf,107 KB
2019,01-DMRS,DMR Summary - MI0020257 _07_01_2019_to_07_31_2019_V1.pdf,2019/01-DMRS/DMR Summary - MI0020257 _07_01_2019_to_07_31_2019_V1.pdf,100 KB
2019,01-DMRS,DMR Summary - MI0020257 _08_01_2019_to_08_31_2019_V1.pdf,2019/01-DMRS/DMR Summary - MI0020257 _08_01_2019_to_08_31_2019_V1.pdf,107 KB
2019,01-DMRS,DMR Summary - MI0020257 _09_01_2019_to_09_30_2019_V1.pdf,2019/01-DMRS/DMR Summary - MI0020257 _09_01_2019_to_09_30_2019_V1.pdf,110 KB
2019,01-DMRS,DMR Summary - MI0020257 _10_01_2019_to_09_30_2020_V1.pdf,2019/01-DMRS/DMR Summary - MI0020257 _10_01_2019_to_09_30_2020_V1.pdf,101 KB
2019,01-DMRS,DMR Summary - MI0020257 _10_01_2019_to_10_31_2019_V1.pdf,2019/01-DMRS/DMR Summary - MI0020257 _10_01_2019_to_10_31_2019_V1.pdf,105 KB
2019,01-DMRS,DMR Summary - MI0020257 _11_01_2019_to_11_30_2019_V1.pdf,2019/01-DMRS/DMR Summary - MI0020257 _11_01_2019_to_11_30_2019_V1.pdf,114 KB
2019,01-DMRS,DMR Summary - MI0020257 _12_01_2019_to_12_31_2019_V1.pdf,2019/01-DMRS/DMR Summary - MI0020257 _12_01_2019_to_12_31_2019_V1.pdf,105 KB
2019,010-Process-Site-Documents,Cadillac WWTP_99_ Flow Data.pdf,2019/010-Process-Site-Documents/Cadillac WWTP_99_ Flow Data.pdf,23 KB
2019,010-Process-Site-Documents,MI0020257_August2019WET Report_9-10-2019.pdf,2019/010-Process-Site-Documents/MI0020257_August2019WET Report_9-10-2019.pdf,1778 KB
2019,011 Form Submissions,19.10.Eff.AddlMonit.Paragon.revised.pdf,2019/011 Form Submissions/19.10.Eff.AddlMonit.Paragon.revised.pdf,525 KB
2019,011 Form Submissions,19.10.Eff.AddlMonit.WET.ERM.pdf,2019/011 Form Submissions/19.10.Eff.AddlMonit.WET.ERM.pdf,1642 KB
2019,011 Form Submissions,19.12.Eff.FollowUp.WET.ERM.pdf,2019/011 Form Submissions/19.12.Eff.FollowUp.WET.ERM.pdf,1640 KB
2019,011 Form Submissions,FY19 Biosolids Lab Data sheet-Oct.pdf,2019/011 Form Submissions/FY19 Biosolids Lab Data sheet-Oct.pdf,135 KB
2019,011 Form Submissions,FY19 Biosolids Lab data Sheet-June.pdf,2019/011 Form Submissions/FY19 Biosolids Lab data Sheet-June.pdf,134 KB
2019,011 Form Submissions,FY19 Pathogen Results-Spring.pdf,2019/011 Form Submissions/FY19 Pathogen Results-Spring.pdf,1055 KB
2019,011 Form Submissions,FY19 Pathogen results-Fall.pdf,2019/011 Form Submissions/FY19 Pathogen results-Fall.pdf,186 KB
2019,011 Form Submissions,FY20 Digestor Sludge Temps-Fall 2019.pdf,2019/011 Form Submissions/FY20 Digestor Sludge Temps-Fall 2019.pdf,2827 KB
2019,011 Form Submissions,FY20 Lab Log-Solids and DTs-Fall 2019.pdf,2019/011 Form Submissions/FY20 Lab Log-Solids and DTs-Fall 2019.pdf,127 KB
2019,011 Form Submissions,FY20 Metals-Nutrient Results-Sept 2019.pdf,2019/011 Form Submissions/FY20 Metals-Nutrient Results-Sept 2019.pdf,2699 KB
2019,011 Form Submissions,FY20 Pathogen Results-Sept 2019.pdf,2019/011 Form Submissions/FY20 Pathogen Results-Sept 2019.pdf,786 KB
2019,011 Form Submissions,HNQ-VZP8-TWNRX V1.pdf,2019/011 Form Submissions/HNQ-VZP8-TWNRX V1.pdf,46 KB
2019,011 Form Submissions,HNT-5SPH-XVKKZ V1.pdf,2019/011 Form Submissions/HNT-5SPH-XVKKZ V1.pdf,68 KB
2019,011 Form Submissions,HNV-XK97-EV0GR V1.pdf,2019/011 Form Submissions/HNV-XK97-EV0GR V1.pdf,42 KB
2019,011 Form Submissions,HNY-0A3C-HVRY7 V1.pdf,2019/011 Form Submissions/HNY-0A3C-HVRY7 V1.pdf,255 KB
2019,011 Form Submissions,HPJ-N5BJ-2CYH5 V1.pdf,2019/011 Form Submissions/HPJ-N5BJ-2CYH5 V1.pdf,80 KB
2019,011 Form Submissions,Phone Log 10-24-2019.pdf,2019/011 Form Submissions/Phone Log 10-24-2019.pdf,635 KB
2019,011 Form Submissions,UpdatedPELSheet_MI0020257_4-11-2019.pdf,2019/011 Form Submissions/UpdatedPELSheet_MI0020257_4-11-2019.pdf,74 KB
Source/Pathway,KEY SOURCE & PATHWAY DOCS,3-19 Sludge Data (1).pdf,KEY SOURCE & PATHWAY DOCS/3-19 Sludge Data (1).pdf,969 KB
Source/Pathway,KEY SOURCE & PATHWAY DOCS,3-19 Sludge Data.pdf,KEY SOURCE & PATHWAY DOCS/3-19 Sludge Data.pdf,969 KB
Source/Pathway,KEY SOURCE & PATHWAY DOCS,4-19 Sludge Data (1).pdf,KEY SOURCE & PATHWAY DOCS/4-19 Sludge Data (1).pdf,958 KB
Source/Pathway,KEY SOURCE & PATHWAY DOCS,4-19 Sludge Data.pdf,KEY SOURCE & PATHWAY DOCS/4-19 Sludge Data.pdf,958 KB
Source/Pathway,KEY SOURCE & PATHWAY DOCS,AAR PFAS Survey.pdf,KEY SOURCE & PATHWAY DOCS/AAR PFAS Survey.pdf,381 KB
Source/Pathway,KEY SOURCE & PATHWAY DOCS,APS PFAS Screening.pdf,KEY SOURCE & PATHWAY DOCS/APS PFAS Screening.pdf,1048 KB
Source/Pathway,KEY SOURCE & PATHWAY DOCS,American Waste PFAS Survey.pdf,KEY SOURCE & PATHWAY DOCS/American Waste PFAS Survey.pdf,266 KB
Source/Pathway,KEY SOURCE & PATHWAY DOCS,Arvco PFAS Survey.pdf,KEY SOURCE & PATHWAY DOCS/Arvco PFAS Survey.pdf,159 KB
Source/Pathway,KEY SOURCE & PATHWAY DOCS,Avon PFAS Survey.pdf,KEY SOURCE & PATHWAY DOCS/Avon PFAS Survey.pdf,366 KB
Source/Pathway,KEY SOURCE & PATHWAY DOCS,CCI PFAS Survey.pdf,KEY SOURCE & PATHWAY DOCS/CCI PFAS Survey.pdf,1440 KB
Source/Pathway,KEY SOURCE & PATHWAY DOCS,Cadillac WWTP 2nd PFAS-IPP Mailing.pdf,KEY SOURCE & PATHWAY DOCS/Cadillac WWTP 2nd PFAS-IPP Mailing.pdf,140 KB
Source/Pathway,KEY SOURCE & PATHWAY DOCS,Cadillac WWTP 4th PFAS IPP Mailing.pdf,KEY SOURCE & PATHWAY DOCS/Cadillac WWTP 4th PFAS IPP Mailing.pdf,331 KB
Source/Pathway,KEY SOURCE & PATHWAY DOCS,Cadillac WWTP MI0020257 IPP PFAS Dec 2019 Status (1).pdf,KEY SOURCE & PATHWAY DOCS/Cadillac WWTP MI0020257 IPP PFAS Dec 2019 Status (1).pdf,192 KB
Source/Pathway,KEY SOURCE & PATHWAY DOCS,Cadillac WWTP MI0020257 IPP PFAS Dec 2019 Status.pdf,KEY SOURCE & PATHWAY DOCS/Cadillac WWTP MI0020257 IPP PFAS Dec 2019 Status.pdf,192 KB
Source/Pathway,KEY SOURCE & PATHWAY DOCS,Cadillac WWTP PFAS Interim and Summary Rpt Approval Letter (1).pdf,KEY SOURCE & PATHWAY DOCS/Cadillac WWTP PFAS Interim and Summary Rpt Approval Letter (1).pdf,117 KB
Source/Pathway,KEY SOURCE & PATHWAY DOCS,Cadillac WWTP PFAS Interim and Summary Rpt Approval Letter.pdf,KEY SOURCE & PATHWAY DOCS/Cadillac WWTP PFAS Interim and Summary Rpt Approval Letter.pdf,117 KB
Source/Pathway,KEY SOURCE & PATHWAY DOCS,Cadillac WWTP PFAS Letter (1).pdf,KEY SOURCE & PATHWAY DOCS/Cadillac WWTP PFAS Letter (1).pdf,200 KB
Source/Pathway,KEY SOURCE & PATHWAY DOCS,Cadillac WWTP PFAS Letter (2).pdf,KEY SOURCE & PATHWAY DOCS/Cadillac WWTP PFAS Letter (2).pdf,200 KB
Source/Pathway,KEY SOURCE & PATHWAY DOCS,Cadillac WWTP PFAS Letter (3).pdf,KEY SOURCE & PATHWAY DOCS/Cadillac WWTP PFAS Letter (3).pdf,121 KB
Source/Pathway,KEY SOURCE & PATHWAY DOCS,Cadillac WWTP PFAS Letter (4).pdf,KEY SOURCE & PATHWAY DOCS/Cadillac WWTP PFAS Letter (4).pdf,200 KB
Source/Pathway,KEY SOURCE & PATHWAY DOCS,Cadillac WWTP PFAS Letter (5).pdf,KEY SOURCE & PATHWAY DOCS/Cadillac WWTP PFAS Letter (5).pdf,200 KB
Source/Pathway,KEY SOURCE & PATHWAY DOCS,Cadillac WWTP PFAS Letter (6).pdf,KEY SOURCE & PATHWAY DOCS/Cadillac WWTP PFAS Letter (6).pdf,200 KB
Source/Pathway,KEY SOURCE & PATHWAY DOCS,Cadillac WWTP PFAS Letter.pdf,KEY SOURCE & PATHWAY DOCS/Cadillac WWTP PFAS Letter.pdf,200 KB
Source/Pathway,KEY SOURCE & PATHWAY DOCS,EGLE WRD Notification of 2024 Biosolids Containing PFAS Interim Strategy - Important Update.pdf,KEY SOURCE & PATHWAY DOCS/EGLE WRD Notification of 2024 Biosolids Containing PFAS Interim Strategy - Important Update.pdf,432 KB
Source/Pathway,KEY SOURCE & PATHWAY DOCS,EM-RMP Sludge Data - 38 percent vol sol reduc info (1).pdf,KEY SOURCE & PATHWAY DOCS/EM-RMP Sludge Data - 38 percent vol sol reduc info (1).pdf,2158 KB
Source/Pathway,KEY SOURCE & PATHWAY DOCS,EM-RMP Sludge Data - 38 percent vol sol reduc info.pdf,KEY SOURCE & PATHWAY DOCS/EM-RMP Sludge Data - 38 percent vol sol reduc info.pdf,2158 KB
Source/Pathway,KEY SOURCE & PATHWAY DOCS,EM-raw sludge data - excel spreadsheet - June 2019 attached (1).pdf,KEY SOURCE & PATHWAY DOCS/EM-raw sludge data - excel spreadsheet - June 2019 attached (1).pdf,106 KB
Source/Pathway,KEY SOURCE & PATHWAY DOCS,EM-raw sludge data - excel spreadsheet - June 2019 attached.pdf,KEY SOURCE & PATHWAY DOCS/EM-raw sludge data - excel spreadsheet - June 2019 attached.pdf,106 KB
Source/Pathway,KEY SOURCE & PATHWAY DOCS,EM-raw sludge data - excel spreadsheet - do you have...... (1).pdf,KEY SOURCE & PATHWAY DOCS/EM-raw sludge data - excel spreadsheet - do you have...... (1).pdf,40 KB
Source/Pathway,KEY SOURCE & PATHWAY DOCS,EM-raw sludge data - excel spreadsheet - do you have.......pdf,KEY SOURCE & PATHWAY DOCS/EM-raw sludge data - excel spreadsheet - do you have.......pdf,40 KB
Source/Pathway,KEY SOURCE & PATHWAY DOCS,FIAMM PFAS Survey.pdf,KEY SOURCE & PATHWAY DOCS/FIAMM PFAS Survey.pdf,330 KB
Source/Pathway,KEY SOURCE & PATHWAY DOCS,FW_ TestAmerica invoice and report files from 190-17646-1 City of Cadillac (1).pdf,KEY SOURCE & PATHWAY DOCS/FW_ TestAmerica invoice and report files from 190-17646-1 City of Cadillac (1).pdf,2633 KB
Source/Pathway,KEY SOURCE & PATHWAY DOCS,FW_ TestAmerica invoice and report files from 190-17646-1 City of Cadillac (2).pdf,KEY SOURCE & PATHWAY DOCS/FW_ TestAmerica invoice and report files from 190-17646-1 City of Cadillac (2).pdf,2633 KB
Source/Pathway,KEY SOURCE & PATHWAY DOCS,FW_ TestAmerica invoice and report files from 190-17646-1 City of Cadillac.pdf,KEY SOURCE & PATHWAY DOCS/FW_ TestAmerica invoice and report files from 190-17646-1 City of Cadillac.pdf,2633 KB
Source/Pathway,KEY SOURCE & PATHWAY DOCS,HAVS PFAS Survey.pdf,KEY SOURCE & PATHWAY DOCS/HAVS PFAS Survey.pdf,86 KB
Source/Pathway,KEY SOURCE & PATHWAY DOCS,J17646-1 UDS Level 2 Report Final Report (Leachate) (1).pdf,KEY SOURCE & PATHWAY DOCS/J17646-1 UDS Level 2 Report Final Report (Leachate) (1).pdf,2168 KB
Source/Pathway,KEY SOURCE & PATHWAY DOCS,J17646-1 UDS Level 2 Report Final Report (Leachate).pdf,KEY SOURCE & PATHWAY DOCS/J17646-1 UDS Level 2 Report Final Report (Leachate).pdf,2168 KB
Source/Pathway,KEY SOURCE & PATHWAY DOCS,J17646-1 UDS Level 2 Report Final Report.pdf,KEY SOURCE & PATHWAY DOCS/J17646-1 UDS Level 2 Report Final Report.pdf,2168 KB
Source/Pathway,KEY SOURCE & PATHWAY DOCS,MI0020257 PFAS-IPP Letter 2-20-2018.pdf,KEY SOURCE & PATHWAY DOCS/MI0020257 PFAS-IPP Letter 2-20-2018.pdf,351 KB
Source/Pathway,KEY SOURCE & PATHWAY DOCS,Mich Rubber PFAS Survey.pdf,KEY SOURCE & PATHWAY DOCS/Mich Rubber PFAS Survey.pdf,1260 KB
Source/Pathway,KEY SOURCE & PATHWAY DOCS,Piranha PFAS Survey.pdf,KEY SOURCE & PATHWAY DOCS/Piranha PFAS Survey.pdf,1301 KB
Source/Pathway,KEY SOURCE & PATHWAY DOCS,RE_ Cadillac WWTP - IPP PFAS Interim Report Review (1).pdf,KEY SOURCE & PATHWAY DOCS/RE_ Cadillac WWTP - IPP PFAS Interim Report Review (1).pdf,109 KB
Source/Pathway,KEY SOURCE & PATHWAY DOCS,RE_ Cadillac WWTP - IPP PFAS Interim Report Review.pdf,KEY SOURCE & PATHWAY DOCS/RE_ Cadillac WWTP - IPP PFAS Interim Report Review.pdf,93 KB
Source/Pathway,KEY SOURCE & PATHWAY DOCS,RE_ Cadillac WWTP - IPP PFAS Interim Report Review2 (1).pdf,KEY SOURCE & PATHWAY DOCS/RE_ Cadillac WWTP - IPP PFAS Interim Report Review2 (1).pdf,109 KB
Source/Pathway,KEY SOURCE & PATHWAY DOCS,RE_ Cadillac WWTP - IPP PFAS Interim Report Review2.pdf,KEY SOURCE & PATHWAY DOCS/RE_ Cadillac WWTP - IPP PFAS Interim Report Review2.pdf,109 KB
Source/Pathway,KEY SOURCE & PATHWAY DOCS,RE_ EGLE WRD Notification of 2024 Biosolids Containing PFAS Interim Strategy - Important Update.pdf,KEY SOURCE & PATHWAY DOCS/RE_ EGLE WRD Notification of 2024 Biosolids Containing PFAS Interim Strategy - Important Update.pdf,100 KB
Source/Pathway,KEY SOURCE & PATHWAY DOCS,RE_ IPP PFAS Initiative Sampling Guidance_ Suggested Analytes (1).pdf,KEY SOURCE & PATHWAY DOCS/RE_ IPP PFAS Initiative Sampling Guidance_ Suggested Analytes (1).pdf,168 KB
Source/Pathway,KEY SOURCE & PATHWAY DOCS,RE_ IPP PFAS Initiative Sampling Guidance_ Suggested Analytes (2).pdf,KEY SOURCE & PATHWAY DOCS/RE_ IPP PFAS Initiative Sampling Guidance_ Suggested Analytes (2).pdf,168 KB
Source/Pathway,KEY SOURCE & PATHWAY DOCS,RE_ IPP PFAS Initiative Sampling Guidance_ Suggested Analytes.pdf,KEY SOURCE & PATHWAY DOCS/RE_ IPP PFAS Initiative Sampling Guidance_ Suggested Analytes.pdf,168 KB
Source/Pathway,KEY SOURCE & PATHWAY DOCS,RE_ TestAmerica invoice and report files from 190-17646-1 City of Cadillac.pdf,KEY SOURCE & PATHWAY DOCS/RE_ TestAmerica invoice and report files from 190-17646-1 City of Cadillac.pdf,185 KB
Source/Pathway,KEY SOURCE & PATHWAY DOCS,Rec Boat PFAS Survey.pdf,KEY SOURCE & PATHWAY DOCS/Rec Boat PFAS Survey.pdf,2862 KB
Source/Pathway,KEY SOURCE & PATHWAY DOCS,Spencer Plastic PFAS Survey.pdf,KEY SOURCE & PATHWAY DOCS/Spencer Plastic PFAS Survey.pdf,24 KB
Source/Pathway,KEY SOURCE & PATHWAY DOCS,TVS Sludge data with June 2019 (1).pdf,KEY SOURCE & PATHWAY DOCS/TVS Sludge data with June 2019 (1).pdf,40 KB
Source/Pathway,KEY SOURCE & PATHWAY DOCS,TVS Sludge data with June 2019 - CS (1).pdf,KEY SOURCE & PATHWAY DOCS/TVS Sludge data with June 2019 - CS (1).pdf,45 KB
Source/Pathway,KEY SOURCE & PATHWAY DOCS,TVS Sludge data with June 2019 - CS.pdf,KEY SOURCE & PATHWAY DOCS/TVS Sludge data with June 2019 - CS.pdf,45 KB
Source/Pathway,KEY SOURCE & PATHWAY DOCS,TVS Sludge data with June 2019.pdf,KEY SOURCE & PATHWAY DOCS/TVS Sludge data with June 2019.pdf,40 KB
Source/Pathway,KEY SOURCE & PATHWAY DOCS,TVS Sludge-Temp data Mar-Apr-June 2019 (1).pdf,KEY SOURCE & PATHWAY DOCS/TVS Sludge-Temp data Mar-Apr-June 2019 (1).pdf,40 KB
Source/Pathway,KEY SOURCE & PATHWAY DOCS,TVS Sludge-Temp data Mar-Apr-June 2019.pdf,KEY SOURCE & PATHWAY DOCS/TVS Sludge-Temp data Mar-Apr-June 2019.pdf,40 KB
Source/Pathway,KEY SOURCE & PATHWAY DOCS,WEXFORD LANDFILL.pdf,KEY SOURCE & PATHWAY DOCS/WEXFORD LANDFILL.pdf,55 KB
Source/Pathway,KEY SOURCE & PATHWAY DOCS,deq-tou-WRD-IPP_PFAS_Guidance-ScreeningEvaluation_620434_7.pdf,KEY SOURCE & PATHWAY DOCS/deq-tou-WRD-IPP_PFAS_Guidance-ScreeningEvaluation_620434_7.pdf,265 KB
