Index,OldPath,NewPath,Category,Verification
0,00 - Reference Data (CSV exports)/0P1-01 Process Flow.pdf,10 - Process & Site Documents/2007 - Stantec Drawing 0P1.01 - Process Flow Diagram I - Cadillac WWTP 2007 Improvements.pdf,10 - Process & Site Documents,VIEWED
1,00 - Reference Data (CSV exports)/0P1-02 Process Flow.pdf,10 - Process & Site Documents/2007 - Stantec Drawing 0P1.02 - Process Flow Diagram II - Cadillac WWTP 2007 Improvements.pdf,10 - Process & Site Documents,VIEWED
2,00 - Reference Data (CSV exports)/0P1-03 Process Flow.pdf,10 - Process & Site Documents/2007 - Stantec Drawing 0P1.03 - Process Flow Diagram III - Cadillac WWTP 2007 Improvements.pdf,10 - Process & Site Documents,VIEWED
3,01 - DMRs (Discharge Monitoring Reports)/2010_0728_Cadillac WWTP_DMR QA-30.pdf,01 - DMRs (Discharge Monitoring Reports)/2010-07-27 - EPA DMR-QA Study 30 - NPDES Permittee Data Report Form - Cadillac WWTP MI0020257 (Amy Vail).pdf,01 - DMRs (Discharge Monitoring Reports),VIEWED
4,01 - DMRs (Discharge Monitoring Reports)/2011_0805_Cadillac WWTP_DMR QA-31.pdf,01 - DMRs (Discharge Monitoring Reports)/2011-08-05 - EPA DMR-QA Study 31 - NPDES Permittee Data Report & Lab Identification - Cadillac WWTP MI0020257.pdf,01 - DMRs (Discharge Monitoring Reports),VIEWED
5,01 - DMRs (Discharge Monitoring Reports)/2012_0817_Cadillac WWTP_DMR QA-32.pdf,01 - DMRs (Discharge Monitoring Reports)/2012-07-30 - EPA DMR-QA Study 32 - NPDES Permittee Data Report Form - Cadillac WWTP MI0020257 (Amy Vail).pdf,01 - DMRs (Discharge Monitoring Reports),VIEWED
6,01 - DMRs (Discharge Monitoring Reports)/2013-08-14__4611196213415728235__2013_0814_Cadillac WWTP_DMR QA-33.pdf.pdf,01 - DMRs (Discharge Monitoring Reports)/2013-08-09 - EPA DMR-QA Study 33 - NPDES Permittee Data Report Form - Cadillac WWTP MI0020257 (Amy Vail).pdf,01 - DMRs (Discharge Monitoring Reports),VIEWED
7,01 - DMRs (Discharge Monitoring Reports)/2014_0818_Cadillac WWTP_DMR QA-34.pdf,01 - DMRs (Discharge Monitoring Reports)/2014-08-14 - EPA DMR-QA Study 34 - NPDES Permittee Data Report Form - Cadillac WWTP MI0020257 (Amy Vail).pdf,01 - DMRs (Discharge Monitoring Reports),VIEWED
8,01 - DMRs (Discharge Monitoring Reports)/2015_0805_Cadillac WWTP_DMR QA-35.pdf,01 - DMRs (Discharge Monitoring Reports)/2015-07-31 - EPA DMR-QA Study 35 - NPDES Permittee Data Report Form - Cadillac WWTP MI0020257 (Amy Vail; annotated Wexford Co municipal; DEQ recd 2015-08-05).pdf,01 - DMRs (Discharge Monitoring Reports),VIEWED
9,01 - DMRs (Discharge Monitoring Reports)/2016_0802_Cadillac WWTP_DMR QA-36.pdf,01 - DMRs (Discharge Monitoring Reports)/2016-08-01 - EPA DMR-QA Study 36 - NPDES Permittee Data Report Form - Cadillac WWTP MI0020257 (Amy Vail; DEQ recd 2016-08-02).pdf,01 - DMRs (Discharge Monitoring Reports),VIEWED
10,01 - DMRs (Discharge Monitoring Reports)/Cadillac WWTP DMRQA 35.pdf,01 - DMRs (Discharge Monitoring Reports)/2015-07-31 - EPA DMR-QA Study 35 - NPDES Permittee Data Report Form - Cadillac WWTP MI0020257 (Amy Vail; clean scan without annotation).pdf,01 - DMRs (Discharge Monitoring Reports),VIEWED
11,01 - DMRs (Discharge Monitoring Reports)/Cadillac WWTP DMRQA 37 083117.pdf,01 - DMRs (Discharge Monitoring Reports)/2017-08-31 - EPA DMR-QA Study 37 - NPDES Permittee Data Report Form - Cadillac WWTP MI0020257 (Cindy Tomaszewski).pdf,01 - DMRs (Discharge Monitoring Reports),VIEWED
12,01 - DMRs (Discharge Monitoring Reports)/Cadillac WWTP DMRQA 38 083118.pdf,01 - DMRs (Discharge Monitoring Reports)/2018-08-31 - EPA DMR-QA Study 38 - NPDES Permittee Data Report Form - Cadillac WWTP MI0020257 (Cindy Tomaszewski).pdf,01 - DMRs (Discharge Monitoring Reports),VIEWED
13,01 - DMRs (Discharge Monitoring Reports)/DMRQA 36.Cadillac WWTP.pdf,01 - DMRs (Discharge Monitoring Reports)/2016-08-01 - EPA DMR-QA Study 36 - NPDES Permittee Data Report Form - Cadillac WWTP MI0020257 (Amy Vail; second scan).pdf,01 - DMRs (Discharge Monitoring Reports),VIEWED
14,01 - DMRs (Discharge Monitoring Reports)/DMRQA Study 44-Cadillac WWTP_COPY.pdf,01 - DMRs (Discharge Monitoring Reports)/2024 - EPA DMR-QA Study 44 Final Report (ERA) - Cadillac WWTP MI0020257 - photographed hard copy.pdf,01 - DMRs (Discharge Monitoring Reports),VIEWED
15,02 - NPDES Permits & Permit Issuance/2013-08-16__7119989374435100322__MDEQ Draft NPDES Response from Cadillac.pdf.pdf,"02 - NPDES Permits & Permit Issuance/2013-07-31 - City of Cadillac Letter to DEQ (Bitondo) - Comments on Draft NPDES Permit - Cyanide, Copper, Mercury Concerns.pdf",02 - NPDES Permits & Permit Issuance,VIEWED
16,02 - NPDES Permits & Permit Issuance/2015_0331_Cadillac WWTP_2014 MMP Yearly Status Report.pdf,02 - NPDES Permits & Permit Issuance/2015-03-31 - City of Cadillac Letter to DEQ (Wade) - 2014 Pollutant Minimization Plan Yearly Status Report - Mercury (Rahbarnoohi).pdf,02 - NPDES Permits & Permit Issuance,VIEWED
17,02 - NPDES Permits & Permit Issuance/2016-07-26__-7084006178792149061__completed public notice certification form.pdf,12 - Wexford Landfill & Leachate/2016-07-15 - Wexford County Landfill - Certification of Public Notice - Draft Groundwater Discharge Permit (Rule 2117).pdf,12 - Wexford Landfill & Leachate,VIEWED
18,02 - NPDES Permits & Permit Issuance/2026-03-24__5857446858094699876__Affidavit of Publication.pdf.pdf,"03 - IPP (Industrial Pretreatment)/2026-03-14 - Affidavit of Publication - Public Notice of IPP Significant Non-Compliance Exceedances for 2025 (AAR, ARVCO, Cadillac Castings, FIAMM, Hutchinson, MI Rubber).pdf",03 - IPP (Industrial Pretreatment),VIEWED
19,02 - NPDES Permits & Permit Issuance/Affidavit of Publication.pdf,"03 - IPP (Industrial Pretreatment)/2021-03-17 - Affidavit of Publication - Public Notice of IPP Significant Non-Compliance Exceedances for 2020 (Rec Boats, Cadillac Castings, AAR, Cadillac Renewable Energy).pdf",03 - IPP (Industrial Pretreatment),VIEWED
20,02 - NPDES Permits & Permit Issuance/Cadillac PMP.pdf,02 - NPDES Permits & Permit Issuance/2014-03-25 - City of Cadillac Letter to DEQ (Jankowski) - 2013 Pollutant Minimization Plan Yearly Status Report - Mercury (Rahbarnoohi; scanned upside down; DEQ recd 2014-03-26).pdf,02 - NPDES Permits & Permit Issuance,VIEWED
21,02 - NPDES Permits & Permit Issuance/Cadillac WWTP Application.pdf,02 - NPDES Permits & Permit Issuance/2012 - NPDES Wastewater Discharge Permit Application EQP4659-A Section I - City of Cadillac WWTP MI0020257 (fee receipt 2012).pdf,02 - NPDES Permits & Permit Issuance,VIEWED
22,02 - NPDES Permits & Permit Issuance/WQBEL Cadillac WWTP 6-7-07.pdf,02 - NPDES Permits & Permit Issuance/2007-06-07 - DEQ Interoffice Memo (Holden to Scott) - Cadillac WWTP Local Limits Review - Theoretical WQBELs Table.pdf,02 - NPDES Permits & Permit Issuance,VIEWED
23,02 - NPDES Permits & Permit Issuance/WQBEL Memo - Toxics (1).pdf,02 - NPDES Permits & Permit Issuance/2008-05-15 - MDEQ Email (Brunsen to Fischer) - NPDES Draft Permit CBOD and Ammonia AWT Values - Clam River.pdf,02 - NPDES Permits & Permit Issuance,VIEWED
24,03 - IPP (Industrial Pretreatment)/CA Cadillac WWTP IPP Annual Report 2010.pdf,03 - IPP (Industrial Pretreatment)/2011-03-30 - City of Cadillac Letter of Transmittal to DEQ (Stifler) - 2010 Annual IPP Report (Rahbarnoohi; recd 2011-04-01).pdf,03 - IPP (Industrial Pretreatment),VIEWED
25,03 - IPP (Industrial Pretreatment)/Cadillac WWTP IPP 2011.pdf,03 - IPP (Industrial Pretreatment)/2012-03-28 - City of Cadillac Letter of Transmittal to DEQ (Pauilk) - 2011 Annual IPP Report (Rahbarnoohi; recd 2012-03-29).pdf,03 - IPP (Industrial Pretreatment),VIEWED
26,03 - IPP (Industrial Pretreatment)/Cadillac WWTP Must Apply Letter.pdf,03 - IPP (Industrial Pretreatment)/2012-01-19 - DEQ Letter to City of Cadillac (Cook) - Notification to Reapply for NPDES Permit MI0020257 - Due 2012-04-03.pdf,03 - IPP (Industrial Pretreatment),VIEWED
27,03 - IPP (Industrial Pretreatment)/Cadillac WWTP SIU Information.pdf,03 - IPP (Industrial Pretreatment)/2012 ca - NPDES Application EQP4659-C Section II-D - SIU Information Sheet - Avon Automotives Permit 590-06 - 254000 GPD Process Wastewater.pdf,03 - IPP (Industrial Pretreatment),VIEWED
28,03 - IPP (Industrial Pretreatment)/IPP 2022 News.pdf,"03 - IPP (Industrial Pretreatment)/2023-03-22 - Cadillac News Clipping - Public Notice of IPP Significant Non-Compliance Exceedances for 2022 (Rec Boats, Cadillac Castings, AAR) - full page with highlight.pdf",03 - IPP (Industrial Pretreatment),VIEWED
29,03 - IPP (Industrial Pretreatment)/IPP News Affidavit 2023.pdf,"03 - IPP (Industrial Pretreatment)/2023-03-27 - Affidavit of Publication - Public Notice of IPP Significant Non-Compliance Exceedances for 2022 (Rec Boats, Cadillac Castings, AAR).pdf",03 - IPP (Industrial Pretreatment),VIEWED
30,03 - IPP (Industrial Pretreatment)/IPP Profile.pdf,"03 - IPP (Industrial Pretreatment)/2015-05-14 - DEQ IPP Profile EQP5983 - City of Cadillac WWTP MI0020257 (completed Rahbarnoohi, reviewed Julie) - Pretreatment Compliance Inspection E-91D5-97-E7D2.pdf",03 - IPP (Industrial Pretreatment),VIEWED
31,03 - IPP (Industrial Pretreatment)/IPP modification 812023.pdf,03 - IPP (Industrial Pretreatment)/2023-08 - City of Cadillac Letter to EGLE (Lowe) - Proposed MAHL and Local Limits - Request for Review and Approval - Table of Draft Standard Local Limits.pdf,03 - IPP (Industrial Pretreatment),VIEWED
32,03 - IPP (Industrial Pretreatment)/Mich Rubber Response.pdf,04 - PFAS Monitoring/2018-06-14 - City of Cadillac Letter (Langworthy) to Michigan Rubber Products - PFAS Survey Determination - Not a Probable Source.pdf,04 - PFAS Monitoring,VIEWED
35,04 - PFAS Monitoring/AAR PFAS Survey.pdf,"04 - PFAS Monitoring/2018-05-22 - IPP PFAS Initiative Screening Survey - AAR Mobility Systems Cadillac (Greg Shay, ESH-Facility Mgr).pdf",04 - PFAS Monitoring,VIEWED
36,04 - PFAS Monitoring/APS PFAS Screening.pdf,"04 - PFAS Monitoring/2018-06-06 - IPP PFAS Initiative Screening Survey - Avon Protection Systems Inc (Connor Whelan, Lab Test Engineer) - notes no PFAS use.pdf",04 - PFAS Monitoring,VIEWED
37,04 - PFAS Monitoring/Arvco PFAS Survey.pdf,"04 - PFAS Monitoring/2018-05-30 - IPP PFAS Initiative Screening Survey - Arvco Container Corporation (Jamie Doll, Dir Quality).pdf",04 - PFAS Monitoring,VIEWED
38,04 - PFAS Monitoring/Avon PFAS Survey.pdf,"04 - PFAS Monitoring/2018-05-14 - IPP PFAS Initiative Screening Survey - Avon Automotive (Jamie Pritchard, HSEE Engineer).pdf",04 - PFAS Monitoring,VIEWED
39,04 - PFAS Monitoring/CCI PFAS Survey.pdf,"04 - PFAS Monitoring/2018-05-14 - IPP PFAS Initiative Screening Survey - Cadillac Casting Inc (Erik Olson, HSE Manager).pdf",04 - PFAS Monitoring,VIEWED
40,04 - PFAS Monitoring/Cadillac WWTP - RMP PFAS Modification 4-5-2021.pdf,04 - PFAS Monitoring/2021-04-05 - EGLE Letter to Cadillac WWTP - PFAS and Land Application of Biosolids - Notice of RMP Modification - PFAS Analysis Required Before Land Application.pdf,04 - PFAS Monitoring,VIEWED
41,04 - PFAS Monitoring/Cadillac WWTP 2nd PFAS-IPP Mailing - describes the WMRPD-landfill industry coordinated leachate sampling effort that was being developed at that time - but doesn't include the study itself..pdf,04 - PFAS Monitoring/2018-04-18 - DEQ Letter to Dietlin (2nd IPP PFAS Mailing) - PFAS Source Evaluation Follow Up - WMRPD Landfill Leachate Sampling Effort (annotated copy).pdf,04 - PFAS Monitoring,VIEWED
43,04 - PFAS Monitoring/Cadillac WWTP 4th PFAS IPP Mailing.pdf,"04 - PFAS Monitoring/2020-09-10 - EGLE Letter to Dietlin (4th IPP PFAS Mailing) - IPP PFAS Initiative Update - PFOS Reduction, Compliance Schedules.pdf",04 - PFAS Monitoring,VIEWED
44,04 - PFAS Monitoring/Cadillac WWTP MI0020257 IPP PFAS Dec 2019 Status.pdf,04 - PFAS Monitoring/2019-12-03 - EGLE Letter to Dietlin - IPP PFAS Initiative Status as of 2019-10-15 - Landfills and Platers Identified as Significant PFOS Sources.pdf,04 - PFAS Monitoring,VIEWED
45,04 - PFAS Monitoring/EGLE-COMPARISON-09102025_22.9.pdf,04 - PFAS Monitoring/2025-09-10 - EGLE-MPART Comparability Study Results Table - 1140 Plett Rd - Cyclopure vs EGLE vs Merit - PFOA-PFOS Exceedances Highlighted.pdf,04 - PFAS Monitoring,VIEWED
46,04 - PFAS Monitoring/FIAMM PFAS Survey.pdf,"04 - PFAS Monitoring/2018-05-11 - IPP PFAS Initiative Screening Survey - FIAMM (Jason Roorda, Technical Services Mgr) - notes no sections apply.pdf",04 - PFAS Monitoring,VIEWED
47,04 - PFAS Monitoring/MI0020257 PFAS-IPP Letter 2-20-2018.pdf,04 - PFAS Monitoring/2018-02-20 - DEQ Letter to Dietlin (1st IPP PFAS Mailing) - PFAS Source Evaluation and Reduction Requirements - IPP PFAS Initiative Kickoff.pdf,04 - PFAS Monitoring,VIEWED
48,04 - PFAS Monitoring/Mich Rubber PFAS Survey.pdf,"04 - PFAS Monitoring/2018-05-18 - IPP PFAS Initiative Screening Survey - Michigan Rubber Products (Lorraine Barnard, Technical Asst) - Section 4 PTFE noted.pdf",04 - PFAS Monitoring,VIEWED
50,04 - PFAS Monitoring/Piranha PFAS Survey.pdf,"04 - PFAS Monitoring/2018-06-07 - IPP PFAS Initiative Screening Survey - Piranha Hose Products (Dean Rohn, VP).pdf",04 - PFAS Monitoring,VIEWED
51,04 - PFAS Monitoring/Plett Rd PFAS Test Results Map - Exhibit.pdf,All Documents used for prep/2026 - Plett Rd PFAS Test Results Map Exhibit - 1121-1140-1118-1110-1108 Plett Rd - map page with legend (self-made exhibit).pdf,All Documents used for prep,VIEWED
58,04 - PFAS Monitoring/Rec Boat PFAS Survey.pdf,"04 - PFAS Monitoring/2018-05-22 - IPP PFAS Initiative Screening Survey - Groupe Beneteau-Rec Boat Holdings (Rick Videan, VP Operations).pdf",04 - PFAS Monitoring,VIEWED
59,04 - PFAS Monitoring/Spencer Plastic PFAS Survey.pdf,"04 - PFAS Monitoring/2018-05-30 - IPP PFAS Initiative Screening Survey - Spencer Plastics (Scott Monroe, Plant Mgr) - no chemicals in question.pdf",04 - PFAS Monitoring,VIEWED
61,05 - Biosolids & Land Application/05-02-22 Ltr to Clare Lowe - EGLE.pdf,03 - IPP (Industrial Pretreatment)/2022-05-02 - Foster Swift (Barbieri) Letter to EGLE (Lowe) - NPDES MI0020257 - Request for 3-Month Extension re IPP Program Matters.pdf,03 - IPP (Industrial Pretreatment),VIEWED
62,05 - Biosolids & Land Application/210902.biosolids.HML.pdf,"05 - Biosolids & Land Application/2021-10-01 - HML Multiple Analysis Report 417132 - Biosolids Pathogen Testing Digester 4 (sampled 2021-09-02) - Fecal Coliform, Salmonella, Enteric Virus, Helminth.pdf",05 - Biosolids & Land Application,VIEWED
63,05 - Biosolids & Land Application/220308.biosolids.HML.pdf,05 - Biosolids & Land Application/2022-04-13 - HML Multiple Analysis Report 425699 - Biosolids Pathogen Testing Digester 4 (collected 2022-03-08) - Fecal Coliform 8435 MPN-g.pdf,05 - Biosolids & Land Application,VIEWED
64,05 - Biosolids & Land Application/220908.biosolids.HML.pdf,05 - Biosolids & Land Application/2022-10-12 - HML Multiple Analysis Report 435994 - Biosolids Pathogen Testing Digester 4 (collected 2022-09-08).pdf,05 - Biosolids & Land Application,VIEWED
65,05 - Biosolids & Land Application/230413.biosolids.pathogens.HML.pdf,05 - Biosolids & Land Application/2023-05-15 - HML Multiple Analysis Report 445424 - Biosolids Pathogen Testing Digester 3 (collected 2023-04-13) - Fecal Coliform 593 MPN-g.pdf,05 - Biosolids & Land Application,VIEWED
66,05 - Biosolids & Land Application/230928.biosolids.pathogens.HML.pdf,05 - Biosolids & Land Application/2023-11-03 - HML Multiple Analysis Report 455210 - Biosolids Pathogen Testing Digester (collected 2023-09-28).pdf,05 - Biosolids & Land Application,VIEWED
67,05 - Biosolids & Land Application/240401.biosolids.pathogens.HML.pdf,05 - Biosolids & Land Application/2024-04-26 - HML Multiple Analysis Report 462071 - Biosolids Pathogen Testing Digester 4 (collected 2024-04-01).pdf,05 - Biosolids & Land Application,VIEWED
68,05 - Biosolids & Land Application/241003.biosolids.pathogens.HML.pdf,05 - Biosolids & Land Application/2024-11-01 - HML Multiple Analysis Report 473101 - Biosolids Pathogen Testing Digester 3 (collected 2024-10-03).pdf,05 - Biosolids & Land Application,VIEWED
69,05 - Biosolids & Land Application/3-19 Sludge Data.pdf,"05 - Biosolids & Land Application/2019-03 - WWTP Handwritten Sludge Data Log - March 2019 - Raw Sludge, Transfers, Supernatant by Digester.pdf",05 - Biosolids & Land Application,VIEWED
70,05 - Biosolids & Land Application/4-19 Sludge Data.pdf,"05 - Biosolids & Land Application/2019-04 - WWTP Handwritten Sludge Data Log - April 2019 - Raw Sludge, Transfers, Supernatant by Digester.pdf",05 - Biosolids & Land Application,VIEWED
71,05 - Biosolids & Land Application/Biosoilids Lab&Hauling Data Fall 22.pdf,05 - Biosolids & Land Application/2022-12 - Biosolids Lab and Hauling Data Sheet - December 2022 - 489580 Gallons 96.6 Dry Tons to Fields JR01-WR01-MN01.pdf,05 - Biosolids & Land Application,VIEWED
72,05 - Biosolids & Land Application/Biosoilids Lab&Hauling Sheet Spring 2024.pdf,05 - Biosolids & Land Application/2024-05 - Biosolids Lab and Hauling Data Sheet - May 2024 - 660232 Gallons 92 Dry Tons to Fields MN01-VS01-DI01.pdf,05 - Biosolids & Land Application,VIEWED
73,05 - Biosolids & Land Application/Cadillac WWTP Letter to DEQ - Biosolids Incorporation.pdf,05 - Biosolids & Land Application/2018-09-24 - City of Cadillac Letter to DEQ (Sneller) - Fall Biosolids Application Incorporation Due to Hauler Equipment Malfunction (Langworthy).pdf,05 - Biosolids & Land Application,VIEWED
74,05 - Biosolids & Land Application/Cadillac WWTP Septage Information.pdf,05 - Biosolids & Land Application/2017 - NPDES Application EQP4659-C Section II-D p14 - Nondomestic Wastewater incl Landfill Leachate 33600 GPD - No Septage - IPP Element Approval Dates.pdf,05 - Biosolids & Land Application,VIEWED
75,05 - Biosolids & Land Application/Cadillac WWTP-FY19 CPLR Arsenic Exceeded Notification.pdf,05 - Biosolids & Land Application/2021-01-26 - CPLR Compliance Certification R323.2408 - Six Land Application Sites Applied Oct 2018 (Langworthy) - FY19 Arsenic Exceedance Notification.pdf,05 - Biosolids & Land Application,VIEWED
76,05 - Biosolids & Land Application/Cadillac surface application 2014-2.pdf,05 - Biosolids & Land Application/2014 - Site Photograph - Biosolids Surface Application Field with DEQ Truck (photo 2 of 2).pdf,05 - Biosolids & Land Application,VIEWED
77,05 - Biosolids & Land Application/Cadillac surface application 2014.pdf,05 - Biosolids & Land Application/2014 - Site Photograph - Biosolids Surface Application Field (photo 1 of 2).pdf,05 - Biosolids & Land Application,VIEWED
78,05 - Biosolids & Land Application/Example-CPLR Site Notification Ltr - RH01.pdf,05 - Biosolids & Land Application/2015-09-02 - Synagro CPLR Notification Letter (Example Template) - Portland WWTP Site 06N-06W-35-RH01 - R323.2408 40 CFR 503.pdf,05 - Biosolids & Land Application,VIEWED
79,05 - Biosolids & Land Application/FY00 RMP Application - Appendices and Instr.pdf,05 - Biosolids & Land Application/2000-07-26 - City of Cadillac Cover Letter (Dietlin) to DEQ (Person) - FY2000 Biosolids RMP Report Submission - with Appendices and Instructions.pdf,05 - Biosolids & Land Application,VIEWED
80,05 - Biosolids & Land Application/FY00 RMP Application.pdf,05 - Biosolids & Land Application/2000-07-26 - City of Cadillac Cover Letter (Dietlin) to DEQ (Person) - FY2000 Biosolids RMP Report Submission (DEQ recd 2000-07-26).pdf,05 - Biosolids & Land Application,VIEWED
81,05 - Biosolids & Land Application/FY18 Applier Certification - Revised.pdf,05 - Biosolids & Land Application/FY2018 - Form LA-PR - Class B Pathogen Reduction and Site Restrictions Certification - Anaerobic Digestion PSRP - Cadillac WWTF (revised).pdf,05 - Biosolids & Land Application,VIEWED
82,05 - Biosolids & Land Application/FY18 Applier Certification-Management Practices.pdf,05 - Biosolids & Land Application/FY2018 - Form LA-MP - Land Application Management Practices Certification - Sites 1-4 - Cadillac WWTF.pdf,05 - Biosolids & Land Application,VIEWED
83,05 - Biosolids & Land Application/FY18 Applier Certification-Revised 2-signed.pdf,"05 - Biosolids & Land Application/FY2018 - Form LA-PR - Class B Pathogen Reduction Certification - Anaerobic Digestion PSRP - Cadillac WWTF (revision 2, signed).pdf",05 - Biosolids & Land Application,VIEWED
84,05 - Biosolids & Land Application/FY18 Applier-Class B Pathogen and Site Restriction Cert-Spring 2018.pdf,05 - Biosolids & Land Application/2018 Spring - Form LA-PR - Class B Pathogen Reduction Certification - Fecal Coliform Under 1 MPN - Applier - Cadillac WWTF.pdf,05 - Biosolids & Land Application,VIEWED
85,05 - Biosolids & Land Application/FY18 Applier-VAR Certification-Spring 2018.pdf,05 - Biosolids & Land Application/2018 Spring - Form LA-VAR - Vector Attraction Reduction Certification - Applier - Cadillac WWTF.pdf,05 - Biosolids & Land Application,VIEWED
86,05 - Biosolids & Land Application/FY18 As Applied 20N07W07-RJ02.pdf,05 - Biosolids & Land Application/2018 - Agronomic Rate Calculation Worksheet LA-ANR - Site 1 20N07W07-RJ02 - TKN 116000 mg-kg - As Applied - Cadillac WWTF.pdf,05 - Biosolids & Land Application,VIEWED
87,05 - Biosolids & Land Application/FY18 As Applied 21N09W19-TC01.pdf,05 - Biosolids & Land Application/2018 - Agronomic Rate Calculation Worksheet LA-ANR - Site 21N09W19-TC01 - As Applied - Cadillac WWTF (series-verified).pdf,05 - Biosolids & Land Application,SERIES-VERIFIED
88,05 - Biosolids & Land Application/FY18 As Applied 21N09W20-TC01.pdf,05 - Biosolids & Land Application/2018 - Agronomic Rate Calculation Worksheet LA-ANR - Site 21N09W20-TC01 - As Applied - Cadillac WWTF (series-verified).pdf,05 - Biosolids & Land Application,SERIES-VERIFIED
89,05 - Biosolids & Land Application/FY18 As Applied 21N09W30-GR01.pdf,05 - Biosolids & Land Application/2018 - Agronomic Rate Calculation Worksheet LA-ANR - Site 21N09W30-GR01 - As Applied - Cadillac WWTF (series-verified).pdf,05 - Biosolids & Land Application,SERIES-VERIFIED
90,05 - Biosolids & Land Application/FY18 Biosolids Lab Data sheet-May.pdf,05 - Biosolids & Land Application/2018-05 - Biosolids Lab Data Sheet - Spring 2018 Haul 5-8 to 5-14 - 1025899 Gallons Total.pdf,05 - Biosolids & Land Application,VIEWED
91,05 - Biosolids & Land Application/FY18 Generator-Pathogen Reduction Process Cert.pdf,05 - Biosolids & Land Application/2018-10-17 - Bulk Biosolids Generator Certification Statement - Pathogen Reduction Proof - Anaerobic Digestion (signed Utilities Director).pdf,05 - Biosolids & Land Application,VIEWED
92,05 - Biosolids & Land Application/FY19 Applier VAR proof.pdf,05 - Biosolids & Land Application/FY2019 - Form LA-VAR - Vector Attraction Reduction Certification - Applier Proof - Cadillac WWTF.pdf,05 - Biosolids & Land Application,VIEWED
93,05 - Biosolids & Land Application/FY19 Applier-Class B Pathogen Red and Site Restr.pdf,05 - Biosolids & Land Application/FY2019 - Form LA-PR - Class B Pathogen Reduction and Site Restrictions Certification - Applier - Cadillac WWTF (series-verified).pdf,05 - Biosolids & Land Application,SERIES-VERIFIED
94,05 - Biosolids & Land Application/FY19 Applier-Management Pract Cert.pdf,05 - Biosolids & Land Application/FY2019 - Form LA-MP - Land Application Management Practices Certification - Sites 1-8 - Cadillac WWTF.pdf,05 - Biosolids & Land Application,VIEWED
95,05 - Biosolids & Land Application/FY19 Fecal Only result-Spring Pathogen retest.pdf,05 - Biosolids & Land Application/2019-04-24 - HML Multiple Analysis Report 372610 - Spring Pathogen Retest Fecal Coliform Only 1330 MPN-g - Digester 4 (collected 2019-04-17).pdf,05 - Biosolids & Land Application,VIEWED
96,05 - Biosolids & Land Application/FY19 Land Applic Site List Info.pdf,"05 - Biosolids & Land Application/FY2019 - EGLE Biosolids Annual Report EQP9267 Section IV - Site Information - EK-01 Keelean, TC-01 Carroll - Applier Midwest Injection.pdf",05 - Biosolids & Land Application,VIEWED
97,05 - Biosolids & Land Application/FY19 Land Applic Sites List and Info.pdf,05 - Biosolids & Land Application/2019-06-26 to 07-01 - Land Application Data Table - Fields 23N10W32-NS01 and 23N10W29-NS01 - 746862 Gallons 137.99 Dry Tons.pdf,05 - Biosolids & Land Application,VIEWED
98,05 - Biosolids & Land Application/FY19 Pathogen Results-Spring.pdf,05 - Biosolids & Land Application/2019-05-13 - HML Multiple Analysis Report 372103 - Spring Pathogen Testing Digester 4 - Fecal Coliform 9580 MPN-g (collected 2019-04-08).pdf,05 - Biosolids & Land Application,VIEWED
99,05 - Biosolids & Land Application/FY19 Pathogen results-Fall.pdf,"05 - Biosolids & Land Application/2018-10-29 - HML Multiple Analysis Report 363663 - Fall Pathogen Testing Digester 4 (collected 2018-09-24, to Amy Vail).pdf",05 - Biosolids & Land Application,VIEWED
100,05 - Biosolids & Land Application/FY20 Applier Certification- VAR.pdf,05 - Biosolids & Land Application/FY2020 - Form LA-VAR - Vector Attraction Reduction Certification - Applier - Cadillac WWTF (series-verified).pdf,05 - Biosolids & Land Application,SERIES-VERIFIED
101,05 - Biosolids & Land Application/FY20 Applier Certification-Class B Pathogen Reduction and Site Restrictions.pdf,05 - Biosolids & Land Application/FY2020 - Form LA-PR - Class B Pathogen Reduction and Site Restrictions Certification - Applier - Cadillac WWTF (series-verified).pdf,05 - Biosolids & Land Application,SERIES-VERIFIED
102,05 - Biosolids & Land Application/FY20 Applier Certification-Management Practices.pdf,05 - Biosolids & Land Application/FY2020 - Form LA-MP - Land Application Management Practices Certification - Applier - Cadillac WWTF (series-verified).pdf,05 - Biosolids & Land Application,SERIES-VERIFIED
103,05 - Biosolids & Land Application/FY20 Biosolids Lab data sheet-Nov.pdf,05 - Biosolids & Land Application/2019-11 - Biosolids Lab Data Sheet - November 2019 Haul 11-19 to 11-24 - FY20 Fall.pdf,05 - Biosolids & Land Application,VIEWED
104,05 - Biosolids & Land Application/FY20 Digestor Sludge Temps-Fall 2019.pdf,"05 - Biosolids & Land Application/2019-09 - WWTP Handwritten Sludge Data Log - September 2019 - Raw Sludge, Transfers, Supernatant - FY20 Fall Digester Temps.pdf",05 - Biosolids & Land Application,VIEWED
105,05 - Biosolids & Land Application/FY20 Digestor Sludge Temps-Spring 2020.pdf,05 - Biosolids & Land Application/2020 Spring - WWTP Handwritten Sludge Data Log - FY20 Digester Sludge Temps (series-verified).pdf,05 - Biosolids & Land Application,SERIES-VERIFIED
106,05 - Biosolids & Land Application/FY20 Land Appl Site Listing-Dry Tonnage Info.pdf,"05 - Biosolids & Land Application/FY2020 - Biosolids Raw Data Entry Worksheet - 8 Sites Nov 2019 to May 2020 - Site Names, Gallons, Acres, App Rates - Cadillac WWTF.pdf",05 - Biosolids & Land Application,VIEWED
107,05 - Biosolids & Land Application/FY20 Land Appl Sites Listed-Info.pdf,05 - Biosolids & Land Application/FY2020 - Land Application Sites Listing and Info - Cadillac WWTF (series-verified).pdf,05 - Biosolids & Land Application,SERIES-VERIFIED
108,05 - Biosolids & Land Application/FY20 Pathogen Results-Mar 2020.pdf,05 - Biosolids & Land Application/2020-04-30 - HML Multiple Analysis Report 389873 - Spring Pathogen Testing Digester 3 - All Non-Detect (collected 2020-03-30).pdf,05 - Biosolids & Land Application,VIEWED
109,05 - Biosolids & Land Application/FY20 Pathogen Results-Sept 2019.pdf,05 - Biosolids & Land Application/2019 Fall - HML Pathogen Results September 2019 - Digester Testing (series-verified).pdf,05 - Biosolids & Land Application,SERIES-VERIFIED
110,05 - Biosolids & Land Application/FY20 Pathogen results-Fall.pdf,05 - Biosolids & Land Application/FY2020 Fall - HML Pathogen Results - Digester Testing (series-verified).pdf,05 - Biosolids & Land Application,SERIES-VERIFIED
111,05 - Biosolids & Land Application/HML Fall Biosolids.pdf,05 - Biosolids & Land Application/2021-10-01 - HML Multiple Analysis Report 417132 - Fall Pathogen Testing Digester 4 - Fecal Coliform 76 MPN-g (collected 2021-09-02).pdf,05 - Biosolids & Land Application,VIEWED
112,05 - Biosolids & Land Application/RMP Approval Letter-2002.pdf,"05 - Biosolids & Land Application/2002-05-06 - DEQ Letter to Dietlin - RMP Submittal Approval with Comments - Sampling Plan, LASL Site Authorization - NPDES MI0020257.pdf",05 - Biosolids & Land Application,VIEWED
113,05 - Biosolids & Land Application/RMP Modification Approval Letter-2014.pdf,05 - Biosolids & Land Application/2014-07-10 - DEQ Letter to Rahbarnoohi - RMP Modification Approval - Class A EQ Surface Application with Conditions - MI0020257.pdf,05 - Biosolids & Land Application,VIEWED
114,05 - Biosolids & Land Application/RMP Modification Request-July 2014.pdf,05 - Biosolids & Land Application/2014-07-02 - City of Cadillac Letter to DEQ (Schipper) - RMP Amendment Request - Surface Apply EQ Biosolids - Metals Analysis Table (recd 2014-07-07).pdf,05 - Biosolids & Land Application,VIEWED
115,05 - Biosolids & Land Application/RMP-Class A EQ-DEQ letter.pdf,05 - Biosolids & Land Application/2004-07-26 - DEQ Letter (Johnson) to Dietlin - Class A Exceptional Quality (EQ) Biosolids Determination - Suitable for All Land Application Uses.pdf,05 - Biosolids & Land Application,VIEWED
116,05 - Biosolids & Land Application/Spring 2018-Pathogen results.pdf,05 - Biosolids & Land Application/2018 Spring - HML Pathogen Results - Digester Testing (series-verified).pdf,05 - Biosolids & Land Application,SERIES-VERIFIED
117,05 - Biosolids & Land Application/Spring Biosolids HML 2017.pdf,"05 - Biosolids & Land Application/2017-04-26 - HML Multiple Analysis Report 335313 - Spring Pathogen Testing Digester 4 - Fecal Coliform 1194 MPN-g (collected 2017-03-28, to Amy Vail).pdf",05 - Biosolids & Land Application,VIEWED
118,06 - Lab Results & Sampling (general)/#1-Description All Results-2026-04-22-19_32_01.pdf,"13 - Groundwater, Wells & Plett Rd/2026-04-09 - SimpleLab Tap Score Certificate QWE6BQ - 1140 Plett Rd Break Room Sink - Score 59 of 99 - Nitrate, Lead, Arsenic, Metals Panel.pdf","13 - Groundwater, Wells & Plett Rd",VIEWED
119,06 - Lab Results & Sampling (general)/2016-03-16__4187907776021566409__Fig 4 - Wetland Location.pdf,12 - Wexford Landfill & Leachate/2012-02-20 - Golder Associates Figure 4 - Wetland Location Map - Wexford County Landfill Project 123-88763 - USGS Cadillac North Quad.pdf,12 - Wexford Landfill & Leachate,VIEWED
120,06 - Lab Results & Sampling (general)/2022 Spring Lab Data.pdf,05 - Biosolids & Land Application/2022-05 - Biosolids Lab Data Sheet - Spring 2022 Haul 5-17 to 5-19 - 75.17 Total Dry Tons.pdf,05 - Biosolids & Land Application,VIEWED
121,06 - Lab Results & Sampling (general)/21.08.16.Eff.AddlMonit.ParagonRepeat.pdf,06 - Lab Results & Sampling (general)/2021-08-16 - Paragon Laboratories WO 371828 - Effluent Additional Monitoring Repeat - PDF Portfolio with embedded email and report.pdf,06 - Lab Results & Sampling (general),VIEWED
122,06 - Lab Results & Sampling (general)/56545 Analytical Methodology.pdf,07 - Inspections & Evaluations/2014-10 - NMS Inspection 56545 - Analytical Methodology Form - Contract Labs Paragon-KAR - Methods Table - Cadillac WWTP MI0020257 (2014 CSI).pdf,07 - Inspections & Evaluations,VIEWED
123,06 - Lab Results & Sampling (general)/56545 Sampling Procedures.pdf,07 - Inspections & Evaluations/2014-10 - NMS Inspection 56545 - Sampling Procedures Form - Flow-Proportional Composite Confirmation - Cadillac WWTP MI0020257 (2014 CSI).pdf,07 - Inspections & Evaluations,VIEWED
124,06 - Lab Results & Sampling (general)/56545 Self Monitoring Records.pdf,07 - Inspections & Evaluations/2014-10 - NMS Inspection 56545 - Self Monitoring Records Form - DMR Spot Checks July-Aug 2014 - Cadillac WWTP MI0020257 (2014 CSI).pdf,07 - Inspections & Evaluations,VIEWED
125,06 - Lab Results & Sampling (general)/Cadillac WWTP Fish Toxicity Tests.pdf,06 - Lab Results & Sampling (general)/2011-10-28 - Paragon Laboratories Biomonitoring Report 180865 - WET Test Oct 6-13 2011 - Ceriodaphnia dubia TUa 0 TUc 0 (to Amy Vail).pdf,06 - Lab Results & Sampling (general),VIEWED
126,06 - Lab Results & Sampling (general)/Cadillac WWTP Mercury Tests.pdf,06 - Lab Results & Sampling (general)/2011-11-07 - KAR Laboratories Report 114811 - Ultra-Trace Mercury Analysis - Four Aqueous Samples (to Amy Vail).pdf,06 - Lab Results & Sampling (general),VIEWED
127,06 - Lab Results & Sampling (general)/Cadillac WWTP Test Results.pdf,06 - Lab Results & Sampling (general)/2011-10-18 - KAR Laboratories Report 114264 - Two Aqueous Samples for NPDES Permit (to Amy Vail).pdf,06 - Lab Results & Sampling (general),VIEWED
128,06 - Lab Results & Sampling (general)/Cadillac WWTP Test Results.pdf.pdf,06 - Lab Results & Sampling (general)/2004-08 - ASci Corporation Study 5010-003 - Chronic Toxicity Study - Fathead Minnow and Ceriodaphnia dubia - Final Effluent Aug 3-10 2004.pdf,06 - Lab Results & Sampling (general),VIEWED
129,06 - Lab Results & Sampling (general)/Drugs 1 - Descriptions-all-results-2026-04-22-19_41_55.pdf,"13 - Groundwater, Wells & Plett Rd/2026-04-09 - SimpleLab Tap Score Certificate Z57SFG - 1140 Plett Rd Break Room Sink - Pharmaceuticals Panel - Sucralose 1100 PPT Detected.pdf","13 - Groundwater, Wells & Plett Rd",VIEWED
130,06 - Lab Results & Sampling (general)/Drugs-2-Descriptors-all-results-2026-04-22-19_47_54.pdf,"13 - Groundwater, Wells & Plett Rd/2026-04-09 - SimpleLab Tap Score Certificate 8FBWYA - 1140 Plett Rd Break Room Sink - Pharma Panel - Primidone, Carbamazepine, Sulphadiazine, Meprobamate Detected.pdf","13 - Groundwater, Wells & Plett Rd",VIEWED
131,06 - Lab Results & Sampling (general)/FY18 Fecal-Enteric-Etc Results.pdf,"05 - Biosolids & Land Application/2018-05-09 - HML Multiple Analysis Report 353137 - Spring Pathogen Testing Digester 4 - All Non-Detect (collected 2018-03-28, to Amy Vail).pdf",05 - Biosolids & Land Application,VIEWED
132,06 - Lab Results & Sampling (general)/FY19 Lab Sheet-Total Solids and DTs-June.pdf,05 - Biosolids & Land Application/2019-06 - Biosolids Lab Sheet - Total Solids and Dry Tons - June 2019 - FY19 (series-verified).pdf,05 - Biosolids & Land Application,SERIES-VERIFIED
133,06 - Lab Results & Sampling (general)/FY19 Lab Sheet-Total Solids and DTs-Oct.pdf,05 - Biosolids & Land Application/2019-10 - Biosolids Lab Sheet - Total Solids and Dry Tons - October 2019 - FY19 (series-verified).pdf,05 - Biosolids & Land Application,SERIES-VERIFIED
134,06 - Lab Results & Sampling (general)/FY20 Lab Log-Solids and DTs-Fall 2019.pdf,05 - Biosolids & Land Application/2019 Fall - Biosolids Lab Log - Total Solids and Dry Tons - FY20 (series-verified).pdf,05 - Biosolids & Land Application,SERIES-VERIFIED
135,06 - Lab Results & Sampling (general)/FY20 Lab Log-Solids and DTs-Spring 2020.pdf,05 - Biosolids & Land Application/2020 Spring - Biosolids Lab Log - Total Solids and Dry Tons - FY20 (series-verified).pdf,05 - Biosolids & Land Application,SERIES-VERIFIED
136,06 - Lab Results & Sampling (general)/FY20 Metals Worksheets.pdf,05 - Biosolids & Land Application/2020 - Land Application Pollutant Metals Concentrations Worksheet - Nov 2019 and Apr-May 2020 Periods - Arsenic 19.5 and 15.1 mg-kg - Cadillac WWTF.pdf,05 - Biosolids & Land Application,VIEWED
137,06 - Lab Results & Sampling (general)/Fall 21 Lab Data.pdf,05 - Biosolids & Land Application/2021 Fall - Biosolids Lab Data Sheet - FY22 (series-verified).pdf,05 - Biosolids & Land Application,SERIES-VERIFIED
138,06 - Lab Results & Sampling (general)/HML Spring.pdf,05 - Biosolids & Land Application/2021-04-06 - HML Multiple Analysis Report 406309 - Spring Pathogen Testing Digester 4 - Fecal Coliform 337 MPN-g (collected 2021-03-03).pdf,05 - Biosolids & Land Application,VIEWED
139,06 - Lab Results & Sampling (general)/Lab Data Fall 2020.pdf,05 - Biosolids & Land Application/2020 Fall - Biosolids Lab Data Sheet - FY21 (series-verified).pdf,05 - Biosolids & Land Application,SERIES-VERIFIED
140,06 - Lab Results & Sampling (general)/Lab&Hauling Data Spring 2023.pdf,05 - Biosolids & Land Application/2023 Spring - Biosolids Lab and Hauling Data Sheet - FY23 (series-verified).pdf,05 - Biosolids & Land Application,SERIES-VERIFIED
141,06 - Lab Results & Sampling (general)/Spring 21 Lab Data.pdf,05 - Biosolids & Land Application/2021 Spring - Biosolids Lab Data Sheet - FY21 (series-verified).pdf,05 - Biosolids & Land Application,SERIES-VERIFIED
142,07 - Inspections & Evaluations/56545 Facility Site Review.pdf,07 - Inspections & Evaluations/2014-10 - NMS Inspection 56545 - Facility Site Review Form - Participants Vail and Rahbarnoohi - Spencer Plastics Slice Line Noted - Cadillac WWTP (2014 CSI).pdf,07 - Inspections & Evaluations,VIEWED
143,07 - Inspections & Evaluations/56545 Pre-Inspection Report.pdf,07 - Inspections & Evaluations/2014-10-10 - DEQ Pre-Inspection Report - NPDES CSI-Toxics Inspection 56545 - Cadillac WWTP MI0020257 - 8 pages with Prior Inspection History.pdf,07 - Inspections & Evaluations,VIEWED
144,07 - Inspections & Evaluations/City of Cadillac CEI Response.pdf,"08 - Compliance & Enforcement/2025-09-04 - City of Cadillac Corrective Action Plan to EGLE (Kline) - Response to June 10 2025 CEI - Ammonia Preservation, SOPs, Training.pdf",08 - Compliance & Enforcement,VIEWED
145,08 - Compliance & Enforcement/2010-2016_Cadillac WWTP_District Compliance File.pdf,"08 - Compliance & Enforcement/2016-01-12 - EGLE District Scanned Compliance File 2010-2016 - Cadillac WWTP Site 15637 - 232-page Composite (Operator Certs, Correspondence, Inspections, Incidents).pdf",08 - Compliance & Enforcement,VIEWED
146,08 - Compliance & Enforcement/CSI-Compliance Sampling Inspection-Sept 8 2009.pdf,07 - Inspections & Evaluations/2009-09-08 - DEQ Water Bureau Point Source Monitoring - Municipal Wastewater Survey Report - Cadillac WWTP MI0020257 - 24-hr Survey with DMR Comparison.pdf,07 - Inspections & Evaluations,VIEWED
147,08 - Compliance & Enforcement/VN response from City.Feb 29 2016.pdf,"08 - Compliance & Enforcement/2016-02-26 - City of Cadillac Response to VN-006346 (Wade) - Floating Sludge, Clarifier Bulking, Filtration Bypass to River, Supervisor Departed (recd 2016-02-29).pdf",08 - Compliance & Enforcement,VIEWED
148,08 - Compliance & Enforcement/Violation Letter.Cadillac WWTP-Dietlin.pdf,"08 - Compliance & Enforcement/2016-02-01 - DEQ Violation Notice VN-006346 to Dietlin (Certified Mail) - TSS, CBOD5, Ammonia, Fecal Coliform, Phosphorus Violations Oct 2014-June 2015.pdf",08 - Compliance & Enforcement,VIEWED
149,09 - Correspondence & Letters/1-Aesthetics-mytapscore-report-aesthetic-2026-04-22-19_07_46.pdf,"13 - Groundwater, Wells & Plett Rd/2026-04-22 - SimpleLab Tap Score Aesthetics Report - 1140 Plett Rd (series-verified).pdf","13 - Groundwater, Wells & Plett Rd",SERIES-VERIFIED
150,09 - Correspondence & Letters/2014_1022_Cadillac WWTP_Classification Letter.pdf,"09 - Correspondence & Letters/2014-10-22 - DEQ Notice of Classification to Dietlin - Cadillac WWTP Class A - 1121 Plett Rd - IPP, Activated Sludge, RBC, Cloth Filtration, UV, Trout Stream.pdf",09 - Correspondence & Letters,VIEWED
151,09 - Correspondence & Letters/Arvco email.pdf,04 - PFAS Monitoring/2018-09-13 - ARVCO Container Email (Gordon to Langworthy) - Recycled Paper Does Not Contact Water - IPP PFAS Survey Follow-Up.pdf,04 - PFAS Monitoring,VIEWED
152,09 - Correspondence & Letters/ByPass notification 12-21-15.pdf,08 - Compliance & Enforcement/2015-12-21 - City of Cadillac Bypass-Incident Notification to DEQ (Wade) - Dec 18 2015 Grease B Gone Degreaser Discharge to Effluent - Fish Incapacitated (Dietlin).pdf,08 - Compliance & Enforcement,VIEWED
153,09 - Correspondence & Letters/CYCLOPURE - SELF TESTING_^cyclopure_001.pdf,"13 - Groundwater, Wells & Plett Rd/2025-03-19 - Cyclopure Water Test Kit Pro Results - Casey Danford Initial Self-Test Kit 16874 (sampled 2025-03-07) - Total PFAS 91.3 ppt - PFOA 19.3, PFHxS 24.3, PFBS 22.9, PFOS 9.3.pdf","13 - Groundwater, Wells & Plett Rd",VIEWED
154,09 - Correspondence & Letters/Cadillac 9-19-13 Letter to Mike Bitondo.pdf,"02 - NPDES Permits & Permit Issuance/2013-09-19 - Foster Swift (Barbieri) Letter to DEQ (Bitondo) - City Objections to Draft NPDES Permit MI0020257 - Cyanide Weekly Testing, Asset Management.pdf",02 - NPDES Permits & Permit Issuance,VIEWED
155,09 - Correspondence & Letters/HAVS email.pdf,04 - PFAS Monitoring/2018-09-13 - Hutchinson Automotive Email (Gatt to Langworthy) - No 6411 Waste Streams Contact Water - IPP PFAS Survey Follow-Up.pdf,04 - PFAS Monitoring,VIEWED
156,09 - Correspondence & Letters/Michigan Rubber Letters.pdf,04 - PFAS Monitoring/2018-06-13 - Michigan Rubber Products Email (Barnard to Langworthy) - Teflon-Coated Molds Do Not See Water - IPP PFAS Survey Follow-Up.pdf,04 - PFAS Monitoring,VIEWED
157,09 - Correspondence & Letters/Plumbing-mytapscore-report-plumbing-2026-04-22-19_17_06.pdf,"13 - Groundwater, Wells & Plett Rd/2026-04-22 - SimpleLab Tap Score Plumbing Report - 1140 Plett Rd (series-verified).pdf","13 - Groundwater, Wells & Plett Rd",SERIES-VERIFIED
158,09 - Correspondence & Letters/Spill notification 1-12-16.pdf,"08 - Compliance & Enforcement/2016-01-12 - City of Cadillac Spill Notification to DEQ (Wade) - American Waste Leachate Spill While Offloading at WWTP - Ponding Near Storm Drains, Contaminated Snow-Soil to Drying Beds (Langworthy).pdf",08 - Compliance & Enforcement,VIEWED
159,09 - Correspondence & Letters/screencapture-app-mytapscore-report-d875def38eb4335634c1474df8e50953af6b2e78-health-2026-04-22-19_01_59.pdf,"13 - Groundwater, Wells & Plett Rd/2026-04-22 - SimpleLab Tap Score Health Report Screen Capture - 1140 Plett Rd (series-verified).pdf","13 - Groundwater, Wells & Plett Rd",SERIES-VERIFIED
160,10 - Process & Site Documents/2016-03-16__5532481158088134301__Fig 2 - Site Plan.pdf,"12 - Wexford Landfill & Leachate/2012-07-17 - Golder Associates Figure 2 - Site Map - Wexford County Landfill - Monitoring Wells, Leachate Sampling Locations, Existing and Proposed Cells.pdf",12 - Wexford Landfill & Leachate,VIEWED
161,10 - Process & Site Documents/2016-03-16__6073389934025205219__Fig 1 - Site Location.pdf,12 - Wexford Landfill & Leachate/2012-02-20 - Golder Associates Figure 1 - Site Location Map - Wexford County Landfill - USGS Cadillac North Quad.pdf,12 - Wexford Landfill & Leachate,VIEWED
162,10 - Process & Site Documents/Digester Temps..pdf,"05 - Biosolids & Land Application/2021-06 - WWTP Handwritten Sludge Data Log - June 2021 - Raw Sludge 98F, Transfers, Supernatant.pdf",05 - Biosolids & Land Application,VIEWED
163,10 - Process & Site Documents/Digester Temps.pdf,"05 - Biosolids & Land Application/WWTP Handwritten Sludge Data Log - Digester Temps (series-verified, second log).pdf",05 - Biosolids & Land Application,SERIES-VERIFIED
164,10 - Process & Site Documents/FY18 LA Site Information.pdf,"05 - Biosolids & Land Application/FY2018 - Form LA-SD - Land Application Site Descriptions - RJ02 Raymond Jackson, TC01 Tom Carroll x2, GR01 Gordon Roush - Cadillac WWTF.pdf",05 - Biosolids & Land Application,VIEWED
165,10 - Process & Site Documents/FY19 Loading Calculations per LA site.pdf,"05 - Biosolids & Land Application/FY2019 - Biosolids Raw Data Entry Worksheet - 8 Sites June-Oct 2019 - Gallons, Solids, Acres, App Rates - Cadillac WWTF MI0020257.pdf",05 - Biosolids & Land Application,VIEWED
166,10 - Process & Site Documents/Process Flow Diagram.pdf,"10 - Process & Site Documents/2009-11-24 print - Stantec Drawing 0P1.01 - Process Flow Diagram I - Cadillac WWTP 2007 Improvements - EQ Basin, Clarifiers, Aeration, Ferric Chloride.pdf",10 - Process & Site Documents,VIEWED
167,10 - Process & Site Documents/Site Info.pdf,"05 - Biosolids & Land Application/FY2020 - EGLE Biosolids Annual Report Section IV - Site Information - 21-AB01 Benson, 20-DI01 Ingleright, 22-JR01 Rydquist - Applier Midwest Injection - 53.4 Dry Tons.pdf",05 - Biosolids & Land Application,VIEWED
168,11 - Form Submissions (online portal)/HNJ-P0ZX-8AVDS_Compatibility.pdf,"11 - Form Submissions (online portal)/2018-11-29 - MiWaters Submission HNJ-P0ZX-8AVDS - IPP PFAS Summary Report (Dietlin) - Wexford Landfill Sampling Received, J17646-1 Leachate Report Attached.pdf",11 - Form Submissions (online portal),VIEWED
169,11 - Form Submissions (online portal)/HNQ-VZP8-TWNRX_Compatibility.pdf,"11 - Form Submissions (online portal)/2019-06-28 - MiWaters Submission HNQ-VZP8-TWNRX - IPP PFAS Status Report - Wexford Confirmed as Source, Gone to Deep Well Injection - Effluent PFOS 7.1 PFOA 15 ng-L.pdf",11 - Form Submissions (online portal),VIEWED
170,12 - Wexford Landfill & Leachate/2006-12-08__-4373504332556383436__Wexford Co Landfill SW NOI App.pdf.pdf,12 - Wexford Landfill & Leachate/2006-11-20 - Wexford County Landfill Storm Water NOI EQP4664 - DEQ 71867.1 - Maton Creek and Unnamed Creek Receiving Waters (recd 2006-11-27).pdf,12 - Wexford Landfill & Leachate,VIEWED
171,12 - Wexford Landfill & Leachate/2007-03-28__-4527257728349885487__Wexford Co LF ELO Req.pdf.pdf,"12 - Wexford Landfill & Leachate/2007-03-22 - CTI Letter to DEQ (Bray) - Effluent Limits Request for On-Site Leachate Treatment - Confirms Cadillac WWTP Receives WCL Leachate by Tanker, Ammonia Hardship, Daily Limit Imposed.pdf",12 - Wexford Landfill & Leachate,VIEWED
172,12 - Wexford Landfill & Leachate/2007-04-12__6677363229840915108__Wexford Co DPW LF Map.pdf.pdf,12 - Wexford Landfill & Leachate/2007-04-10 - CTI Letter to DEQ (Lam) - Proposed Leachate Treatment Outfall 1 to Unnamed Creek - Surface Water and Topography Maps.pdf,12 - Wexford Landfill & Leachate,VIEWED
173,12 - Wexford Landfill & Leachate/2012-05-09__-5505003157730599556__Wexford Co Landfill NOI.pdf,12 - Wexford Landfill & Leachate/2012 - Wexford County Landfill LLC Storm Water NOI EQP4664 - DEQ 96676.1 - North Lake Receiving Water - Operator Vicki Garon.pdf,12 - Wexford Landfill & Leachate,VIEWED
174,12 - Wexford Landfill & Leachate/2015-11-02__5789094350076066945__Wexford Co LF MIS111718.pdf,12 - Wexford Landfill & Leachate/2015-09-17 - DEQ Notification to Reapply - Storm Water Discharge Permit MIS111718 - Wexford County Landfill LLC - Expires 2016-04-01.pdf,12 - Wexford Landfill & Leachate,VIEWED
175,12 - Wexford Landfill & Leachate/2016-01-25__-1435941263699884850__2015-2016_Wexford County Landfill_District Compliance File.pdf,12 - Wexford Landfill & Leachate/2016-01-25 - DEQ Letter (Wade) to Wexford County Landfill (Ascione) - NPDES Certificate MIS111718 Terminated 2016-01-13.pdf,12 - Wexford Landfill & Leachate,VIEWED
176,12 - Wexford Landfill & Leachate/2016-03-09__-1083339404412472014__2015-2016_Wexford County Landfill_Leachate Request.pdf,12 - Wexford Landfill & Leachate/2016-03-09 - Golder Associates to MDEQ (Heuer) - Rule 2210(y) Emergency Groundwater Discharge Request - Leachate Lagoon and Evaporation System - Wexford County Landfill Project 16388377.pdf,12 - Wexford Landfill & Leachate,VIEWED
177,12 - Wexford Landfill & Leachate/2018-07-09__-7768228693379842427__Wexford County Landfill GW1010342 Termination 7-2-18 Green Card Ret'd.pdf,12 - Wexford Landfill & Leachate/2018-07-09 - USPS Certified Mail Receipt and Green Card - GW1010342 Termination Served on Wexford County Landfill (Ascione) - Delivered 2018-07-06.pdf,12 - Wexford Landfill & Leachate,VIEWED
178,12 - Wexford Landfill & Leachate/2019-03-20_Wexford_County_BOC_Minutes_Original.pdf,"12 - Wexford Landfill & Leachate/2019-03-20 - Wexford County BOC Minutes - Public Comment Requesting Protective Ordinance Limiting Deep Injection Well at Landfill (McNamara, Cedar Creek Twp).pdf",12 - Wexford Landfill & Leachate,VIEWED
179,12 - Wexford Landfill & Leachate/2019-05-01_Wexford_County_BOC_Minutes_Original.pdf,12 - Wexford Landfill & Leachate/2019-05-01 - Wexford County BOC Minutes - Original (series-verified).pdf,12 - Wexford Landfill & Leachate,SERIES-VERIFIED
180,12 - Wexford Landfill & Leachate/2019-05-15_Wexford_County_BOC_Minutes_Original.pdf,12 - Wexford Landfill & Leachate/2019-05-15 - Wexford County BOC Minutes - Original (series-verified).pdf,12 - Wexford Landfill & Leachate,SERIES-VERIFIED
181,12 - Wexford Landfill & Leachate/2019-07-03_Wexford_County_BOC_Minutes_Original.pdf,12 - Wexford Landfill & Leachate/2019-07-03 - Wexford County BOC Minutes - Original (series-verified).pdf,12 - Wexford Landfill & Leachate,SERIES-VERIFIED
182,12 - Wexford Landfill & Leachate/2019-11-06_Wexford_County_BOC_Minutes_Original.pdf,12 - Wexford Landfill & Leachate/2019-11-06 - Wexford County BOC Minutes - Original (series-verified).pdf,12 - Wexford Landfill & Leachate,SERIES-VERIFIED
183,12 - Wexford Landfill & Leachate/J17646-1_Leachate_Report_Compatibility.pdf,12 - Wexford Landfill & Leachate/2018-10-29 - TestAmerica Analytical Report 190-17646-1 - Wexford Landfill Leachate Sampled 2018-10-03 - City of Cadillac (Tomaszewski) - Compatibility Render.pdf,12 - Wexford Landfill & Leachate,VIEWED
184,"13 - Groundwater, Wells & Plett Rd/( 1 OF 3 ) - 7-15-2005_Completion Date_ June 15,2005 Superior Project No. BC26.pdf","13 - Groundwater, Wells & Plett Rd/2005-06-15 - Superior Environmental Phase I ESA BC2683.00 - 1140 Plett Rd (RDN Properties) - Part 1 of 3.pdf","13 - Groundwater, Wells & Plett Rd",VIEWED
185,"13 - Groundwater, Wells & Plett Rd/( 3 OF 3 )11-8-2005_GEOCHECK®- PHYSICAL SETTING SOURCE ADDENDUM.pdf","13 - Groundwater, Wells & Plett Rd/2005-11-08 - EDR GeoCheck Physical Setting Source Addendum - 1140 Plett Rd Former Harris Beverage Co - Groundwater Flow Assessment - Part 3 of 3.pdf","13 - Groundwater, Wells & Plett Rd",VIEWED
186,"13 - Groundwater, Wells & Plett Rd/(2 OF 3 ) - 1140 Plett Rd - Phase 1 -06-09-2005 - Scan 1 of 3 - Environmental Risk Management Informati.pdf","13 - Groundwater, Wells & Plett Rd/2005-06-09 - EDR Aerial Photo Decade Package - 1140 Plett Rd Former Harris Beverage Co BC2683.00 - Part 2 of 3.pdf","13 - Groundwater, Wells & Plett Rd",VIEWED
187,"13 - Groundwater, Wells & Plett Rd/2005 - Phase 1 - Enviromental Binder.pdf","13 - Groundwater, Wells & Plett Rd/2005-06-15 - Superior Environmental Phase I ESA BC2683.00 - 1140 Plett Rd - Complete Binder Compilation.pdf","13 - Groundwater, Wells & Plett Rd",VIEWED
188,"13 - Groundwater, Wells & Plett Rd/2013 - Phase 2 - 1140 Plett Rd - Enviromental - Binder1.pdf","13 - Groundwater, Wells & Plett Rd/2013-07-19 - Superior Environmental Limited Phase II ESA BC3600.01 - Former Wonderland Ice Cream 1140 Plett Rd Haring Twp - Parcel 2209-34-2208.pdf","13 - Groundwater, Wells & Plett Rd",VIEWED
189,"13 - Groundwater, Wells & Plett Rd/2013- 7-11-2013-Phase 1.pdf","13 - Groundwater, Wells & Plett Rd/2013-06-11 - Superior Environmental Phase I ESA BC3600.00 - Former Wonderland Ice Cream 1140 Plett Rd Haring Twp - Parcel 2209-34-2208.pdf","13 - Groundwater, Wells & Plett Rd",VIEWED
190,"13 - Groundwater, Wells & Plett Rd/2016-03-16__17083605190781609__Fig 3 - Reg Water Well Location.pdf",12 - Wexford Landfill & Leachate/2012-03-14 - Golder Associates Figure 3 - Regional Water Well Location Map - 1-Mile Radius - Wexford County Landfill Project 123-88763.pdf,12 - Wexford Landfill & Leachate,VIEWED
191,"13 - Groundwater, Wells & Plett Rd/2025-10-21__-4770863282810476186__21n08w30-AB01.pdf.pdf","05 - Biosolids & Land Application/2020ca - EGLE Biosolids Land Application Site ID Form EQP5852 - Site 21N08W30-AB01 - Owner Alan Benson, Farmer Bosscher - Missaukee Richland Twp (Site Update).pdf",05 - Biosolids & Land Application,VIEWED
192,"13 - Groundwater, Wells & Plett Rd/2025-10-21__-6374841911455111305__21N09W25-AB01.pdf.pdf",05 - Biosolids & Land Application/2025-10-21 export - DEQ Site ID Form - Biosolids Site 21N09W25-AB01 - Owner Alan Benson (copy 1).pdf,05 - Biosolids & Land Application,VIEWED
193,"13 - Groundwater, Wells & Plett Rd/2025-10-21__-6501159339708416890__21n08w30-AB02.pdf.pdf",05 - Biosolids & Land Application/2025-10-21 export - DEQ Site ID Form - Biosolids Site 21N08W30-AB02 - Owner Alan Benson (copy 1).pdf,05 - Biosolids & Land Application,VIEWED
194,"13 - Groundwater, Wells & Plett Rd/2025-10-21__1756584387181983433__21n09w25-AB01.pdf.pdf",05 - Biosolids & Land Application/2025-10-21 export - DEQ Site ID Form - Biosolids Site 21N09W25-AB01 - Owner Alan Benson (copy 2).pdf,05 - Biosolids & Land Application,VIEWED
195,"13 - Groundwater, Wells & Plett Rd/20N09W06-DI01.pdf","05 - Biosolids & Land Application/DEQ Site ID Form EQP5852 - Biosolids Site 20N09W06-DI01 - Owner Doug Ingleright, Lessee John Rydquist - Osceola Sherman Twp - 55 Acres.pdf",05 - Biosolids & Land Application,VIEWED
196,"13 - Groundwater, Wells & Plett Rd/21N08W30-AB01.pdf","05 - Biosolids & Land Application/DEQ Site ID Form EQP5852 - Biosolids Site 21N08W30-AB01 - Owner Alan Benson, Lessee Mike Bosscher - Missaukee Richland Twp - 18.2 Acres.pdf",05 - Biosolids & Land Application,VIEWED
197,"13 - Groundwater, Wells & Plett Rd/21N08W30-AB02.pdf",05 - Biosolids & Land Application/DEQ Site ID Form EQP5852 - Biosolids Site 21N08W30-AB02 - Owner Alan Benson - Missaukee Richland Twp (series-verified).pdf,05 - Biosolids & Land Application,SERIES-VERIFIED
198,"13 - Groundwater, Wells & Plett Rd/21N08W30-AB03.pdf","05 - Biosolids & Land Application/DEQ Site ID Form EQP5852 - Biosolids Site 21N08W30-AB03 - Owner Alan Benson, Lessee Mike Bosscher - Missaukee Richland Twp - 35.6 Acres.pdf",05 - Biosolids & Land Application,VIEWED
199,"13 - Groundwater, Wells & Plett Rd/21N08W30-AB04.pdf",05 - Biosolids & Land Application/DEQ Site ID Form EQP5852 - Biosolids Site 21N08W30-AB04 - Owner Alan Benson - Missaukee Richland Twp (series-verified).pdf,05 - Biosolids & Land Application,SERIES-VERIFIED
200,"13 - Groundwater, Wells & Plett Rd/21N09W25-AB01.pdf",05 - Biosolids & Land Application/DEQ Site ID Form EQP5852 - Biosolids Site 21N09W25-AB01 - Owner Alan Benson - (series-verified).pdf,05 - Biosolids & Land Application,SERIES-VERIFIED
201,"13 - Groundwater, Wells & Plett Rd/21n09w25-DG01.pdf",05 - Biosolids & Land Application/EGLE Biosolids Land Application Site ID Form EQP5852 - Site 21N09W25-DG01 - Owner Dean George - Wexford Clam Lake Twp - 40 Acres (soils 2023-10-17).pdf,05 - Biosolids & Land Application,VIEWED
202,"13 - Groundwater, Wells & Plett Rd/22N11W25-RBL03.pdf",05 - Biosolids & Land Application/2025-04 - EGLE Biosolids Land Application Site ID Form EQP5852 - NEW Site 22N11W25-RBL03 - Owner Rick Liptak - Boon Twp - Hay 7 Acres (soils 2025-04-07).pdf,05 - Biosolids & Land Application,VIEWED
203,"14 - Maps, Photos & Imagery/AAR Mobility Maps and Flow.pdf","03 - IPP (Industrial Pretreatment)/AAR Mobility Systems - City Water Flow Diagram - NPDES MI0002640 - Presses, Softeners, Container Wash to Cadillac POTW and Clam River Outfall 001.pdf",03 - IPP (Industrial Pretreatment),VIEWED
204,"14 - Maps, Photos & Imagery/Cadillac WWTP Map & Flow.pdf.pdf","10 - Process & Site Documents/Cadillac WWTP History Note - 1995-1996 Expansion (Clarification, Biosolids Storage, Fine Bubble Aeration) and 2003 UV Disinfection Upgrade.pdf",10 - Process & Site Documents,VIEWED
205,"14 - Maps, Photos & Imagery/Cadillac WWTP Maps and Flow.pdf",10 - Process & Site Documents/Cadillac WWTP Maps and Flow Diagrams (series-verified).pdf,10 - Process & Site Documents,SERIES-VERIFIED
206,"14 - Maps, Photos & Imagery/IMG_0011-cas.pdf","14 - Maps, Photos & Imagery/2018-05-08 - Site Photograph IMG_0011 - Biosolids Land Application Field Conditions - Wet Sludge and Ruts.pdf","14 - Maps, Photos & Imagery",VIEWED
207,"14 - Maps, Photos & Imagery/IMG_0012-cas.pdf","14 - Maps, Photos & Imagery/2018-05-08 - Site Photograph IMG_0012 - Biosolids Land Application Field Conditions (series-verified).pdf","14 - Maps, Photos & Imagery",SERIES-VERIFIED
208,"14 - Maps, Photos & Imagery/IMG_0013-cas.pdf","14 - Maps, Photos & Imagery/2018-05-08 - Site Photograph IMG_0013 - Biosolids Land Application Field Conditions (series-verified).pdf","14 - Maps, Photos & Imagery",SERIES-VERIFIED
209,"14 - Maps, Photos & Imagery/IMG_0014-cas.pdf","14 - Maps, Photos & Imagery/2018-05-08 - Site Photograph IMG_0014 - Biosolids Land Application Field Conditions (series-verified).pdf","14 - Maps, Photos & Imagery",SERIES-VERIFIED
210,"14 - Maps, Photos & Imagery/IMG_0015-cas.pdf","14 - Maps, Photos & Imagery/2018-05-08 - Site Photograph IMG_0015 - Biosolids Land Application Field - Standing Water-Liquid in Furrows.pdf","14 - Maps, Photos & Imagery",VIEWED
211,"14 - Maps, Photos & Imagery/IMG_0016-cas.pdf","14 - Maps, Photos & Imagery/2018-05-08 - Site Photograph IMG_0016 - Biosolids Land Application Field Conditions (series-verified).pdf","14 - Maps, Photos & Imagery",SERIES-VERIFIED
212,"14 - Maps, Photos & Imagery/IMG_0017-cas.pdf","14 - Maps, Photos & Imagery/2018-05-08 - Site Photograph IMG_0017 - Biosolids Land Application Field Conditions (series-verified).pdf","14 - Maps, Photos & Imagery",SERIES-VERIFIED
213,"14 - Maps, Photos & Imagery/IMG_0018-cas.pdf","14 - Maps, Photos & Imagery/2018-05-08 - Site Photograph IMG_0018 - Biosolids Land Application Field Conditions (series-verified).pdf","14 - Maps, Photos & Imagery",SERIES-VERIFIED
214,"14 - Maps, Photos & Imagery/IMG_0019-cas.pdf","14 - Maps, Photos & Imagery/2018-05-08 - Site Photograph IMG_0019 - Biosolids Land Application Field Conditions (series-verified).pdf","14 - Maps, Photos & Imagery",SERIES-VERIFIED
215,"14 - Maps, Photos & Imagery/IMG_0020-cas.pdf","14 - Maps, Photos & Imagery/2018-05-08 - Site Photograph IMG_0020 - Land Application Field - Extensive Standing Dark Liquid in Furrows.pdf","14 - Maps, Photos & Imagery",VIEWED
216,"14 - Maps, Photos & Imagery/IMG_0021-cas.pdf","14 - Maps, Photos & Imagery/2018-05-08 - Site Photograph IMG_0021 - Land Application Field - Standing Dark Liquid Pools Across Rows.pdf","14 - Maps, Photos & Imagery",VIEWED
217,"14 - Maps, Photos & Imagery/IMG_0022-cas.pdf","14 - Maps, Photos & Imagery/2018-05-08 - Site Photograph IMG_0022 - Land Application Field - Dark Liquid Sludge at Field Edge.pdf","14 - Maps, Photos & Imagery",VIEWED
218,"14 - Maps, Photos & Imagery/IMG_0023-cas.pdf","14 - Maps, Photos & Imagery/2018-05-08 - Site Photograph IMG_0023 - Land Application Field Edge - Dark Pooling in Vegetation.pdf","14 - Maps, Photos & Imagery",VIEWED
219,"14 - Maps, Photos & Imagery/IMG_0024-cas.pdf","14 - Maps, Photos & Imagery/2018-05-08 - Site Photograph IMG_0024 - Land Application Field - Ponded Liquid Along Rows Toward Green Boundary.pdf","14 - Maps, Photos & Imagery",VIEWED
220,"14 - Maps, Photos & Imagery/IMG_0025-cas.pdf","14 - Maps, Photos & Imagery/2018-05-08 - Site Photograph IMG_0025 - John Deere 8245R Tractor at Application Site.pdf","14 - Maps, Photos & Imagery",VIEWED
221,"14 - Maps, Photos & Imagery/IMG_0026-cas.pdf","14 - Maps, Photos & Imagery/2018-05-08 - Site Photograph IMG_0026 - GEA Houle Biosolids Tank Applicator at Site.pdf","14 - Maps, Photos & Imagery",VIEWED
222,"14 - Maps, Photos & Imagery/IMG_0027-cas.pdf","14 - Maps, Photos & Imagery/2018-05-08 - Site Photograph IMG_0027 - Injection Applicator Discs Discharging Dark Sludge.pdf","14 - Maps, Photos & Imagery",VIEWED
223,"14 - Maps, Photos & Imagery/IMG_0028-cas.pdf","14 - Maps, Photos & Imagery/2018-05-08 - Site Photograph IMG_0028 - Injection Applicator Close-Up - Sludge on Discs and Ground.pdf","14 - Maps, Photos & Imagery",VIEWED
224,"14 - Maps, Photos & Imagery/IMG_0029-cas.pdf","14 - Maps, Photos & Imagery/2018-05-08 - Site Photograph IMG_0029 - Injection Applicator Discs and Hoses with Sludge (second angle).pdf","14 - Maps, Photos & Imagery",VIEWED
225,"14 - Maps, Photos & Imagery/IMG_0030-cas.pdf","14 - Maps, Photos & Imagery/2018-05-08 - Site Photograph IMG_0030 - Land Application Field - Dark Sludge Pools Near Grass Line.pdf","14 - Maps, Photos & Imagery",VIEWED
226,"14 - Maps, Photos & Imagery/IMG_0031-cas.pdf","14 - Maps, Photos & Imagery/2018-05-08 - Site Photograph IMG_0031 - Land Application Field - Ponded Sludge in Wheel Ruts.pdf","14 - Maps, Photos & Imagery",VIEWED
227,"14 - Maps, Photos & Imagery/IMG_0032-cas.pdf","14 - Maps, Photos & Imagery/2018-05-08 - Site Photograph IMG_0032 - Land Application Field - Standing Liquid Against Straw-Manure Berm.pdf","14 - Maps, Photos & Imagery",VIEWED
228,"14 - Maps, Photos & Imagery/IMG_0033-cas.pdf","14 - Maps, Photos & Imagery/2017-11 - Photograph of WWTP Lab Bench Sheets - Solids Analysis 9-08-17 with Leachate Column + Biosolids Lab Data Oct-Nov 2017 (Gallons Hauled 160800-198000).pdf","14 - Maps, Photos & Imagery",VIEWED
229,"14 - Maps, Photos & Imagery/Map of WWTP-plus....pdf",10 - Process & Site Documents/2018-05-15 - Ayres Lewis Norris & May Site Plan - Cadillac WWTP - Annotated Todays Date For Plant 5-15-18 - Treatment Units Legend.pdf,10 - Process & Site Documents,VIEWED
230,"14 - Maps, Photos & Imagery/Plant Brochure.pdf",10 - Process & Site Documents/Cadillac Wastewater Treatment Plant Brochure - Aerial Photograph Cover.pdf,10 - Process & Site Documents,VIEWED
231,17 - SDS & Chemical Product Data/3M Dyneon Fluoroelastomer FE 5830Q.pdf,17 - SDS & Chemical Product Data/2016-05-18 - 3M SDS - Dyneon Fluoroelastomers FE 5830E-5830Q-5870X et al - Reproductive Toxicity Cat 1B - (Michigan Rubber PFAS survey support).pdf,17 - SDS & Chemical Product Data,VIEWED
232,17 - SDS & Chemical Product Data/3M Dyneon Fluoroplastic THV 505ESDZ.pdf,17 - SDS & Chemical Product Data/3M SDS - Dyneon Fluoroplastic THV 505ESDZ (PFAS polymer product; series-verified).pdf,17 - SDS & Chemical Product Data,VIEWED
233,17 - SDS & Chemical Product Data/6411 SDS.pdf,"17 - SDS & Chemical Product Data/2012-01-30 - LORD MSDS - Chemlok 6411 Adhesive (FKA Chemosil NL411) - Xylene, Ethylbenzene - (Hutchinson 6411 waste stream reference).pdf",17 - SDS & Chemical Product Data,VIEWED
234,17 - SDS & Chemical Product Data/Loctite Thread Sealant with PTFE.pdf,17 - SDS & Chemical Product Data/Loctite MSDS - Thread Sealant with PTFE (series-verified).pdf,17 - SDS & Chemical Product Data,SERIES-VERIFIED
235,17 - SDS & Chemical Product Data/MS-136W.pdf,17 - SDS & Chemical Product Data/MSDS - MS-136W Release Agent (series-verified).pdf,17 - SDS & Chemical Product Data,SERIES-VERIFIED
236,17 - SDS & Chemical Product Data/Old Bull Mold Grease.pdf,17 - SDS & Chemical Product Data/MSDS - Old Bull Mold Grease (series-verified).pdf,17 - SDS & Chemical Product Data,SERIES-VERIFIED
237,17 - SDS & Chemical Product Data/Sulfuric Acid.pdf,17 - SDS & Chemical Product Data/2010-11-01 - PVS Chemical Solutions MSDS - Sulfuric Acid 75-100 Percent - PVS 0738.pdf,17 - SDS & Chemical Product Data,VIEWED
238,17 - SDS & Chemical Product Data/TrasSys 817.pdf,17 - SDS & Chemical Product Data/Stoner MSDS - TraSys 817 Release Coating (series-verified).pdf,17 - SDS & Chemical Product Data,SERIES-VERIFIED
239,17 - SDS & Chemical Product Data/TraySys 258.pdf,17 - SDS & Chemical Product Data/2014-02-03 - Stoner MSDS - TraSys 258 Solvent-Borne PTFE Release Coating v2.0 - Polymer Fume Fever Warning.pdf,17 - SDS & Chemical Product Data,VIEWED
240,17 - SDS & Chemical Product Data/TraySys 818.pdf,17 - SDS & Chemical Product Data/Stoner MSDS - TraSys 818 Release Coating (series-verified).pdf,17 - SDS & Chemical Product Data,SERIES-VERIFIED
241,17 - SDS & Chemical Product Data/Viton GBL-200.pdf,17 - SDS & Chemical Product Data/Chemours SDS - Viton GBL-200 Fluoroelastomer (series-verified).pdf,17 - SDS & Chemical Product Data,SERIES-VERIFIED
242,17 - SDS & Chemical Product Data/Viton VTR-7564.pdf,17 - SDS & Chemical Product Data/Chemours SDS - Viton VTR-7564 Fluoroelastomer (series-verified).pdf,17 - SDS & Chemical Product Data,SERIES-VERIFIED
243,17 - SDS & Chemical Product Data/Yellow 77 Pro Wire Pulling Lubricant.pdf,17 - SDS & Chemical Product Data/MSDS - Ideal Yellow 77 Pro Wire Pulling Lubricant (series-verified).pdf,17 - SDS & Chemical Product Data,SERIES-VERIFIED
244,99 - Needs Review/1991-05-13__-5080077118142686090__1991 file information.pdf,12 - Wexford Landfill & Leachate/1991-05-13 - Michigan DNR Letter to Wexford County DPW (Fuller) - Permit Exemption GWE-0337 - Landfill Discharge up to 108000 GPD Treated Pump Test Waters.pdf,12 - Wexford Landfill & Leachate,VIEWED
245,99 - Needs Review/1993-07-21__-5651775687112335105__1993 file information.pdf,12 - Wexford Landfill & Leachate/1993-07-21 - Michigan DNR Certified Letter to Wexford County DPW (Fuller) - WRC Exemption R323.2209 - Groundwater Remediation Discharge at Landfill - 1992 Permit Application Withdrawn.pdf,12 - Wexford Landfill & Leachate,VIEWED
246,99 - Needs Review/201411251653.pdf,07 - Inspections & Evaluations/2014-11-25 - DEQ Test Data Evaluation Form - NMS Inspection 56545 - Sampled 10-14 and 10-15-2014 - Outfall 001A and Clam River Upstream (Jamie Wade) - 2014 CSI.pdf,07 - Inspections & Evaluations,VIEWED
247,99 - Needs Review/201411261120.pdf,07 - Inspections & Evaluations/2014 - NPDES Inspection Complete Checklist - NMS Inspection 56545 - CSI-Toxics (Jamie Wade) - 2014 CSI.pdf,07 - Inspections & Evaluations,VIEWED
248,99 - Needs Review/2016-03-16__-2296258207315679752__Fig 5 - North Topo.pdf,"12 - Wexford Landfill & Leachate/2012-04-18 - Golder Associates Figure 5 - Topographic Map North Sheet 25 - Wexford County Landfill - Lagoon, Spray Curtain, Discharge Location and Hose, East Landfill Unit.pdf",12 - Wexford Landfill & Leachate,VIEWED
249,99 - Needs Review/2016-03-16__-2579877415507872432__Fig 6 - South Topo.pdf,12 - Wexford Landfill & Leachate/2012-04-18 - Golder Associates Figure 6 - Topographic Map South Sheet 26 - Wexford County Landfill (series-verified).pdf,12 - Wexford Landfill & Leachate,SERIES-VERIFIED
250,99 - Needs Review/2016-03-16__1093182208806986046__lagoon summary.pdf,12 - Wexford Landfill & Leachate/2016-03-03 - SOS Analytical Custody Transfer Record 160783 - Wexford County Landfill Leachate Sample - RUSH (sampler Steve Kreis).pdf,12 - Wexford Landfill & Leachate,VIEWED
251,99 - Needs Review/2018-10-29__6596682446003695951__FY18 Temp Logs.pdf v1.pdf,"05 - Biosolids & Land Application/2018-05 - WWTP Handwritten Sludge Data Log - May 2018 - Raw Sludge 95-97F, Digester Transfers, Supernatant (FY18 Temp Logs).pdf",05 - Biosolids & Land Application,VIEWED
252,99 - Needs Review/2022-03-07__5335171200196644224__N3862_Test Report Summary_03-07-2022.pdf,12 - Wexford Landfill & Leachate/2022-05 - Compliance Test Report - Tier 2 Five Year NMOC Test - Wexford County Landfill (EGLE AQD recd 2022-05-06).pdf,12 - Wexford Landfill & Leachate,VIEWED
253,99 - Needs Review/20231220073633.pdf,"05 - Biosolids & Land Application/2014-07-02 - City of Cadillac Letter to DEQ (Schipper) - RMP Amendment Request - Surface Apply EQ Biosolids - Metals Table (original scan, DEQ recd 2014-07-07, RMP MOD tab).pdf",05 - Biosolids & Land Application,VIEWED
254,99 - Needs Review/2025-07-21__2046228997145094731__WCL_RO Change July 2025 Signed.pdf,"12 - Wexford Landfill & Leachate/2025-07-18 - GFL Environmental Letter to EGLE AQD (Wells) - Wexford County Landfill Title V MI-ROP-N3862-2022 - Responsible Official Change (Bevelhymer, Testa, Gee).pdf",12 - Wexford Landfill & Leachate,VIEWED
255,99 - Needs Review/Aff of Pub.pdf,"03 - IPP (Industrial Pretreatment)/2022-03-15 - Affidavit of Publication - Public Notice of IPP Significant Non-Compliance Exceedances for 2021 (AAR Cyanide, Cadillac Castings Zinc-Molybdenum, Rec Boats Copper-Zinc-Cyanide).pdf",03 - IPP (Industrial Pretreatment),VIEWED
256,99 - Needs Review/AvailCyanide Recs.pdf,06 - Lab Results & Sampling (general)/EGLE Portfolio - Cadillac WWTP MI0020257 Available Cyanide Records - PDF Portfolio with Embedded Report.pdf,06 - Lab Results & Sampling (general),VIEWED
257,99 - Needs Review/Bright Dental Health.pdf,"03 - IPP (Industrial Pretreatment)/2020ca - EGLE One-Time Compliance Report for Dental Dischargers EQP9257 - Bright Dental Health, 530 Cobb St Cadillac (Ovidiu Brinzeiu) - Dental Amalgam Rule.pdf",03 - IPP (Industrial Pretreatment),VIEWED
258,99 - Needs Review/Brilliant Smiles Family Dentistry.pdf,"03 - IPP (Industrial Pretreatment)/2020ca - EGLE One-Time Compliance Report for Dental Dischargers EQP9257 - Brilliant Smiles Family Dentistry PLLC, 502 Cobb St Cadillac (Sheryl Jenicke DDS) - Dental Amalgam Rule.pdf",03 - IPP (Industrial Pretreatment),VIEWED
259,99 - Needs Review/COMPILED-RECORDS-VISIBLE.pdf,"All Documents used for prep/Dated Record Compilation - OCR Text Export of Inspection Checklist Excerpt (self-made work product, source out-223.txt).pdf",All Documents used for prep,VIEWED
260,99 - Needs Review/Cadillac 2003 BAR.pdf,"05 - Biosolids & Land Application/2003 - City of Cadillac WWTP 2003 EPA Biosolids Report - Cover Letter (Dietlin) - 2.085 MGD Avg Flow, Twice-Yearly Injection on Farm Lands.pdf",05 - Biosolids & Land Application,VIEWED
261,99 - Needs Review/Cadillac WWTP App 3-29-07.pdf.pdf,"02 - NPDES Permits & Permit Issuance/2007-03-29 - NPDES Wastewater Discharge Permit Application EQP4659-A Section I - Cadillac WWTP MI0020257 (Dietlin, recd 2007-03-29, fee 750).pdf",02 - NPDES Permits & Permit Issuance,VIEWED
262,99 - Needs Review/Cadillac WWTP CCH Petition.pdf,02 - NPDES Permits & Permit Issuance/2013-11-07 - Foster Swift (Barbieri) to MDEQ Office of Administrative Hearings - Petition for Contested Case Hearing - NPDES Permit MI0020257 - City of Cadillac.pdf,02 - NPDES Permits & Permit Issuance,VIEWED
263,99 - Needs Review/Cadillac WWTP NEC.pdf,02 - NPDES Permits & Permit Issuance/2012-03-23 - DEQ No Exposure Certification EQP5884 - Storm Water Exclusion - Cadillac WWTP 1121 Plett Rd (Dietlin).pdf,02 - NPDES Permits & Permit Issuance,VIEWED
264,"99 - Needs Review/EGLE MICHIGAN DEPARTMENT OF ENVIRONMENT. GREAT LAKES, 04272026_EG.pdf",04 - PFAS Monitoring/2025-09-20 analysis - EGLE Environmental Laboratory Report Excerpt p20 of 49 - Lab Work Order 2509147 - PFAS Isotope Dilution Method 533 - Client WT2509100851JLB-C.pdf,04 - PFAS Monitoring,VIEWED
265,99 - Needs Review/FY18 Daily Total Solids log.pdf,05 - Biosolids & Land Application/2017 Fall - Biosolids Lab Data Sheet - Oct 31 to Nov 9 2017 - 936735 Gallons 111.75 Dry Tons Total (FY18).pdf,05 - Biosolids & Land Application,VIEWED
266,99 - Needs Review/FY18 Temp Logs.pdf,"05 - Biosolids & Land Application/2017-11 - WWTP Handwritten Sludge Data Log - November 2017 - Raw Sludge 96-98F, Transfers, Supernatant (FY18 Temp Logs).pdf",05 - Biosolids & Land Application,VIEWED
267,99 - Needs Review/Generators Cert.pdf,05 - Biosolids & Land Application/2021-10-14 - Bulk Biosolids Generator Certification Statement - Class B Pathogen Reduction - Anaerobic Digestion (signed).pdf,05 - Biosolids & Land Application,VIEWED
268,99 - Needs Review/IMG951506.pdf,"14 - Maps, Photos & Imagery/2018ca - Site Photograph IMG951506 - Midwest Injection Tanker Transferring Biosolids to GEA Houle Applicator at Field Edge.pdf","14 - Maps, Photos & Imagery",VIEWED
269,99 - Needs Review/IMG951507.pdf,"14 - Maps, Photos & Imagery/2018ca - Site Photograph IMG951507 - Midwest Injection Tanker with GEA Houle Applicator - Boom Transfer (second angle).pdf","14 - Maps, Photos & Imagery",VIEWED
270,99 - Needs Review/IU Form 1.pdf,"03 - IPP (Industrial Pretreatment)/2015 - Industrial User Review Form File 590-20 - ARVCO Cardboard Mfg (Gordon) - Handwritten Note SNC Not Published for AAR, Cadillac Castings, Rec Boat, MI Rubber, Avon (2015 PCI Working Paper).pdf",03 - IPP (Industrial Pretreatment),VIEWED
271,99 - Needs Review/IU Form 2.pdf,"03 - IPP (Industrial Pretreatment)/2015 - Categorical Industrial User Review Form - Michigan Rubber (Barnard) - Not Categorical, Needs Industry Description (2015 PCI Working Paper).pdf",03 - IPP (Industrial Pretreatment),VIEWED
272,99 - Needs Review/Interview Jill Notes.pdf,07 - Inspections & Evaluations/2015-05-14 - Pretreatment Compliance Inspection EQP5984 Section I Interview Notes - Jill Edelbrock (EQA) - Cadillac WWTP (Rahbarnoohi).pdf,07 - Inspections & Evaluations,VIEWED
273,99 - Needs Review/Interview Julie Notes.pdf,07 - Inspections & Evaluations/2015-05-14 - Pretreatment Compliance Inspection Section I Interview Notes - Julie Lowe (EQA) - Period Nov 2013 to Present - Cadillac WWTP MI0020257.pdf,07 - Inspections & Evaluations,VIEWED
274,99 - Needs Review/Life Smiles Dentistry.pdf,03 - IPP (Industrial Pretreatment)/2020ca - EGLE One-Time Compliance Report for Dental Dischargers EQP9257 - Life Smiles Dentistry Cadillac - Dental Amalgam Rule (series-verified).pdf,03 - IPP (Industrial Pretreatment),SERIES-VERIFIED
275,99 - Needs Review/Mangement Practices.pdf,05 - Biosolids & Land Application/Form LA-MP - Land Application Management Practices - Sites 1-5 - No Flooded-Frozen Application Certified - Cadillac WWTF.pdf,05 - Biosolids & Land Application,VIEWED
276,99 - Needs Review/My Communtiy Dental Center.pdf,03 - IPP (Industrial Pretreatment)/2020ca - EGLE One-Time Compliance Report for Dental Dischargers EQP9257 - My Community Dental Center Cadillac - Dental Amalgam Rule (series-verified).pdf,03 - IPP (Industrial Pretreatment),SERIES-VERIFIED
277,99 - Needs Review/Northern Quality Dental.pdf,03 - IPP (Industrial Pretreatment)/2020ca - EGLE One-Time Compliance Report for Dental Dischargers EQP9257 - Northern Quality Dental Cadillac - Dental Amalgam Rule (series-verified).pdf,03 - IPP (Industrial Pretreatment),SERIES-VERIFIED
278,99 - Needs Review/Notice of SNC.pdf,"03 - IPP (Industrial Pretreatment)/2018-03 - Cadillac News Legals Clipping - Public Notice of IPP Significant Non-Compliance Exceedances for 2017 (Rec Boats Cu-Zn, Cadillac Castings Ni-Cd-Cu-Mo, AAR Cu-Cd).pdf",03 - IPP (Industrial Pretreatment),VIEWED
279,99 - Needs Review/Phone Log 10-24-2019.pdf,09 - Correspondence & Letters/2019-10-24 - EGLE Handwritten Phone Log (Cindy) - Langworthy Cadillac WWTP re RMP Modification - Seeking Past LA Site 21N08W31-DG01 Dean George Richland Twp.pdf,09 - Correspondence & Letters,VIEWED
280,99 - Needs Review/Proof Of Publication.pdf,"03 - IPP (Industrial Pretreatment)/2019-03-13 - Affidavit of Publication - Public Notice of IPP Significant Non-Compliance Exceedances for 2018 (Rec Boats Cu-Zn, Cadillac Castings Mo-Cd-Cu-Ag, AAR Cd).pdf",03 - IPP (Industrial Pretreatment),VIEWED
281,99 - Needs Review/Proof of measure.pdf,"13 - Groundwater, Wells & Plett Rd/2026 - Property Measurement Photo Set - 1140 Plett Rd - Distance Line Across Driveway and Well Head Marker (proof of measure).pdf","13 - Groundwater, Wells & Plett Rd",VIEWED
282,99 - Needs Review/S1_Key_Pages_Exhibit_Extract.pdf,"08 - Compliance & Enforcement/2016-01 - EGLE Handwritten Exceedance Tracking Notes - Cadillac WWTP Jan-Dec 2015 - CBOD, TSS, FE Geomean, Ammonia, Many All Over - Dietlin Black Sludge Call 1-7-2016 - NMS Not Flagging Violations.pdf",08 - Compliance & Enforcement,VIEWED
283,99 - Needs Review/Soil Test Reports - Spring 2022.pdf,05 - Biosolids & Land Application/2021-09-27 - MSU Soil and Plant Nutrient Lab Soil Test 260019 - Biosolids Site 20N09W06-DI01 - 25 Acres Corn Silage - Wexford County MSUE.pdf,05 - Biosolids & Land Application,VIEWED
284,99 - Needs Review/T22NR11W-RBL02.pdf,"05 - Biosolids & Land Application/2022ca - EGLE Biosolids Land Application Site ID Form EQP5852 - NEW Site T22NR11W-RBL02 - Owners Rick and Barbara Liptak, Farmer Fenner Farms - Boon Twp 80 Acres (soils 2022-08-17).pdf",05 - Biosolids & Land Application,VIEWED
285,99 - Needs Review/Vector Attraction Reduction.pdf,05 - Biosolids & Land Application/Form LA-VAR - Land Application Vector Attraction Reduction Certification - Cadillac WWTF (blank options page).pdf,05 - Biosolids & Land Application,VIEWED
286,99 - Needs Review/[Untitled].pdf,"03 - IPP (Industrial Pretreatment)/2020-03-18 - Affidavit of Publication - Public Notice of IPP Significant Non-Compliance Exceedances for 2019 (Rec Boats Cu-CN-Zn, Cadillac Castings Cd-Cu-Mo-Ag, AAR Cd-pH-CN).pdf",03 - IPP (Industrial Pretreatment),VIEWED
287,99 - Needs Review/should have picked this one.pdf,"All Documents used for prep/Annotated Excerpt - Form LA-PR Page with Arrow at Anaerobic Digestion PSRP Option (self-made screenshot, should have picked this one).pdf",All Documents used for prep,VIEWED
