Pages,Kept,MovedCopy,TextFingerprint
2,"04 - PFAS Monitoring/American Waste PFAS Survey -  IPP-PFAS Initiative Screening Evaluation completed by Wexford County Landfill, LLC.pdf",Duplicates/Same-Content (byte-different)/American Waste PFAS Survey.pdf,017507c3fed7336e
16,08 - Compliance & Enforcement/2026-05-22__-1255819534835910397__EGLE WRD Correspondence_ SVN-01952_Cadillac WWTP.msg.pdf,Duplicates/Same-Content (byte-different)/2026-05-22__-1834643150412972249__EGLE WRD Correspondence_ SVN-01952_Cadillac WWTP_COPY.msg.pdf,032c87dccd85a2c3
7,05 - Biosolids & Land Application/EM-CPLR Notification examples.pdf,Duplicates/Same-Content (byte-different)/2021-01-25__4873548006900359851__EM-CPLR Notification examples.msg.pdf,1bb529329ccaa586
42,09 - Correspondence & Letters/[2018]_FW_ TestAmerica invoice and report files from 190-17646-1 City of Cadillac.pdf,Duplicates/Same-Content (byte-different)/2018-11-07__-1449555407544169069__FW_ TestAmerica invoice and report files from 190-17646-1 City of Cadillac.msg.pdf,2098ef92a4e49f93
42,09 - Correspondence & Letters/[2018]_FW_ TestAmerica invoice and report files from 190-17646-1 City of Cadillac.pdf,Duplicates/Same-Content (byte-different)/2019-01-23__583956827072831568__FW_ TestAmerica invoice and report files from 190-17646-1 City of Cadillac.msg.pdf,2098ef92a4e49f93
70,04 - PFAS Monitoring/Preliminary Effluent Limits (PEL)_MI0020257_Outfall 001_PFAS_08-01-2023.pdf,Duplicates/Same-Content (byte-different)/2023-08-01__1195067454859372668__Preliminary Effluent Limits (PEL)_MI0020257_Outfall 001_PFAS_08-01-2023.xls.pdf,2a8e3947e89ba054
16,04 - PFAS Monitoring/Pace-25-09-PFAS-Pace-REPORT.pdf,Duplicates/Same-Content (byte-different)/[2025]_25.09.PFAS.Pace.pdf,2cdc48dbb6507cb2
16,04 - PFAS Monitoring/Pace-25-09-PFAS-Pace-REPORT.pdf,Duplicates/Same-Content (byte-different)/25.09.PFAS.Pace.pdf,2cdc48dbb6507cb2
3,04 - PFAS Monitoring/Cadillac WWTP PFAS Interim and Summary Rpt Approval Letter.pdf,Duplicates/Same-Content (byte-different)/2019-03-04__2197571042959551007__Cadillac WWTP PFAS Letter.pdf.pdf,339b1eaac528ef89
2,04 - PFAS Monitoring/WQBELBiologistFactSheet_MI0020257_PFOS_08-01-2023.pdf,Duplicates/Same-Content (byte-different)/2023-08-01__-1408874561353041047__WQBELBiologistFactSheet_MI0020257_PFOS_08-01-2023.doc.pdf,390acf7b8907bbf4
65,07 - Inspections & Evaluations/Cadillac WWTP 2018 CSI Trnsmt & VN Crrspnd 020519.pdf,Duplicates/Same-Content (byte-different)/2019-02-05__-3784595676221306480__Cadillac WWTP 2018 CSI Trnsmt & VN Crrspnd 020519.msg.pdf,3afd6a80273f535e
22,02 - NPDES Permits & Permit Issuance/2017-04-03_Cadillac_WWTP_NPDES_Application.pdf,Duplicates/Same-Content (byte-different)/Application_2Q7-HQ21-P66B V1.pdf,3cd9bc744a510549
8,09 - Correspondence & Letters/Additional Email Correspondence_Asset Management Conversation.pdf,Duplicates/Same-Content (byte-different)/2018-10-01__5826779191242185880__Additional Email Correspondence_Asset Management Conversation.msg.pdf,48020a43be76d7fb
5,"04 - PFAS Monitoring/Cadillac WWTP PFAS Letter - March 4, 2019 DEQ letter approving the IPP PFAS Interim - Summary Reports, formally noting one source was discharging PFOS above the screening level Wexford was the source.pdf",Duplicates/Same-Content (byte-different)/Cadillac WWTP PFAS Letter - 3-4-2019.pdf,5e6f189083f18b3d
5,"04 - PFAS Monitoring/Cadillac WWTP PFAS Letter - March 4, 2019 DEQ letter approving the IPP PFAS Interim - Summary Reports, formally noting one source was discharging PFOS above the screening level Wexford was the source.pdf",Duplicates/Same-Content (byte-different)/Cadillac WWTP PFAS Letter.pdf,5e6f189083f18b3d
5,"04 - PFAS Monitoring/Cadillac WWTP PFAS Letter - March 4, 2019 DEQ letter approving the IPP PFAS Interim - Summary Reports, formally noting one source was discharging PFOS above the screening level Wexford was the source.pdf",Duplicates/Same-Content (byte-different)/2019-03-04__-1522814933655192300__Cadillac WWTP PFAS Letter.msg.pdf,5e6f189083f18b3d
5,"04 - PFAS Monitoring/Cadillac WWTP PFAS Letter - March 4, 2019 DEQ letter approving the IPP PFAS Interim - Summary Reports, formally noting one source was discharging PFOS above the screening level Wexford was the source.pdf",Duplicates/Same-Content (byte-different)/2019-03-04__-5070374537407687310__Cadillac WWTP PFAS Letter.msg.pdf,5e6f189083f18b3d
5,"04 - PFAS Monitoring/Cadillac WWTP PFAS Letter - March 4, 2019 DEQ letter approving the IPP PFAS Interim - Summary Reports, formally noting one source was discharging PFOS above the screening level Wexford was the source.pdf",Duplicates/Same-Content (byte-different)/2019-03-04__6876433978433285649__Cadillac WWTP PFAS Letter.msg.pdf,5e6f189083f18b3d
1,02 - NPDES Permits & Permit Issuance/2024-10-30__3365756924658739394__Mgt Practices Certification.doc.pdf,Duplicates/Same-Content (byte-different)/2025-10-21__9174144093660902326__Mgt Practices Certification.doc.pdf,7562b2e0524a503e
4,09 - Correspondence & Letters/2026-02-19__-5464694675839027997__Flare Performance Test Plan Letter.pdf,Duplicates/Same-Content (byte-different)/2026-02-19__6932017528122215369__Flare Performance Test Plan Letter.pdf,7e3201d89895ef60
6,12 - Wexford Landfill & Leachate/FW-City of Cadillac Letter - the landfill sampling effort led by WMRPD and Cadillac's decision not to request an extension.pdf,Duplicates/Same-Content (byte-different)/FW_ City of Cadillac Letter.pdf,8e729d2b0bacc2d3
11,"04 - PFAS Monitoring/RE- PFAS - WMRPD is developing a plan in coordination with the landfill industry to assist them with evaluating minimizing, and treating PFAS in their leachate and draft protocols and SOPs for sampling leachate.pdf",Duplicates/Same-Content (byte-different)/RE_ PFAS.pdf,96a082c9834af13c
9,06 - Lab Results & Sampling (general)/SimpleLab Report QWE6BQ.pdf,Duplicates/Same-Content (byte-different)/SimpleLab Report QWE6BQ (1).pdf,9c9501d0a5bc533e
6,04 - PFAS Monitoring/RE_ Cadillac WWTP - IPP PFAS Interim Report Review2.pdf,Duplicates/Same-Content (byte-different)/2019-01-23__-7912880971146198502__RE_ Cadillac WWTP - IPP PFAS Interim Report Review2.msg.pdf,9d74f03896bc691c
6,04 - PFAS Monitoring/RE_ Cadillac WWTP - IPP PFAS Interim Report Review2.pdf,Duplicates/Same-Content (byte-different)/2018-11-01__-5755238388065931422__RE_ Cadillac WWTP - IPP PFAS Interim Report Review.msg.pdf,9d74f03896bc691c
6,04 - PFAS Monitoring/RE- IPP PFAS Initiative Sampling Guidance - Suggested Analytes - internal Q&A about WMRPDs planned methods - Method 537 vs modified - for testing landfills.pdf,Duplicates/Same-Content (byte-different)/RE_ IPP PFAS Initiative Sampling Guidance_ Suggested Analytes.pdf,a4499b0804e6d3c9
6,04 - PFAS Monitoring/RE- IPP PFAS Initiative Sampling Guidance - Suggested Analytes - internal Q&A about WMRPDs planned methods - Method 537 vs modified - for testing landfills.pdf,Duplicates/Same-Content (byte-different)/2018-12-19__8864365913634161414__RE_ IPP PFAS Initiative Sampling Guidance_ Suggested Analytes.msg.pdf,a4499b0804e6d3c9
6,04 - PFAS Monitoring/RE- IPP PFAS Initiative Sampling Guidance - Suggested Analytes - internal Q&A about WMRPDs planned methods - Method 537 vs modified - for testing landfills.pdf,Duplicates/Same-Content (byte-different)/2019-02-12__5162860766879708910__RE_ IPP PFAS Initiative Sampling Guidance_ Suggested Analytes.msg.pdf,a4499b0804e6d3c9
53,All Documents used for prep/PFAS_Forensic_Dashboard - CopyPDF-2.pdf,Duplicates/Same-Content (byte-different)/PFAS_Forensic_Dashboard - CopyPDF.pdf,a5fd1470426d00a3
3,All Documents used for prep/Biosolids Audit Transmittal - Cadillac WWTP.pdf,Duplicates/Same-Content (byte-different)/Biosolids audit transmittal (word).pdf,ac69078fc75e669b
29,05 - Biosolids & Land Application/FW_ TestAmerica invoice and report files from 190-18507-1 WWTP - Biosolids.pdf,Duplicates/Same-Content (byte-different)/2019-02-22__-6388272437855274765__FW_ TestAmerica invoice and report files from 190-18507-1 WWTP - Biosolids.msg.pdf,ac9b8a118abfa61b
1,12 - Wexford Landfill & Leachate/WEXFORD LANDFILL - info on Wexford County Landfill (the local landfill that would have been a probable source for Cadillac.pdf,Duplicates/Same-Content (byte-different)/WEXFORD LANDFILL SIU-info sheet from City NPDES application Wexford County Landfill LLC Permit #590-13 Mixed Cells.pdf,c86bccfccfa36045
1,12 - Wexford Landfill & Leachate/WEXFORD LANDFILL - info on Wexford County Landfill (the local landfill that would have been a probable source for Cadillac.pdf,Duplicates/Same-Content (byte-different)/WEXFORD LANDFILL.pdf,c86bccfccfa36045
2,05 - Biosolids & Land Application/TVS Sludge-Temp data Mar-Apr-June 2019.pdf,Duplicates/Same-Content (byte-different)/TVS Sludge data with June 2019.pdf,c908d66490921672
29,02 - NPDES Permits & Permit Issuance/WQBELBiologistFactSheet_MI0020257_10-17-2022.pdf,Duplicates/Same-Content (byte-different)/2022-10-17__5271549274279379575__WQBELBiologistFactSheet_MI0020257_10-17-2022.pdf.pdf,cc25800c522689d3
6,02 - NPDES Permits & Permit Issuance/IU Permit notes.pdf,Duplicates/Same-Content (byte-different)/2024-10-09__6645952068854823121__IU Permit notes_COPY.msg.pdf,dd04022dda958837
6,09 - Correspondence & Letters/RE_ PLEASE look at this - FW_ info on % solids & % moisture - Update.pdf,Duplicates/Same-Content (byte-different)/2019-02-22__-5531387920153161894__RE_ PLEASE look at this - FW_ info on % solids & % moisture - Update.msg.pdf,ddea5ca959854248
10,99 - Needs Review/elevation_billing_service_charge_schedule_v2.pdf,Duplicates/Same-Content (byte-different)/elevation_billing_service.pdf,e32c869ad8694724
1,05 - Biosolids & Land Application/Biosolids Lab&Hauling Sheet Fall 2023.pdf,Duplicates/Same-Content (byte-different)/2024-10-30__1016221546561089184__Biosolids Lab&Hauling Sheet Fall 2023.xlsx.pdf,e434058db08f7911
6,05 - Biosolids & Land Application/TVS & 38% Reduction 2024.pdf,Duplicates/Same-Content (byte-different)/2024-10-30__3912111913383129866__TVS & 38% Reduction 2024.xlsx.pdf,e5054560d25dcf62
6,02 - NPDES Permits & Permit Issuance/WQBELBiologistReview_MI0020257_10-17-2022.pdf,Duplicates/Same-Content (byte-different)/2022-10-17__-3253706086432660697__WQBELBiologistReview_MI0020257_10-17-2022.doc.pdf,e61e1897271ec39b
3,03 - IPP (Industrial Pretreatment)/RE_ Cadillac MAHL revisions.pdf,Duplicates/Same-Content (byte-different)/2025-01-21__-8948881917471742688__RE_ Cadillac MAHL revisions.msg.pdf,e66640723418d71a
2,06 - Lab Results & Sampling (general)/1-4-Dioxan-SimpleLab Report VVCLVH.pdf,Duplicates/Same-Content (byte-different)/SimpleLab Report VVCLVH.pdf,ebe59b88ae2ddefe
6,05 - Biosolids & Land Application/TVS & 38% Reduction 2023.pdf,Duplicates/Same-Content (byte-different)/2023-10-30__-1962674721861553142__TVS & 38% Reduction 2023.xlsx.pdf,edb2b5d9e8a3a79a
7,04 - PFAS Monitoring/FW_ Biosolids PFAS - Cadillac.pdf,Duplicates/Same-Content (byte-different)/2019-02-28__-8513053641259165067__FW_ Biosolids PFAS - Cadillac.msg.pdf,f265a496ac8e218f
23,04 - PFAS Monitoring/J17646-1 UDS Level 2 Report Final Report- TestAmerica analytical report on leachate samples collected 10-3-2018-This is the report that confirmed Wexford as the City's PFAS source.pdf,Duplicates/Same-Content (byte-different)/report.pdf,f66c2df48d8470bf
46,04 - PFAS Monitoring/Cadillac_PFAS RE_ Voicemail Message.pdf,Duplicates/Same-Content (byte-different)/RE_ Voicemail Message.pdf,fa8e7a6f1a122a45
46,04 - PFAS Monitoring/Cadillac_PFAS RE_ Voicemail Message.pdf,Duplicates/Same-Content (byte-different)/2018-12-14__-7023703655846332926__Cadillac_PFAS RE_ Voicemail Message.msg.pdf,fa8e7a6f1a122a45
46,04 - PFAS Monitoring/Cadillac_PFAS RE_ Voicemail Message.pdf,Duplicates/Same-Content (byte-different)/2019-02-12__-4031262101571962083__RE_ Voicemail Message.msg.pdf,fa8e7a6f1a122a45
2,05 - Biosolids & Land Application/Cadillac Casting Meeting 11-22-22.pdf,Duplicates/Same-Content (byte-different)/2022-11-22__-5376236809626939578__Cadillac Casting Meeting 11-22-22.docx.pdf,fe1486543d4995f8
