Seq,SavedFile,OriginalName,DocDate,Description,Category,ProgramArea,FunctionalArea,SourceNumber,SourceType,DocMgmtId,SourceURL,Bytes,SHA256,Status,Note
0240,0240_2018-03-01_MI0020257 PFAS-IPP Letter 2-20-2018.pdf,MI0020257 PFAS-IPP Letter 2-20-2018.pdf,2018-03-01,,Industrial Pretreatment Program (IPP),n/a,Site,15637,Site,1950215384933042828,https://mienviro.michigan.gov/ncore/downloadpdf/1950215384933042828,359934,7a058f9c19d3ee00ec85257408e6fc1360fdffa9ef8d29828bca2394526e66a1,OK,
0253,0253_2018-04-18_PFAS.pdf,PFAS.msg,2018-04-18,,Industrial Pretreatment Program (IPP),n/a,Site,15637,Site,1922698188754231116,https://mienviro.michigan.gov/ncore/downloadpdf/1922698188754231116,421851,f701e912ca3debda125082bdb71fef5b06533477c48ce17056cd18c55d6faacc,OK,
0254,0254_2018-04-19_RE_ PFAS.pdf,RE_ PFAS.msg,2018-04-19,,Industrial Pretreatment Program (IPP),n/a,Site,15637,Site,3538327832857428719,https://mienviro.michigan.gov/ncore/downloadpdf/3538327832857428719,407089,ae0709a82af7ca67f21653258b859828b03c71fc4d06c207a2d91a24639bcf8e,OK,
0290,0290_2018-05-18_Cadillac WWTP 2nd PFAS-IPP Mailing.pdf,Cadillac WWTP 2nd PFAS-IPP Mailing.pdf,2018-05-18,,Industrial Pretreatment Program (IPP),n/a,Site,15637,Site,-739906742778535660,https://mienviro.michigan.gov/ncore/downloadpdf/-739906742778535660,143259,e13fc785334ff3ae00fd36ed88c23332dbd56238910a92ffa498814c00c15acc,OK,
0293,0293_2018-05-23_Cadillac WWTP_PFAS Extension Approval FINAL.pdf,Cadillac WWTP_PFAS Extension Approval FINAL.docx,2018-05-23,IPP PFAS extension approval letter,Industrial Pretreatment Program (IPP),WRD - NPDES,Application/Request,HND-N47D-M65XQ,Schedule - IPP Modification Request or New Program Approval Request,2280393261818424283,https://mienviro.michigan.gov/ncore/downloadpdf/2280393261818424283,103851,57e36bcc9486ed5a74f6a72d1bd86d96d58efff263bf14e8d986d11cfcf6f9c6,OK,
0296,0296_2018-06-13_FW_ City of Cadillac Letter.pdf,FW_ City of Cadillac Letter.msg,2018-06-13,,Industrial Pretreatment Program (IPP),n/a,Site,15637,Site,-8619958092011217786,https://mienviro.michigan.gov/ncore/downloadpdf/-8619958092011217786,470342,fb95496408dbbe7267069734dbd403177aee900d13496721b4e9b0c4c9510504,OK,
0300,0300_2018-06-27_AAR Mobility Maps and Flow.pdf,AAR Mobility Maps and Flow.pdf,2018-06-27,IPP PFAS Interim Rpt discussion correspondence,Industrial Pretreatment Program (IPP),WRD - NPDES,Application/Request,HNF-P7H3-DCN87,Schedule - IPP PFAS Interim Report-1,6364498015414189768,https://mienviro.michigan.gov/ncore/downloadpdf/6364498015414189768,340031,0fdcd80358546c03ff43eecf8de4afff01a7862b9728948d01f4f32049eb5b73,OK,
0329,0329_2018-09-19_RE_ Cadillac WWTP - IPP PFAS Interim Report Review (1).msg,RE_ Cadillac WWTP - IPP PFAS Interim Report Review (1).msg,2018-09-19,,Industrial Pretreatment Program (IPP),n/a,Site,15637,Site,-343730904032096154,https://mienviro.michigan.gov/ncore/downloadfile/-343730904032096154,13008384,8a3bd87430323401c83641a932f6fa570f200ca59e74bd6230effc85e58ed711,OK,URL absent in index; retrieved via /ncore/downloadfile/<docId>
0330,0330_2018-09-19_RE_ Cadillac WWTP - IPP PFAS Interim Report Review.msg,RE_ Cadillac WWTP - IPP PFAS Interim Report Review.msg,2018-09-19,IPP PFAS Summ Rpt discussion documents,Industrial Pretreatment Program (IPP),WRD - NPDES,Application/Request,HNJ-P0ZX-8AVDS,Schedule - IPP PFAS Summary Report,6449269443969004594,https://mienviro.michigan.gov/ncore/downloadfile/6449269443969004594,12988416,391d2cff96ef63efa02cb2ff6dff500c3fbe9a7f0a40340e4edb55e97b300ffe,OK,URL absent in index; retrieved via /ncore/downloadfile/<docId>
0332,0332_2018-09-20_RE_ Cadillac WWTP - IPP PFAS Interim Report Review.pdf,RE_ Cadillac WWTP - IPP PFAS Interim Report Review.msg,2018-09-20,,Industrial Pretreatment Program (IPP),n/a,Site,15637,Site,4951764546287509111,https://mienviro.michigan.gov/ncore/downloadpdf/4951764546287509111,95451,7797237d5b67735ffd7e012ec867baa489e1e2c0fe581b03779be7cea17b9e71,OK,
0341,0341_2018-10-15_Arvco email.pdf,Arvco email.pdf,2018-10-15,IPP PFAS Interim Rpt discussion correspondence,Industrial Pretreatment Program (IPP),WRD - NPDES,Application/Request,HNF-P7H3-DCN87,Schedule - IPP PFAS Interim Report-1,1259500000165986272,https://mienviro.michigan.gov/ncore/downloadpdf/1259500000165986272,114035,4ba3a6860e30f0b39318fbf746a98d1dd46f43c13f7407b43e92c41e60accf55,OK,
0342,0342_2018-10-15_RE_ Cadillac WWTP - IPP PFAS Interim Report Review1.msg,RE_ Cadillac WWTP - IPP PFAS Interim Report Review1.msg,2018-10-15,IPP PFAS Interim Rpt discussion correspondence,Industrial Pretreatment Program (IPP),WRD - NPDES,Application/Request,HNF-P7H3-DCN87,Schedule - IPP PFAS Interim Report-1,4248551297065010540,https://mienviro.michigan.gov/ncore/downloadfile/4248551297065010540,12987392,093e0c3a6ec733cfa76d58e3724a44eb3127fba949f7bd633782645c54bcc13e,OK,URL absent in index; retrieved via /ncore/downloadfile/<docId>
0348,0348_2018-10-29_Dyneon discussion Cadillac.pdf,Dyneon discussion Cadillac.docx,2018-10-29,IPP PFAS Interim Rpt discussion correspondence,Industrial Pretreatment Program (IPP),WRD - NPDES,Application/Request,HNF-P7H3-DCN87,Schedule - IPP PFAS Interim Report-1,-3935179264562711398,https://mienviro.michigan.gov/ncore/downloadpdf/-3935179264562711398,20081,adc77e29ceea4fc83e4c66e6e2f6db1eafd556032b10dd4d4e682e2d1b7bc1e6,OK,
0349,0349_2018-10-29_FW_ TestAmerica invoice and report files from 190-17646-1 City of Cadillac.pdf,FW_ TestAmerica invoice and report files from 190-17646-1 City of Cadillac.msg,2018-10-29,,Industrial Pretreatment Program (IPP),n/a,Site,15637,Site,7777500079687113609,https://mienviro.michigan.gov/ncore/downloadpdf/7777500079687113609,2696076,ca6efe433ab08346623353b57ec08024167a2d0f4b8eeb3d06818537641933d7,OK,
0371,0371_2018-11-01_RE_ Cadillac WWTP - IPP PFAS Interim Report Review.pdf,RE_ Cadillac WWTP - IPP PFAS Interim Report Review.msg,2018-11-01,,Industrial Pretreatment Program (IPP),n/a,Site,15637,Site,-5755238388065931422,https://mienviro.michigan.gov/ncore/downloadpdf/-5755238388065931422,111787,e56bcc9aa04c55dfb312989e3c622ecc031edd8ca8bdb2da9654e0f0d5eb7b2e,OK,
0372,0372_2018-11-01_RE_ Cadillac WWTP - IPP PFAS Interim Report Review2.pdf,RE_ Cadillac WWTP - IPP PFAS Interim Report Review2.msg,2018-11-01,IPP PFAS Summ Rpt discussion documents,Industrial Pretreatment Program (IPP),WRD - NPDES,Application/Request,HNJ-P0ZX-8AVDS,Schedule - IPP PFAS Summary Report,-7625399138862663878,https://mienviro.michigan.gov/ncore/downloadpdf/-7625399138862663878,111787,c73c0b45e14a47e6b989cce89a4f50a85fa6790addae092cd28e1cddefcd8049,OK,
0374,0374_2018-11-07_FW_ TestAmerica invoice and report files from 190-17646-1 City of Cadillac.pdf,FW_ TestAmerica invoice and report files from 190-17646-1 City of Cadillac.msg,2018-11-07,IPP PFAS Interim Rpt discussion correspondence,Industrial Pretreatment Program (IPP),WRD - NPDES,Application/Request,HNF-P7H3-DCN87,Schedule - IPP PFAS Interim Report-1,-1449555407544169069,https://mienviro.michigan.gov/ncore/downloadpdf/-1449555407544169069,2696076,17dfcc25e8a000c958df286900ed43baac2eb39801eb502c8fa3d21f0fc88dfa,OK,
0387,0387_2018-12-12_Cadillac_PFAS RE_ Voicemail Message.pdf,Cadillac_PFAS RE_ Voicemail Message.msg,2018-12-12,IPP PFAS Summ Rpt discussion documents,Industrial Pretreatment Program (IPP),WRD - NPDES,Application/Request,HNJ-P0ZX-8AVDS,Schedule - IPP PFAS Summary Report,-6300108423290621305,https://mienviro.michigan.gov/ncore/downloadpdf/-6300108423290621305,5263974,4b10f7c1edf2355b4f4d7a59e186f14f3bda33b3cd864ed5e07e2a3e4de4926c,OK,
0388,0388_2018-12-12_RE_ Voicemail Message.pdf,RE_ Voicemail Message.msg,2018-12-12,,Industrial Pretreatment Program (IPP),n/a,Site,15637,Site,-3859762491865917202,https://mienviro.michigan.gov/ncore/downloadpdf/-3859762491865917202,5263974,57ed2d4d18ebeaef0ee37dfc002131f82e0343b32f3a8c240b6a1642fd1ccd23,OK,
0389,0389_2018-12-14_Cadillac_PFAS RE_ Voicemail Message.pdf,Cadillac_PFAS RE_ Voicemail Message.msg,2018-12-14,IPP PFAS Interim Rpt discussion correspondence,Industrial Pretreatment Program (IPP),WRD - NPDES,Application/Request,HNF-P7H3-DCN87,Schedule - IPP PFAS Interim Report-1,-7023703655846332926,https://mienviro.michigan.gov/ncore/downloadpdf/-7023703655846332926,5263974,27230fdfeeacb9055ee97399b5466ddf98e44a0bf01661d279ed3f1078087bac,OK,
0395,0395_2018-12-19_RE_ IPP PFAS Initiative Sampling Guidance_ Suggested Analytes.pdf,RE_ IPP PFAS Initiative Sampling Guidance_ Suggested Analytes.msg,2018-12-19,,Industrial Pretreatment Program (IPP),n/a,Site,15637,Site,-6931018798791595252,https://mienviro.michigan.gov/ncore/downloadpdf/-6931018798791595252,171884,60eb9cdca3e6d24e3c428cbe06d4af4f3cb9d7434c093ab72ba4bba094232d2e,OK,
0396,0396_2018-12-19_RE_ IPP PFAS Initiative Sampling Guidance_ Suggested Analytes.pdf,RE_ IPP PFAS Initiative Sampling Guidance_ Suggested Analytes.msg,2018-12-19,IPP PFAS Summ Rpt discussion documents,Industrial Pretreatment Program (IPP),WRD - NPDES,Application/Request,HNJ-P0ZX-8AVDS,Schedule - IPP PFAS Summary Report,8864365913634161414,https://mienviro.michigan.gov/ncore/downloadpdf/8864365913634161414,171884,94273a84b3d355914efc968cb1b96a296732df8df7975428ae82a05b83d3edae,OK,
