EvalRefProgramAreaDescr,EvalRefEvalTypeDescr,EvalEvalNum,EvalPrmtNum,EvalRefEvalCatgDescr,EvalStartDate,EvalSmplTransmtDate,SiteName
WRD - NPDES,Sampling Only (Toxics),E-PP960227970222,MI0020257,On-Site Inspection,"10/22/2025 12:00:00 AM","11/26/2025 12:00:00 AM",Cadillac WWTP
WRD - NPDES,NPDES Compliance Evaluation Inspection (CEI),E-PP139012015623,MI0020257,On-Site Inspection,"6/10/2025 12:00:00 AM",,Cadillac WWTP
WRD - NPDES,Biosolids Audit,E-PP027995818650,MI0020257,On-Site Inspection,"4/29/2025 12:00:00 AM",,Cadillac WWTP
WRD - NPDES,Biosolids Site Inspection,E-PN533182730332,MI0020257,On-Site Inspection,"4/29/2025 12:00:00 AM",,Cadillac WWTP
WRD - NPDES,NPDES Recon,E-PN651347951074,MI0020257,On-Site Inspection,"4/10/2024 12:00:00 AM",,Cadillac WWTP
WRD - NPDES,NPDES CSI-Conventionals Only,E-11682,MI0020257,On-Site Inspection,"7/10/2023 12:00:00 AM","9/29/2023 12:00:00 AM",Cadillac WWTP
WRD - NPDES,NPDES Compliance Evaluation Inspection (CEI),E-NCAY-4M8R-FG93,MI0020257,On-Site Inspection,"9/27/2022 12:00:00 AM",,Cadillac WWTP
WRD - NPDES,Pretreatment Compliance Inspection,E-3H7H-JCYN-ZXB,MI0020257,On-Site Inspection,"8/18/2021 12:00:00 AM",,Cadillac WWTP
WRD - NPDES,Industrial Pretreatment Prog Recon,E-W85T-N3NP-9HHF,MI0020257,On-Site Inspection,"9/25/2020 12:00:00 AM",,Cadillac WWTP
WRD - NPDES,Industrial Pretreatment Prog Recon,E-WFGS-RWY-NG4,,On-Site Inspection,"9/24/2019 12:00:00 AM",,Cadillac WWTP
WRD - NPDES,NPDES CSI-Conventionals Only,E-R7AN-XJE-F29,MI0020257,On-Site Inspection,"5/17/2018 12:00:00 AM","2/5/2019 12:00:00 AM",Cadillac WWTP
WRD - NPDES,Biosolids Audit,E-DHWW-FYB-ZBN,MI0020257,On-Site Inspection,"5/11/2018 12:00:00 AM",,Cadillac WWTP
WRD - NPDES,NPDES Recon,E-9A27-E5-B564,MI0020257,On-Site Inspection,"7/13/2017 12:00:00 AM",,Cadillac WWTP
WRD - NPDES,NPDES Recon,E-D322-3E-23B8,MI0020257,On-Site Inspection,"9/16/2016 12:00:00 AM",,Cadillac WWTP
WRD - NPDES,NPDES Recon,E-DC36-B1-3957,,On-Site Inspection,"9/16/2016 12:00:00 AM",,Cadillac WWTP
WRD - NPDES,Pretreatment Compliance Inspection,E-91D5-97-E7D2,MI0020257,On-Site Inspection,"5/14/2015 12:00:00 AM",,Cadillac WWTP
WRD - NPDES,Biosolids Site Recon,E-DA73-5F-3482,MI0020257,On-Site Inspection,"5/7/2015 12:00:00 AM",,Cadillac WWTP
WRD - NPDES,Biosolids Site Inspection,E-EBBF-48-4145,MI0020257,On-Site Inspection,"5/7/2015 12:00:00 AM",,Cadillac WWTP
WRD - NPDES,Biosolids Site Inspection,E-E1AC-67-52DA,MI0020257,On-Site Inspection,"12/18/2014 12:00:00 AM",,Cadillac WWTP
WRD - NPDES,NPDES CSI-Toxics,E-832F-E9-D657,MI0020257,On-Site Inspection,"10/14/2014 12:00:00 AM",,Cadillac WWTP
WRD - NPDES,Biosolids Site Inspection,E-8B5C-16-97FE,MI0020257,On-Site Inspection,"8/14/2014 12:00:00 AM",,Cadillac WWTP
WRD - NPDES,Biosolids Site Inspection,E-AC46-21-7FE4,MI0020257,On-Site Inspection,"7/21/2014 12:00:00 AM",,Cadillac WWTP
WRD - NPDES,Biosolids Recon,E-E912-C2-7B15,MI0020257,On-Site Inspection,"6/5/2014 12:00:00 AM",,Cadillac WWTP
WRD - NPDES,Biosolids Site Inspection,E-64D4-D8-62D8,MI0020257,On-Site Inspection,"5/8/2014 12:00:00 AM",,Cadillac WWTP
WRD - NPDES,Biosolids Site Inspection,E-AC4D-A1-851E,MI0020257,On-Site Inspection,"11/14/2013 12:00:00 AM",,Cadillac WWTP
WRD - NPDES,Biosolids Recon,E-3FF5-3B-9246,MI0020257,On-Site Inspection,"11/14/2013 12:00:00 AM",,Cadillac WWTP
WRD - NPDES,NPDES Compliance Evaluation Inspection (CEI),E-CF37-78-F1CD,MI0020257,On-Site Inspection,"9/30/2013 12:00:00 AM",,Cadillac WWTP
WRD - NPDES,Biosolids Site Inspection,E-3829-B5-6B5A,MI0020257,On-Site Inspection,"10/3/2012 12:00:00 AM",,Cadillac WWTP
WRD - NPDES,Reconnaissance Inspection,E-5DA7-99-788A,MI0020257,On-Site Inspection,"7/6/2012 12:00:00 AM",,Cadillac WWTP
WRD - NPDES,Biosolids Recon,E-174E-56-1E2F,MI0020257,On-Site Inspection,"10/12/2011 12:00:00 AM",,Cadillac WWTP
WRD - NPDES,Reconnaissance Inspection,E-26AB-A4-87CC,MI0020257,On-Site Inspection,"6/15/2011 12:00:00 AM",,Cadillac WWTP
WRD - NPDES,Biosolids Recon,E-9364-CD-565C,MI0020257,On-Site Inspection,"5/18/2011 12:00:00 AM",,Cadillac WWTP
WRD - NPDES,Biosolids Site Inspection,E-E879-6E-643F,MI0020257,On-Site Inspection,"5/18/2011 12:00:00 AM",,Cadillac WWTP
WRD - NPDES,CSI-Conventionals Only,E-3F12-26-C65D,MI0020257,On-Site Inspection,"2/3/2011 12:00:00 AM",,Cadillac WWTP
WRD - NPDES,Biosolids Site Inspection,E-6362-85-2A36,MI0020257,On-Site Inspection,"10/13/2010 12:00:00 AM",,Cadillac WWTP
WRD - NPDES,Industrial Pretreatment Prog Recon,E-277C-EE-6D3F,MI0020257,On-Site Inspection,"11/19/2009 12:00:00 AM",,Cadillac WWTP
WRD - NPDES,CSI-Conventionals Only,E-DF86-FF-F62D,MI0020257,On-Site Inspection,"9/8/2009 12:00:00 AM",,Cadillac WWTP
WRD - NPDES,Biosolids Inspection,E-2B73-24-58FC,MI0020257,On-Site Inspection,"6/2/2009 12:00:00 AM",,Cadillac WWTP
WRD - NPDES,Biosolids Site Inspection,E-D57A-F5-1743,,On-Site Inspection,"6/2/2009 12:00:00 AM",,Cadillac WWTP
WRD - NPDES,Biosolids Site Inspection,E-6466-D8-4C85,,On-Site Inspection,"7/1/2008 12:00:00 AM",,Cadillac WWTP
WRD - NPDES,Biosolids Recon,E-42E4-CB-2D58,MI0020257,On-Site Inspection,"7/1/2008 12:00:00 AM",,Cadillac WWTP
WRD - NPDES,Reconnaissance Inspection,E-7CC5-CB-C2B3,MI0020257,On-Site Inspection,"4/3/2008 12:00:00 AM",,Cadillac WWTP
WRD - NPDES,Converted Data,E-69F9-EA-BDEC,MI0020257,On-Site Inspection,"11/9/2007 12:00:00 AM",,Cadillac WWTP
WRD - NPDES,Biosolids Site Recon,E-4B19-3A-2179,,On-Site Inspection,"10/11/2007 12:00:00 AM",,Cadillac WWTP
WRD - NPDES,Pretreatment Compliance Inspection,E-8EB6-FB-19B1,MI0020257,On-Site Inspection,"9/21/2007 12:00:00 AM",,Cadillac WWTP
WRD - NPDES,Biosolids Audit,E-D92A-E1-AF69,MI0020257,On-Site Inspection,"8/7/2007 12:00:00 AM",,Cadillac WWTP
WRD - NPDES,CSI-Conventionals Only,E-88CF-3B-BCA3,MI0020257,On-Site Inspection,"5/7/2007 12:00:00 AM",,Cadillac WWTP
WRD - NPDES,Biosolids Recon,E-88C7-59-35E6,MI0020257,On-Site Inspection,"6/20/2005 12:00:00 AM",,Cadillac WWTP
WRD - NPDES,CSI-Conventionals Only,E-CB86-F1-D521,MI0020257,On-Site Inspection,"10/4/2004 12:00:00 AM",,Cadillac WWTP
WRD - NPDES,Compliance Evaluation Inspection (CEI),E-C4AD-18-3354,MI0020257,On-Site Inspection,"5/28/2004 12:00:00 AM",,Cadillac WWTP
WRD - NPDES,Biosolids Facility Visit,E-3E2F-A1-2986,,On-Site Inspection,"5/4/2004 12:00:00 AM",,Cadillac WWTP
WRD - NPDES,CSI-Toxics,E-1DC7-42-12C4,MI0020257,On-Site Inspection,"2/23/2004 12:00:00 AM",,Cadillac WWTP
WRD - NPDES,Compliance Evaluation Inspection (CEI),E-3A6A-CB-2A89,MI0020257,On-Site Inspection,"9/25/2003 12:00:00 AM",,Cadillac WWTP
WRD - NPDES,CSI-Toxics,E-4775-5F-B1C8,MI0020257,On-Site Inspection,"7/7/2003 12:00:00 AM",,Cadillac WWTP
WRD - NPDES,CSI-Toxics,E-123F-3D-BEBE,,On-Site Inspection,"3/5/2002 12:00:00 AM",,Cadillac WWTP
WRD - NPDES,CSI-Toxics,E-D8ED-4B-B1EE,,On-Site Inspection,"10/2/2001 12:00:00 AM",,Cadillac WWTP
WRD - NPDES,Reconnaissance Inspection,E-5784-58-B57E,,On-Site Inspection,"4/1/2001 12:00:00 AM",,Cadillac WWTP
WRD - NPDES,Biomonitoring,E-E5EE-BF-CEA5,,On-Site Inspection,"12/13/2000 12:00:00 AM",,Cadillac WWTP
WRD - NPDES,Compliance Evaluation Inspection (CEI),E-7178-8A-8819,,On-Site Inspection,"12/6/2000 12:00:00 AM",,Cadillac WWTP
WRD - NPDES,CSI-Toxics,E-9256-CC-C5BD,,On-Site Inspection,"3/15/1999 12:00:00 AM",,Cadillac WWTP
WRD - NPDES,CSI-Toxics,E-EBC3-F2-B39D,,On-Site Inspection,"9/8/1998 12:00:00 AM",,Cadillac WWTP
WRD - NPDES,Reconnaissance Inspection,E-9B6D-13-4499,,On-Site Inspection,"10/24/1997 12:00:00 AM",,Cadillac WWTP
WRD - NPDES,CSI-Toxics,E-FB7D-65-42DB,,On-Site Inspection,"12/9/1996 12:00:00 AM",,Cadillac WWTP
WRD - NPDES,CSI-Toxics,E-7C81-68-FB4B,,On-Site Inspection,"10/9/1995 12:00:00 AM",,Cadillac WWTP
WRD - NPDES,CSI-Toxics,E-BEEF-39-93F4,,On-Site Inspection,"4/24/1995 12:00:00 AM",,Cadillac WWTP
WRD - NPDES,Biomonitoring,E-BE33-84-B6FF,,On-Site Inspection,"1/24/1995 12:00:00 AM",,Cadillac WWTP
WRD - NPDES,CSI-Toxics,E-442E-FD-D25B,,On-Site Inspection,"5/16/1994 12:00:00 AM",,Cadillac WWTP
WRD - NPDES,Pretreatment Compliance Inspection,E-C69D-35-29BD,,On-Site Inspection,"4/28/1994 12:00:00 AM",,Cadillac WWTP
WRD - NPDES,CSI-Toxics,E-596E-79-9516,,On-Site Inspection,"7/7/1993 12:00:00 AM",,Cadillac WWTP
WRD - NPDES,CSI-Toxics,E-34B7-33-5F39,,On-Site Inspection,"4/21/1992 12:00:00 AM",,Cadillac WWTP
WRD - NPDES,Pretreatment Compliance Inspection,E-2BA1-FC-4D22,,On-Site Inspection,"4/20/1992 12:00:00 AM",,Cadillac WWTP
WRD - NPDES,Reconnaissance Inspection,E-BCD7-7C-F3B1,,On-Site Inspection,"4/20/1992 12:00:00 AM",,Cadillac WWTP
WRD - NPDES,Pretreatment Audit,E-FBBF-A3-3918,,On-Site Inspection,"7/23/1991 12:00:00 AM",,Cadillac WWTP
WRD - NPDES,CSI-Toxics,E-87E1-B1-C457,,On-Site Inspection,"5/20/1991 12:00:00 AM",,Cadillac WWTP
WRD - NPDES,Biomonitoring,E-694B-99-25AB,,On-Site Inspection,"10/19/1990 12:00:00 AM",,Cadillac WWTP
WRD - NPDES,Pretreatment Compliance Inspection,E-237C-2D-C893,,On-Site Inspection,"7/31/1990 12:00:00 AM",,Cadillac WWTP
WRD - NPDES,CSI-Conventionals Only,E-244B-1F-66B6,,On-Site Inspection,"7/30/1990 12:00:00 AM",,Cadillac WWTP
WRD - NPDES,Reconnaissance Inspection,E-D98C-76-DB27,,On-Site Inspection,"6/7/1989 12:00:00 AM",,Cadillac WWTP
WRD - NPDES,CSI-Toxics,E-F987-BB-3966,,On-Site Inspection,"5/22/1989 12:00:00 AM",,Cadillac WWTP
WRD - NPDES,Pretreatment Compliance Inspection,E-5EF7-E7-B2AD,,On-Site Inspection,"3/22/1989 12:00:00 AM",,Cadillac WWTP
WRD - NPDES,Reconnaissance Inspection,E-92FC-F4-5DBE,,On-Site Inspection,"1/31/1989 12:00:00 AM",,Cadillac WWTP
WRD - NPDES,Pretreatment Compliance Inspection,E-6876-99-B1D7,,On-Site Inspection,"7/14/1988 12:00:00 AM",,Cadillac WWTP
WRD - NPDES,Pretreatment Compliance Inspection,E-641C-25-4A8F,,On-Site Inspection,"9/16/1987 12:00:00 AM",,Cadillac WWTP
WRD - NPDES,Pretreatment Audit,E-395B-75-CB5F,,On-Site Inspection,"9/29/1986 12:00:00 AM",,Cadillac WWTP
WRD - NPDES,CSI-Toxics,E-45ED-F9-4FA9,,On-Site Inspection,"7/11/1983 12:00:00 AM",,Cadillac WWTP
WRD - NPDES,CSI-Toxics,E-A277-64-9358,,On-Site Inspection,"6/9/1980 12:00:00 AM",,Cadillac WWTP
WRD - NPDES,Compliance Evaluation Inspection (CEI),E-72F8-63-285A,,On-Site Inspection,"3/4/1980 12:00:00 AM",,Cadillac WWTP
WRD - NPDES,Compliance Evaluation Inspection (CEI),E-B47E-86-3CDD,,On-Site Inspection,"9/27/1978 12:00:00 AM",,Cadillac WWTP
WRD - NPDES,CSI-Conventionals Only,E-AB23-1F-48A5,MI0020257,On-Site Inspection,,,Cadillac WWTP
