file,submission,sample_date,monitoring_point,flow_mgd,pfos_ng_l,pfoa_ng_l,source_format
2019-03-04__-1522814933655192300__Cadillac WWTP PFAS Letter.msg.pdf,,,Outfall,,,,IPP status report
2019-03-04__-5070374537407687310__Cadillac WWTP PFAS Letter.msg.pdf,,,Outfall,,,,IPP status report
2019-03-04__2197571042959551007__Cadillac WWTP PFAS Letter.pdf.pdf,,,Outfall,,,,IPP status report
2019-03-04__403570696290303528__Cadillac WWTP PFAS Interim and Summary Rpt Approval Letter.pdf.pdf,,,Outfall,,,,IPP status report
2019-03-04__6876433978433285649__Cadillac WWTP PFAS Letter.msg.pdf,,,Outfall,,,,IPP status report
2019-03-04__8004028571974457714__Cadillac WWTP PFAS Interim and Summary Rpt Approval Letter.pdf.pdf,,,Outfall,,,,IPP status report
2019-03-05__5112104207502533600__Cadillac WWTP PFAS Letter.msg.pdf,,,Outfall,,,,IPP status report
2019-06-28__2793559677356639638__HNQ-VZP8-TWNRX V1.pdf v1.pdf,HNQ-VZP8-TWNRX,06/04/2019,Outfall,,7.1,15,IPP status report
2019-12-18__-30690039028977475__HNV-XK97-EV0GR V1.pdf v1.pdf,HNV-XK97-EV0GR,10/22/2019,Outfall,,2.4,3.4,IPP status report
2021-12-01__6140963438152350458__HPD-MWSX-Y48BC V1.pdf v1.pdf,HPD-MWSX-Y48BC,04/13/2021,001,1.6,<1.6,1.9,PFAS effluent form
2021-12-01__6140963438152350458__HPD-MWSX-Y48BC V1.pdf v1.pdf,HPD-MWSX-Y48BC,10/13/2021,001,1.76,2.0,2.3,PFAS effluent form
2021-12-02__7929871620943933588__HPD-MWSX-Y48BC V2.pdf v2.pdf,HPD-MWSX-Y48BC,04/13/2021,001,1.6,<1.6,1.9,PFAS effluent form
2021-12-02__7929871620943933588__HPD-MWSX-Y48BC V2.pdf v2.pdf,HPD-MWSX-Y48BC,10/13/2021,001,1.76,<1.9,2.0,PFAS effluent form
2022-06-23__-872813351944594838__HPJ-N5BJ-2CYH5 V1.pdf v1.pdf,HPJ-N5BJ-2CYH5,10/22/2019,001,1.821,2.0,3.4,PFAS effluent form
2022-06-23__-872813351944594838__HPJ-N5BJ-2CYH5 V1.pdf v1.pdf,HPJ-N5BJ-2CYH5,04/22/2020,001,1.258,2.6,4.4,PFAS effluent form
2022-06-23__-872813351944594838__HPJ-N5BJ-2CYH5 V1.pdf v1.pdf,HPJ-N5BJ-2CYH5,10/07/2020,001,1.781,1.8,2.5,PFAS effluent form
2022-06-23__-872813351944594838__HPJ-N5BJ-2CYH5 V1.pdf v1.pdf,HPJ-N5BJ-2CYH5,04/13/2021,001,1.874,<1.6,1.9,PFAS effluent form
2022-06-23__-872813351944594838__HPJ-N5BJ-2CYH5 V1.pdf v1.pdf,HPJ-N5BJ-2CYH5,10/13/2021,001,1.939,<1.9,2.0,PFAS effluent form
2022-06-23__-872813351944594838__HPJ-N5BJ-2CYH5 V1.pdf v1.pdf,HPJ-N5BJ-2CYH5,04/21/2022,001,2.093,3.1,2,PFAS effluent form
2022-11-09__6871345741167251834__HPP-2914-8S45C V1.pdf v1.pdf,HPP-2914-8S45C,04/21/2022,001,1.953,3.1,2.0,PFAS effluent form
2022-11-09__6871345741167251834__HPP-2914-8S45C V1.pdf v1.pdf,HPP-2914-8S45C,10/13/2022,001,1.980,1.4,1.6,PFAS effluent form
2023-05-31__-9073857214908716294__HPV-1RCJ-X06GE v1.pdf.pdf,HPV-1RCJ-X06GE,04/20/2023,001,1.851,1.88,2.00,PFAS effluent form
2023-12-27__-5932251857499979435__HQ0-715X-88YTN v1.pdf.pdf,HQ0-715X-88YTN,04/20/2023,001,1.851,1.88,2,PFAS effluent form
2023-12-27__-5932251857499979435__HQ0-715X-88YTN v1.pdf.pdf,HQ0-715X-88YTN,10/11/2023,001,1.634,<4,<4.3,PFAS effluent form
2024-02-28__-8946453493866835799__HQ1-1PD1-TAM4K v1.pdf.pdf,HQ1-1PD1-TAM4K,01/23/2024,001,1.628,1.5,2.3,PFAS effluent form
2024-07-01__5544170528469842000__HQ4-SQ4J-259F6 v1.pdf.pdf,HQ4-SQ4J-259F6,05/29/2024,001,1.995,0.99,1.7,PFAS effluent form
2024-07-02__4670973250636877518__HQ4-SQ4J-259F6 v2.pdf.pdf,HQ4-SQ4J-259F6,05/29/2024,001,1.995,0.99,1.7,PFAS effluent form
2024-07-10__-7142388875090971516__HQ4-SQ4J-259F6 v3.pdf.pdf,HQ4-SQ4J-259F6,05/29/2024,001,1.995,0.99,1.7,PFAS effluent form
2024-10-01__-8271012263607576939__HQ7-24YS-A06A1 v1.pdf.pdf,HQ7-24YS-A06A1,09/05/2024,001,1.950,1.6,2.3,PFAS effluent form
2025-01-31__857383557715116487__HQA-1Y8Z-BBRZS_v1.pdf.pdf,HQA-1Y8Z-BBRZS,01/14/2025,001A,1.62,1.9,<1.6,PFAS effluent form
2025-06-11__-3242537781810572657__HQD-91C4-TNX99_v1.pdf.pdf,HQD-91C4-TNX99,05/06/2025,001A,1.85,1.3,2.2,PFAS effluent form
2025-10-21__7159881994930730916__HQG-GKRH-8B37J_v1.pdf.pdf,HQG-GKRH-8B37J,09/17/2025,001A,1.57,1.5,2.1,PFAS effluent form
2025-10-24__3720641380305327115__HQG-GKRH-8B37J_v2.pdf.pdf,HQG-GKRH-8B37J,09/17/2025,001A,1.57,1.5,2.1,PFAS effluent form
2026-02-12__-4926414550211924092__HQK-A647-67DN7_v1.pdf.pdf,HQK-A647-67DN7,01/21/2026,001a,1.684,<1.6,<1.6,PFAS effluent form
2026-06-17__-5936415988770754121__HQP-CM46-C1C5E_v1.pdf.pdf,HQP-CM46-C1C5E,05/13/2026,001A,2.44,2.5,3.1,PFAS effluent form
