ViolRefViolCatgDescr,ViolRefViolTypeDescr,ViolRefViolStatDescr,ViolNonCmplStartDate,ViolViolNotifCmnts,ViolDescr,EvalEvalNum,EvalRefEvalTypeDescr
DMR Report,DMR value exceeds Limit value (Permit),Active – Not Reviewed,"9/19/2025 12:00:00 AM",,,E-PP686205665124,DMR System-generated Evaluation
DMR Report,DMR value exceeds Limit value (Permit),Active – Not Reviewed,"9/18/2025 12:00:00 AM",,,E-PP686205665124,DMR System-generated Evaluation
DMR Report,DMR value exceeds Limit value (Permit),Active – Not Reviewed,"9/17/2025 12:00:00 AM",,,E-PP686205665124,DMR System-generated Evaluation
DMR Report,DMR value exceeds Limit value (Permit),Active – Not Reviewed,"9/17/2025 12:00:00 AM",,,E-PP686205665124,DMR System-generated Evaluation
DMR Report,DMR value exceeds Limit value (Permit),Active – Not Reviewed,"9/16/2025 12:00:00 AM",,,E-PP686205665124,DMR System-generated Evaluation
DMR Report,DMR value exceeds Limit value (Permit),Active – Not Reviewed,"9/16/2025 12:00:00 AM",,,E-PP686205665124,DMR System-generated Evaluation
DMR Report,DMR value exceeds Limit value (Permit),Active – Not Reviewed,"7/24/2025 12:00:00 AM",,,E-PP200402391499,DMR System-generated Evaluation
DMR Report,DMR value exceeds Limit value (Permit),Active – Not Reviewed,"7/11/2025 12:00:00 AM",,,E-PP200402391499,DMR System-generated Evaluation
Inspection - NPDES,Improper/Inadequate Sample Preservation (Permit Language),Active - Addressed not Resolved,"6/10/2025 12:00:00 AM",,WRD - NPDES,E-PP139012015623,NPDES Compliance Evaluation Inspection (CEI)
DMR Report,DMR value exceeds Limit value (Permit),Active - Addressed not Resolved,"6/6/2025 12:00:00 AM",,,E-17782,DMR System-generated Evaluation
DMR Report,DMR value exceeds Limit value (Permit),Active - Addressed not Resolved,"6/5/2025 12:00:00 AM",,,E-17782,DMR System-generated Evaluation
DMR Report,DMR value exceeds Limit value (Permit),Active - Addressed not Resolved,"6/4/2025 12:00:00 AM",,,E-17782,DMR System-generated Evaluation
DMR Report,DMR value exceeds Limit value (Permit),Active - Addressed not Resolved,"6/2/2025 12:00:00 AM",,,E-17782,DMR System-generated Evaluation
Permit Language,Additional Monitoring by Permittee (Permit Language),Active - Addressed not Resolved,"4/17/2025 12:00:00 AM",,WRD - NPDES,E-PP139012015623,NPDES Compliance Evaluation Inspection (CEI)
DMR Report,DMR value exceeds Limit value (Permit),Active - Addressed not Resolved,"11/26/2024 12:00:00 AM",,,E-71255,DMR System-generated Evaluation
DMR Report,DMR value exceeds Limit value (Permit),Active - Addressed not Resolved,"11/25/2024 12:00:00 AM",,,E-71255,DMR System-generated Evaluation
DMR Report,DMR value exceeds Limit value (Permit),Active - Addressed not Resolved,"11/21/2024 12:00:00 AM",,,E-71255,DMR System-generated Evaluation
DMR Report,DMR value does not achieve Limit value (Permit),Active - Addressed not Resolved,"11/21/2024 12:00:00 AM",,,E-71255,DMR System-generated Evaluation
DMR Report,DMR value exceeds Limit value (Permit),Active - Addressed not Resolved,"11/20/2024 12:00:00 AM",,,E-71255,DMR System-generated Evaluation
DMR Report,DMR value exceeds Limit value (Permit),Active - Addressed not Resolved,"8/30/2024 12:00:00 AM",,,E-PP229125265373,DMR System-generated Evaluation
DMR Report,DMR value exceeds Limit value (Permit),Active - Addressed not Resolved,"8/1/2024 12:00:00 AM",,,E-PP229125265373,DMR System-generated Evaluation
DMR Report,DMR not submitted by due date (Permit),Active - Addressed not Resolved,"2/21/2024 12:00:00 AM",,,E-PP702996512838,DMR System-generated Evaluation
Schedule of Compliance,Compliance Schedule Not Received by Due Date (Permit),Active - Addressed not Resolved,"1/26/2024 12:00:00 AM",,,E-3H7H-JCYN-ZXB,Pretreatment Compliance Inspection
Schedule of Compliance,Compliance Schedule Not Received by Due Date (Permit),Active - Addressed not Resolved,"1/26/2024 12:00:00 AM",,,E-3H7H-JCYN-ZXB,Pretreatment Compliance Inspection
Schedule of Compliance,Compliance Schedule Not Received by Due Date (Permit),Active - Addressed not Resolved,"1/26/2024 12:00:00 AM",,,E-3H7H-JCYN-ZXB,Pretreatment Compliance Inspection
Schedule of Compliance,Compliance Schedule Not Received by Due Date (Permit),Active - Addressed not Resolved,"1/26/2024 12:00:00 AM",,,E-PP702038693624,Compliance Schedule Evaluation
Schedule of Compliance,Compliance Schedule Not Received by Due Date (Permit),Active - Addressed not Resolved,"1/26/2024 12:00:00 AM",,,E-PN803022432670,Compliance Schedule Evaluation
DMR Report,DMR value exceeds Limit value (Permit),Active – Reviewed/Evaluated,"12/1/2023 12:00:00 AM",,,E-92262,DMR System-generated Evaluation
DMR Report,DMR value exceeds Limit value (Permit),Active – Reviewed/Evaluated,"9/1/2023 12:00:00 AM",,,E-PN577128104104,DMR System-generated Evaluation
Schedule of Compliance,Compliance Schedule Not Received by Due Date (Permit),Active - Addressed not Resolved,"7/31/2023 12:00:00 AM",,,E-AZZG-V4HD-E77S,Compliance Schedule Evaluation
Permit Language,MIPP Implementation and Enforcement (Permit Language),Active – Compliance Action Taken,"4/13/2023 12:00:00 AM",,WRD - NPDES,E-1YHQ-BG0S-XE2D,Compliance Schedule Evaluation
Schedule of Compliance,Compliance Schedule Not Received by Due Date (Permit),Active - Addressed not Resolved,"4/1/2023 12:00:00 AM",,,E-1YHQ-BG0S-XE2D,Compliance Schedule Evaluation
Schedule of Compliance,Compliance Schedule Not Received by Due Date (Permit),Active - Addressed not Resolved,"3/6/2023 12:00:00 AM",,,E-3H7H-JCYN-ZXB,Pretreatment Compliance Inspection
Schedule of Compliance,Compliance Schedule Not Received by Due Date (Permit),Active - Addressed not Resolved,"3/6/2023 12:00:00 AM",,,E-PP784194778808,Compliance Schedule Evaluation
DMR Report,DMR value exceeds Limit value (Permit),Active - Addressed not Resolved,"3/1/2023 12:00:00 AM",,,E-40413,DMR System-generated Evaluation
DMR Report,DMR value exceeds Limit value (Permit),Active – Reviewed/Evaluated,"11/23/2022 12:00:00 AM",,,E-22038,DMR System-generated Evaluation
DMR Report,DMR value exceeds Limit value (Permit),Active – Reviewed/Evaluated,"9/16/2022 12:00:00 AM",,,E-PP686703119623,DMR System-generated Evaluation
DMR Report,DMR value exceeds Limit value (Permit),Active – Reviewed/Evaluated,"9/15/2022 12:00:00 AM",,,E-PP686703119623,DMR System-generated Evaluation
DMR Report,DMR value exceeds Limit value (Permit),Active – Reviewed/Evaluated,"7/14/2022 12:00:00 AM",,,E-07563,DMR System-generated Evaluation
DMR Report,DMR value exceeds Limit value (Permit),Active – Reviewed/Evaluated,"6/10/2022 12:00:00 AM",,,E-PN537050507094,DMR System-generated Evaluation
DMR Report,DMR value exceeds Limit value (Permit),Active – Reviewed/Evaluated,"6/9/2022 12:00:00 AM",,,E-PN537050507094,DMR System-generated Evaluation
DMR Report,DMR value exceeds Limit value (Permit),Active – Reviewed/Evaluated,"6/9/2022 12:00:00 AM",,,E-PN537050507094,DMR System-generated Evaluation
DMR Report,DMR value exceeds Limit value (Permit),Active – Reviewed/Evaluated,"6/9/2022 12:00:00 AM",,,E-PN537050507094,DMR System-generated Evaluation
DMR Report,DMR value exceeds Limit value (Permit),Active – Reviewed/Evaluated,"6/8/2022 12:00:00 AM",,,E-PN537050507094,DMR System-generated Evaluation
DMR Report,DMR value exceeds Limit value (Permit),Active – Reviewed/Evaluated,"6/3/2022 12:00:00 AM",,,E-PN537050507094,DMR System-generated Evaluation
DMR Report,DMR value exceeds Limit value (Permit),Active – Reviewed/Evaluated,"6/1/2022 12:00:00 AM",,,E-PN537050507094,DMR System-generated Evaluation
DMR Report,DMR value exceeds Limit value (Permit),Active – Reviewed/Evaluated,"6/1/2022 12:00:00 AM",,,E-PN537050507094,DMR System-generated Evaluation
DMR Report,DMR value exceeds Limit value (Permit),Active – Reviewed/Evaluated,"6/1/2022 12:00:00 AM",,,E-PN537050507094,DMR System-generated Evaluation
DMR Report,DMR not submitted by due date (Permit),Active – Reviewed/Evaluated,"5/21/2022 12:00:00 AM",,,E-7F69-YS9F-WF20,DMR System-generated Evaluation
DMR Report,DMR value exceeds Limit value (Permit),Active – Reviewed/Evaluated,"2/15/2022 12:00:00 AM",,,E-Q93A-58QD-4B69,DMR System-generated Evaluation
DMR Report,DMR value exceeds Limit value (Permit),Active – Reviewed/Evaluated,"11/26/2021 12:00:00 AM",,,E-M8H1-5Y51-R3EX,DMR System-generated Evaluation
DMR Report,DMR value exceeds Limit value (Permit),Active – Reviewed/Evaluated,"11/25/2021 12:00:00 AM",,,E-M8H1-5Y51-R3EX,DMR System-generated Evaluation
Schedule of Compliance,Compliance Schedule Not Received by Due Date (Permit),Active – Reviewed/Evaluated,"11/18/2021 12:00:00 AM",,,E-KHBE-JCJ6-XFS3,Compliance Schedule Evaluation
Schedule of Compliance,Compliance Schedule Not Received by Due Date (Permit),Active – Reviewed/Evaluated,"11/18/2021 12:00:00 AM",,,E-EPSB-3TG0-Q9GG,Compliance Schedule Evaluation
DMR Report,DMR value exceeds Limit value (Permit),Active – Reviewed/Evaluated,"11/1/2021 12:00:00 AM",,,E-M8H1-5Y51-R3EX,DMR System-generated Evaluation
Inspection - IPP,Failure to Properly Classify SIUs (Inspection),Active – Compliance Action Taken,"9/9/2021 12:00:00 AM",,WRD - NPDES,E-3H7H-JCYN-ZXB,Pretreatment Compliance Inspection
Inspection - IPP,Failure to Follow ERP (Inspection),Active – Compliance Action Taken,"9/9/2021 12:00:00 AM",,WRD - NPDES,E-3H7H-JCYN-ZXB,Pretreatment Compliance Inspection
Inspection - IPP,Failure to Implement IPP Procedures (Permit),Active – Compliance Action Taken,"9/9/2021 12:00:00 AM",,WRD - NPDES,E-3H7H-JCYN-ZXB,Pretreatment Compliance Inspection
DMR Report,DMR value exceeds Limit value (Permit),Active – Reviewed/Evaluated,"8/27/2021 12:00:00 AM",,,E-V7NS-PPTF-9K9N,DMR System-generated Evaluation
DMR Report,DMR value exceeds Limit value (Permit),Active – Reviewed/Evaluated,"8/1/2021 12:00:00 AM",,,E-V7NS-PPTF-9K9N,DMR System-generated Evaluation
DMR Report,DMR value exceeds Limit value (Permit),Active – Reviewed/Evaluated,"8/1/2021 12:00:00 AM",,,E-V7NS-PPTF-9K9N,DMR System-generated Evaluation
DMR Report,DMR value exceeds Limit value (Permit),Active – Reviewed/Evaluated,"6/11/2021 12:00:00 AM",,,E-2V6W-H6BB-2HDH,DMR System-generated Evaluation
DMR Report,DMR value exceeds Limit value (Permit),Active – Reviewed/Evaluated,"6/1/2021 12:00:00 AM",,,E-2V6W-H6BB-2HDH,DMR System-generated Evaluation
DMR Report,DMR value exceeds Limit value (Permit),Active – Reviewed/Evaluated,"6/1/2021 12:00:00 AM",,,E-2V6W-H6BB-2HDH,DMR System-generated Evaluation
DMR Report,DMR value exceeds Limit value (Permit),Active – Reviewed/Evaluated,"6/1/2021 12:00:00 AM",,,E-2V6W-H6BB-2HDH,DMR System-generated Evaluation
DMR Report,DMR value exceeds Limit value (Permit),Active – Reviewed/Evaluated,"12/25/2020 12:00:00 AM",,,E-ZWY4-KQCM-RKFH,DMR System-generated Evaluation
DMR Report,DMR value is required but was not reported (Permit),Active – Reviewed/Evaluated,"10/1/2020 12:00:00 AM",,,E-5QVZ-1ARW-CHQ5,DMR System-generated Evaluation
DMR Report,DMR value is required but was not reported (Permit),Active – Reviewed/Evaluated,"10/1/2020 12:00:00 AM",,,E-5QVZ-1ARW-CHQ5,DMR System-generated Evaluation
DMR Report,DMR value is required but was not reported (Permit),Active – Reviewed/Evaluated,"10/1/2020 12:00:00 AM",,,E-5QVZ-1ARW-CHQ5,DMR System-generated Evaluation
DMR Report,DMR value is required but was not reported (Permit),Active – Reviewed/Evaluated,"10/1/2020 12:00:00 AM",,,E-5QVZ-1ARW-CHQ5,DMR System-generated Evaluation
DMR Report,DMR value is required but was not reported (Permit),Active – Reviewed/Evaluated,"10/1/2020 12:00:00 AM",,,E-5QVZ-1ARW-CHQ5,DMR System-generated Evaluation
DMR Report,DMR value is required but was not reported (Permit),Active – Reviewed/Evaluated,"10/1/2020 12:00:00 AM",,,E-5QVZ-1ARW-CHQ5,DMR System-generated Evaluation
DMR Report,DMR value is required but was not reported (Permit),Active – Reviewed/Evaluated,"10/1/2020 12:00:00 AM",,,E-5QVZ-1ARW-CHQ5,DMR System-generated Evaluation
DMR Report,DMR value is required but was not reported (Permit),Active – Reviewed/Evaluated,"10/1/2020 12:00:00 AM",,,E-5QVZ-1ARW-CHQ5,DMR System-generated Evaluation
DMR Report,DMR value is required but was not reported (Permit),Active – Reviewed/Evaluated,"10/1/2020 12:00:00 AM",,,E-5QVZ-1ARW-CHQ5,DMR System-generated Evaluation
DMR Report,DMR value is required but was not reported (Permit),Active – Reviewed/Evaluated,"10/1/2020 12:00:00 AM",,,E-5QVZ-1ARW-CHQ5,DMR System-generated Evaluation
Inspection - IPP,Failure to Enforce Categorical Standards (Permit Language),Active – Compliance Action Taken,"9/28/2020 12:00:00 AM",,WRD - NPDES,E-W85T-N3NP-9HHF,Industrial Pretreatment Prog Recon
DMR Report,DMR value exceeds Limit value (Permit),Active – Reviewed/Evaluated,"9/25/2020 12:00:00 AM",,,E-HHB7-Q7PJ-FE2G,DMR System-generated Evaluation
DMR Report,DMR value exceeds Limit value (Permit),Active – Reviewed/Evaluated,"9/24/2020 12:00:00 AM",,,E-HHB7-Q7PJ-FE2G,DMR System-generated Evaluation
DMR Report,DMR value exceeds Limit value (Permit),Active – Reviewed/Evaluated,"9/14/2020 12:00:00 AM",,,E-HHB7-Q7PJ-FE2G,DMR System-generated Evaluation
DMR Report,DMR value exceeds Limit value (Permit),Active – Reviewed/Evaluated,"8/17/2020 12:00:00 AM",,,E-THBW-YXZA-WDQF,DMR System-generated Evaluation
DMR Report,DMR value exceeds Limit value (Permit),Active – Reviewed/Evaluated,"7/31/2020 12:00:00 AM",,,E-13Q3-XEM9-TBTW,DMR System-generated Evaluation
DMR Report,DMR value exceeds Limit value (Permit),Active – Reviewed/Evaluated,"6/12/2020 12:00:00 AM",,,E-C5Q5-TMXE-3QB7,DMR System-generated Evaluation
DMR Report,DMR value exceeds Limit value (Permit),Active – Reviewed/Evaluated,"6/11/2020 12:00:00 AM",,,E-C5Q5-TMXE-3QB7,DMR System-generated Evaluation
DMR Report,DMR value exceeds Limit value (Permit),Active – Reviewed/Evaluated,"5/1/2020 12:00:00 AM",,,E-KQVT-ZV3G-1SAX,DMR System-generated Evaluation
DMR Report,DMR value exceeds Limit value (Permit),Active – Reviewed/Evaluated,"4/23/2020 12:00:00 AM",,,E-MAKW-5GD4-7P24,DMR System-generated Evaluation
DMR Report,DMR value exceeds Limit value (Permit),Active – Reviewed/Evaluated,"4/22/2020 12:00:00 AM",,,E-MAKW-5GD4-7P24,DMR System-generated Evaluation
DMR Report,DMR value exceeds Limit value (Permit),Active – Reviewed/Evaluated,"4/1/2020 12:00:00 AM",,,E-MAKW-5GD4-7P24,DMR System-generated Evaluation
DMR Report,DMR value exceeds Limit value (Permit),Active – Reviewed/Evaluated,"11/4/2019 12:00:00 AM",,,E-1609-5BD4-AGAD,DMR System-generated Evaluation
DMR Report,DMR value is required but was not reported (Permit),Active – Reviewed/Evaluated,"11/1/2019 12:00:00 AM",,,E-1609-5BD4-AGAD,DMR System-generated Evaluation
DMR Report,DMR value is required but was not reported (Permit),Active – Reviewed/Evaluated,"11/1/2019 12:00:00 AM",,,E-1609-5BD4-AGAD,DMR System-generated Evaluation
DMR Report,DMR value exceeds Limit value (Permit),Active – Reviewed/Evaluated,"11/1/2019 12:00:00 AM",,,E-1609-5BD4-AGAD,DMR System-generated Evaluation
DMR Report,DMR value is required but was not reported (Permit),Active – Reviewed/Evaluated,"11/1/2019 12:00:00 AM",,,E-1609-5BD4-AGAD,DMR System-generated Evaluation
DMR Report,DMR value is required but was not reported (Permit),Active – Reviewed/Evaluated,"11/1/2019 12:00:00 AM",,,E-1609-5BD4-AGAD,DMR System-generated Evaluation
Inspection - IPP,Failure to Enforce Categorical Standards (Permit Language),Active – Compliance Action Taken,"10/4/2019 12:00:00 AM",,WRD - NPDES,E-WFGS-RWY-NG4,Industrial Pretreatment Prog Recon
Inspection - IPP,Failure to Follow ERP (Inspection),Active – Compliance Action Taken,"10/4/2019 12:00:00 AM",,WRD - NPDES,E-WFGS-RWY-NG4,Industrial Pretreatment Prog Recon
DMR Report,DMR value exceeds Limit value (Permit),Active – Reviewed/Evaluated,"9/24/2019 12:00:00 AM",,,E-AJCX-7X6-FCJ,DMR System-generated Evaluation
DMR Report,DMR value exceeds Limit value (Permit),Active – Reviewed/Evaluated,"8/1/2019 12:00:00 AM",,,E-4W4J-1A2-P5K,DMR System-generated Evaluation
DMR Report,DMR value exceeds Limit value (Permit),Active – Reviewed/Evaluated,"6/14/2019 12:00:00 AM",,,E-VKB8-G14-S39,DMR System-generated Evaluation
DMR Report,DMR value exceeds Limit value (Permit),Active – Reviewed/Evaluated,"6/14/2019 12:00:00 AM",,,E-VKB8-G14-S39,DMR System-generated Evaluation
DMR Report,DMR value exceeds Limit value (Permit),Active – Reviewed/Evaluated,"6/1/2019 12:00:00 AM",,,E-VKB8-G14-S39,DMR System-generated Evaluation
DMR Report,DMR value exceeds Limit value (Permit),Active – Reviewed/Evaluated,"5/31/2019 12:00:00 AM",,,E-E3EP-4R6-QGP,DMR System-generated Evaluation
DMR Report,DMR value exceeds Limit value (Permit),Active – Reviewed/Evaluated,"5/29/2019 12:00:00 AM",,,E-E3EP-4R6-QGP,DMR System-generated Evaluation
DMR Report,DMR value exceeds Limit value (Permit),Active – Reviewed/Evaluated,"5/27/2019 12:00:00 AM",,,E-E3EP-4R6-QGP,DMR System-generated Evaluation
DMR Report,DMR value exceeds Limit value (Permit),Active – Reviewed/Evaluated,"5/22/2019 12:00:00 AM",,,E-E3EP-4R6-QGP,DMR System-generated Evaluation
DMR Report,DMR value exceeds Limit value (Permit),Active – Reviewed/Evaluated,"5/21/2019 12:00:00 AM",,,E-E3EP-4R6-QGP,DMR System-generated Evaluation
DMR Report,DMR value exceeds Limit value (Permit),Active – Reviewed/Evaluated,"5/20/2019 12:00:00 AM",,,E-E3EP-4R6-QGP,DMR System-generated Evaluation
DMR Report,DMR value exceeds Limit value (Permit),Active – Reviewed/Evaluated,"5/1/2019 12:00:00 AM",,,E-E3EP-4R6-QGP,DMR System-generated Evaluation
DMR Report,DMR value exceeds Limit value (Permit),Active – Reviewed/Evaluated,"5/1/2019 12:00:00 AM",,,E-E3EP-4R6-QGP,DMR System-generated Evaluation
Schedule of Compliance,Compliance Schedule Not Received by Due Date (Permit),Active - Addressed not Resolved,"7/30/2018 12:00:00 AM",,,E-1YR2-8NQ-CQ6,Compliance Schedule Evaluation
DMR Report,DMR value exceeds Limit value (Permit),Active - Addressed not Resolved,"5/4/2018 12:00:00 AM",,,E-RG2R-P8ND-SEFF,DMR System-generated Evaluation
DMR Report,DMR value exceeds Limit value (Permit),Active - Addressed not Resolved,"5/3/2018 12:00:00 AM",,,E-RG2R-P8ND-SEFF,DMR System-generated Evaluation
DMR Report,DMR value exceeds Limit value (Permit),Active - Addressed not Resolved,"5/2/2018 12:00:00 AM",,,E-RG2R-P8ND-SEFF,DMR System-generated Evaluation
DMR Report,DMR value exceeds Limit value (Permit),Active - Addressed not Resolved,"10/24/2017 12:00:00 AM",,,E-9SQB-Z69Q-EA6W,DMR System-generated Evaluation
DMR Report,DMR value exceeds Limit value (Permit),Active – Reviewed/Evaluated,"10/24/2017 12:00:00 AM",,,E-9SQB-Z69Q-EA6W,DMR System-generated Evaluation
DMR Report,DMR value exceeds Limit value (Permit),Active – Reviewed/Evaluated,"10/24/2017 12:00:00 AM",,,E-9SQB-Z69Q-EA6W,DMR System-generated Evaluation
DMR Report,DMR value exceeds Limit value (Permit),Active – Reviewed/Evaluated,"10/24/2017 12:00:00 AM",,,E-9SQB-Z69Q-EA6W,DMR System-generated Evaluation
DMR Report,DMR value exceeds Limit value (Permit),Active - Addressed not Resolved,"10/24/2017 12:00:00 AM",,,E-9SQB-Z69Q-EA6W,DMR System-generated Evaluation
DMR Report,DMR value exceeds Limit value (Permit),Active – Reviewed/Evaluated,"10/20/2017 12:00:00 AM",,,E-9SQB-Z69Q-EA6W,DMR System-generated Evaluation
DMR Report,DMR value exceeds Limit value (Permit),Active - Addressed not Resolved,"10/20/2017 12:00:00 AM",,,E-9SQB-Z69Q-EA6W,DMR System-generated Evaluation
DMR Report,DMR value exceeds Limit value (Permit),Active - Addressed not Resolved,"10/20/2017 12:00:00 AM",,,E-9SQB-Z69Q-EA6W,DMR System-generated Evaluation
Effluent Limits - DEQ Sampling,DMR value exceeds Limit value (Permit),Active – Reviewed/Evaluated,"7/6/2017 12:00:00 AM",,WRD - NPDES,E-28F2-MST-1YF,DMR System-generated Evaluation
DMR Report,DMR value exceeds Limit value (Permit),Active - Addressed not Resolved,"5/19/2017 12:00:00 AM",,,E-5M78-N408-8165,DMR System-generated Evaluation
Effluent Limits - DEQ Sampling,DMR value exceeds Limit value (Permit),Active - Addressed not Resolved,"5/19/2017 12:00:00 AM",,WRD - NPDES,E-5M78-N408-8165,DMR System-generated Evaluation
DMR Report,DMR value exceeds Limit value (Permit),Active - Addressed not Resolved,"5/18/2017 12:00:00 AM",,,E-5M78-N408-8165,DMR System-generated Evaluation
Effluent Limits - DEQ Sampling,DMR value exceeds Limit value (Permit),Active – Reviewed/Evaluated,"5/18/2017 12:00:00 AM",,WRD - NPDES,E-5M78-N408-8165,DMR System-generated Evaluation
Effluent Limits - DEQ Sampling,DMR value exceeds Limit value (Permit),Active - Addressed not Resolved,"5/18/2017 12:00:00 AM",,WRD - NPDES,E-5M78-N408-8165,DMR System-generated Evaluation
DMR Report,DMR value exceeds Limit value (Permit),Active - Addressed not Resolved,"5/17/2017 12:00:00 AM",,,E-5M78-N408-8165,DMR System-generated Evaluation
Effluent Limits - DEQ Sampling,DMR value exceeds Limit value (Permit),Active - Addressed not Resolved,"5/17/2017 12:00:00 AM",,WRD - NPDES,E-5M78-N408-8165,DMR System-generated Evaluation
DMR Report,DMR value exceeds Limit value (Permit),Active - Addressed not Resolved,"5/15/2017 12:00:00 AM",,,E-5M78-N408-8165,DMR System-generated Evaluation
Effluent Limits - DEQ Sampling,DMR value exceeds Limit value (Permit),Active - Addressed not Resolved,"5/15/2017 12:00:00 AM",,WRD - NPDES,E-5M78-N408-8165,DMR System-generated Evaluation
DMR Report,DMR value exceeds Limit value (Permit),Active - Addressed not Resolved,"5/5/2017 12:00:00 AM",,,E-5M78-N408-8165,DMR System-generated Evaluation
Effluent Limits - DEQ Sampling,DMR value exceeds Limit value (Permit),Active - Addressed not Resolved,"5/5/2017 12:00:00 AM",,WRD - NPDES,E-5M78-N408-8165,DMR System-generated Evaluation
Effluent Limits - DEQ Sampling,DMR value exceeds Limit value (Permit),Active - Addressed not Resolved,"5/4/2017 12:00:00 AM",,WRD - NPDES,E-5M78-N408-8165,DMR System-generated Evaluation
DMR Report,DMR value exceeds Limit value (Permit),Active - Addressed not Resolved,"5/4/2017 12:00:00 AM",,,E-5M78-N408-8165,DMR System-generated Evaluation
DMR Report,DMR value exceeds Limit value (Permit),Active - Addressed not Resolved,"5/3/2017 12:00:00 AM",,,E-5M78-N408-8165,DMR System-generated Evaluation
Effluent Limits - DEQ Sampling,DMR value exceeds Limit value (Permit),Active - Addressed not Resolved,"5/3/2017 12:00:00 AM",,WRD - NPDES,E-5M78-N408-8165,DMR System-generated Evaluation
DMR Report,DMR value exceeds Limit value (Permit),Active - Addressed not Resolved,"5/1/2017 12:00:00 AM",,,E-5M78-N408-8165,DMR System-generated Evaluation
Effluent Limits - DEQ Sampling,DMR value exceeds Limit value (Permit),Active - Addressed not Resolved,"5/1/2017 12:00:00 AM",,WRD - NPDES,E-5M78-N408-8165,DMR System-generated Evaluation
Effluent Limits - DEQ Sampling,DMR value exceeds Limit value (Permit),Active – Not Reviewed,"12/1/2016 12:00:00 AM",,WRD - NPDES,E-6663-A9-9996,DMR System-generated Evaluation
Effluent Limits - DEQ Sampling,DMR value exceeds Limit value (Permit),Active – Reviewed/Evaluated,"7/28/2016 12:00:00 AM",,WRD - NPDES,E-4C39-95-6E2A,DMR System-generated Evaluation
Effluent Limits - DEQ Sampling,DMR value exceeds Limit value (Permit),Active – Reviewed/Evaluated,"7/27/2016 12:00:00 AM",,WRD - NPDES,E-4C39-95-6E2A,DMR System-generated Evaluation
Effluent Limits - DEQ Sampling,DMR value exceeds Limit value (Permit),Active – Reviewed/Evaluated,"7/27/2016 12:00:00 AM",,WRD - NPDES,E-4C39-95-6E2A,DMR System-generated Evaluation
Effluent Limits - DEQ Sampling,DMR value exceeds Limit value (Permit),Active – Reviewed/Evaluated,"7/26/2016 12:00:00 AM",,WRD - NPDES,E-4C39-95-6E2A,DMR System-generated Evaluation
Effluent Limits - DEQ Sampling,DMR value exceeds Limit value (Permit),Active – Reviewed/Evaluated,"7/26/2016 12:00:00 AM",,WRD - NPDES,E-4C39-95-6E2A,DMR System-generated Evaluation
Effluent Limits - DEQ Sampling,DMR value exceeds Limit value (Permit),Active – Reviewed/Evaluated,"4/19/2016 12:00:00 AM",,WRD - NPDES,E-F44E-41-E3F6,DMR System-generated Evaluation
Schedule of Compliance,Compliance Schedule Not Received by Due Date (Permit),Active – Not Reviewed,"4/2/2015 12:00:00 AM",,,E-5E46-EF-368F,Compliance Schedule Evaluation
Effluent Limits,Exceeding concentration maximum limit (Permit),Active – Reviewed/Evaluated,"5/31/2014 12:00:00 AM","Per Superintendent, Rahbarnoohi this was due to colder winter that lasted longer than normal.  Ammonia levels are expected to be higher in winter and reduces through spring.  Spring came later that permitted time frame.
JLW",WRD - NPDES,E-EC73-B8-66EB,DMR Violation Evaluation (Converted) - NPDES
Effluent Concentration/Loading,Violating concentration minimum limit (Permit),Active – Not Reviewed,"2/28/2014 12:00:00 AM",,WRD - NPDES,E-8CD7-D2-EF7B,DMR Violation Evaluation (Converted) - NPDES
Effluent Limits,Exceeding concentration maximum limit (Permit),Active – Not Reviewed,"12/23/2013 12:00:00 AM",,WRD - NPDES,E-567D-79-8523,DMR Violation Evaluation (Converted) - NPDES
Effluent Limits,Exceeding concentration maximum limit (Permit),Active – Not Reviewed,"8/29/2013 12:00:00 AM",,WRD - NPDES,E-1347-68-3756,DMR Violation Evaluation (Converted) - NPDES
Effluent Limits,Exceeding concentration maximum limit (Permit),Active – Not Reviewed,"7/10/2013 12:00:00 AM",,WRD - NPDES,E-27A4-BB-519D,DMR Violation Evaluation (Converted) - NPDES
Effluent Limits,Exceeding concentration maximum limit (Permit),Active – Not Reviewed,"10/17/2012 12:00:00 AM",,WRD - NPDES,E-6779-7D-DBBF,DMR Violation Evaluation (Converted) - NPDES
Effluent Limits,Exceeding concentration maximum limit (Permit),Active – Not Reviewed,"10/16/2012 12:00:00 AM",,WRD - NPDES,E-6779-7D-DBBF,DMR Violation Evaluation (Converted) - NPDES
Effluent Limits,Exceeding concentration maximum limit (Permit),Active – Not Reviewed,"9/30/2012 12:00:00 AM",,WRD - NPDES,E-4348-E6-25BD,DMR Violation Evaluation (Converted) - NPDES
Effluent Limits,Exceeding concentration maximum limit (Permit),Active – Not Reviewed,"9/27/2012 12:00:00 AM",,WRD - NPDES,E-4348-E6-25BD,DMR Violation Evaluation (Converted) - NPDES
Effluent Limits,Exceeding concentration maximum limit (Permit),Active – Not Reviewed,"9/26/2012 12:00:00 AM",,WRD - NPDES,E-4348-E6-25BD,DMR Violation Evaluation (Converted) - NPDES
Effluent Limits,Exceeding concentration maximum limit (Permit),Active – Not Reviewed,"9/12/2012 12:00:00 AM",,WRD - NPDES,E-4348-E6-25BD,DMR Violation Evaluation (Converted) - NPDES
Effluent Limits,Exceeding concentration maximum limit (Permit),Active – Not Reviewed,"9/11/2012 12:00:00 AM",,WRD - NPDES,E-4348-E6-25BD,DMR Violation Evaluation (Converted) - NPDES
Effluent Limits,Exceeding concentration maximum limit (Permit),Active – Not Reviewed,"8/10/2012 12:00:00 AM",,WRD - NPDES,E-9BCC-6F-3AF7,DMR Violation Evaluation (Converted) - NPDES
Effluent Limits,Exceeding concentration maximum limit (Permit),Active – Not Reviewed,"8/10/2012 12:00:00 AM",,WRD - NPDES,E-9BCC-6F-3AF7,DMR Violation Evaluation (Converted) - NPDES
Effluent Limits,Exceeding concentration maximum limit (Permit),Active – Not Reviewed,"8/10/2012 12:00:00 AM",,WRD - NPDES,E-9BCC-6F-3AF7,DMR Violation Evaluation (Converted) - NPDES
Effluent Limits,Exceeding concentration maximum limit (Permit),Active – Not Reviewed,"8/8/2012 12:00:00 AM",,WRD - NPDES,E-9BCC-6F-3AF7,DMR Violation Evaluation (Converted) - NPDES
Effluent Limits,Exceeding concentration maximum limit (Permit),Active – Not Reviewed,"8/8/2012 12:00:00 AM",,WRD - NPDES,E-9BCC-6F-3AF7,DMR Violation Evaluation (Converted) - NPDES
Effluent Limits,Exceeding concentration maximum limit (Permit),Active – Not Reviewed,"8/8/2012 12:00:00 AM",,WRD - NPDES,E-9BCC-6F-3AF7,DMR Violation Evaluation (Converted) - NPDES
Effluent Limits,Exceeding concentration maximum limit (Permit),Active – Not Reviewed,"5/25/2012 12:00:00 AM",,WRD - NPDES,E-2C3D-93-E3A7,DMR Violation Evaluation (Converted) - NPDES
Effluent Limits,Exceeding concentration maximum limit (Permit),Active – Not Reviewed,"5/25/2012 12:00:00 AM",,WRD - NPDES,E-2C3D-93-E3A7,DMR Violation Evaluation (Converted) - NPDES
Effluent Limits,Exceeding concentration maximum limit (Permit),Active – Not Reviewed,"5/21/2012 12:00:00 AM",,WRD - NPDES,E-2C3D-93-E3A7,DMR Violation Evaluation (Converted) - NPDES
Effluent Limits,Exceeding concentration maximum limit (Permit),Active – Not Reviewed,"5/21/2012 12:00:00 AM",,WRD - NPDES,E-2C3D-93-E3A7,DMR Violation Evaluation (Converted) - NPDES
Effluent Limits,Exceeding concentration maximum limit (Permit),Active – Not Reviewed,"3/31/2012 12:00:00 AM",,WRD - NPDES,E-886A-8A-DCE2,DMR Violation Evaluation (Converted) - NPDES
Effluent Limits,Exceeding concentration maximum limit (Permit),Active – Not Reviewed,"10/3/2011 12:00:00 AM",,WRD - NPDES,E-DE6A-7F-61F4,DMR Violation Evaluation (Converted) - NPDES
Effluent Limits,Exceeding concentration maximum limit (Permit),Active – Not Reviewed,"9/29/2011 12:00:00 AM",,WRD - NPDES,E-B93B-3B-536E,DMR Violation Evaluation (Converted) - NPDES
Effluent Limits,Exceeding concentration maximum limit (Permit),Active – Not Reviewed,"9/28/2011 12:00:00 AM",,WRD - NPDES,E-B93B-3B-536E,DMR Violation Evaluation (Converted) - NPDES
Effluent Limits,Exceeding concentration maximum limit (Permit),Active – Not Reviewed,"9/27/2011 12:00:00 AM",,WRD - NPDES,E-B93B-3B-536E,DMR Violation Evaluation (Converted) - NPDES
Effluent Limits,Exceeding concentration maximum limit (Permit),Active – Not Reviewed,"9/26/2011 12:00:00 AM",,WRD - NPDES,E-B93B-3B-536E,DMR Violation Evaluation (Converted) - NPDES
Effluent Limits,Exceeding concentration maximum limit (Permit),Active – Not Reviewed,"9/23/2011 12:00:00 AM",,WRD - NPDES,E-B93B-3B-536E,DMR Violation Evaluation (Converted) - NPDES
Effluent Limits,Exceeding concentration maximum limit (Permit),Active – Not Reviewed,"9/22/2011 12:00:00 AM",,WRD - NPDES,E-B93B-3B-536E,DMR Violation Evaluation (Converted) - NPDES
Effluent Limits,Exceeding concentration maximum limit (Permit),Active – Not Reviewed,"9/21/2011 12:00:00 AM",,WRD - NPDES,E-B93B-3B-536E,DMR Violation Evaluation (Converted) - NPDES
Effluent Limits,Exceeding concentration maximum limit (Permit),Active – Not Reviewed,"9/20/2011 12:00:00 AM",,WRD - NPDES,E-B93B-3B-536E,DMR Violation Evaluation (Converted) - NPDES
Effluent Limits,Exceeding concentration maximum limit (Permit),Active – Not Reviewed,"9/19/2011 12:00:00 AM",,WRD - NPDES,E-B93B-3B-536E,DMR Violation Evaluation (Converted) - NPDES
Effluent Limits,Exceeding concentration maximum limit (Permit),Active – Not Reviewed,"9/16/2011 12:00:00 AM",,WRD - NPDES,E-B93B-3B-536E,DMR Violation Evaluation (Converted) - NPDES
Effluent Limits,Exceeding concentration maximum limit (Permit),Active – Not Reviewed,"9/15/2011 12:00:00 AM",,WRD - NPDES,E-B93B-3B-536E,DMR Violation Evaluation (Converted) - NPDES
Effluent Limits,Exceeding concentration maximum limit (Permit),Active – Not Reviewed,"9/14/2011 12:00:00 AM",,WRD - NPDES,E-B93B-3B-536E,DMR Violation Evaluation (Converted) - NPDES
Effluent Limits,Exceeding concentration maximum limit (Permit),Active – Not Reviewed,"9/13/2011 12:00:00 AM",,WRD - NPDES,E-B93B-3B-536E,DMR Violation Evaluation (Converted) - NPDES
Effluent Limits,Exceeding concentration maximum limit (Permit),Active – Not Reviewed,"9/12/2011 12:00:00 AM",,WRD - NPDES,E-B93B-3B-536E,DMR Violation Evaluation (Converted) - NPDES
Effluent Limits,Exceeding concentration maximum limit (Permit),Active – Not Reviewed,"9/9/2011 12:00:00 AM",,WRD - NPDES,E-B93B-3B-536E,DMR Violation Evaluation (Converted) - NPDES
Effluent Limits,Exceeding concentration maximum limit (Permit),Active – Not Reviewed,"9/8/2011 12:00:00 AM",,WRD - NPDES,E-B93B-3B-536E,DMR Violation Evaluation (Converted) - NPDES
Effluent Limits,Exceeding concentration maximum limit (Permit),Active – Not Reviewed,"9/7/2011 12:00:00 AM",,WRD - NPDES,E-B93B-3B-536E,DMR Violation Evaluation (Converted) - NPDES
Effluent Limits,Exceeding concentration maximum limit (Permit),Active – Not Reviewed,"9/6/2011 12:00:00 AM",,WRD - NPDES,E-B93B-3B-536E,DMR Violation Evaluation (Converted) - NPDES
Effluent Limits,Exceeding concentration maximum limit (Permit),Active – Not Reviewed,"9/5/2011 12:00:00 AM",,WRD - NPDES,E-B93B-3B-536E,DMR Violation Evaluation (Converted) - NPDES
Effluent Limits,Exceeding concentration maximum limit (Permit),Active – Not Reviewed,"9/2/2011 12:00:00 AM",,WRD - NPDES,E-B93B-3B-536E,DMR Violation Evaluation (Converted) - NPDES
Effluent Limits,Exceeding concentration maximum limit (Permit),Active – Not Reviewed,"9/1/2011 12:00:00 AM",,WRD - NPDES,E-B93B-3B-536E,DMR Violation Evaluation (Converted) - NPDES
Effluent Limits,Exceeding concentration maximum limit (Permit),Active – Not Reviewed,"7/29/2011 12:00:00 AM",,WRD - NPDES,E-F2E1-A8-C4BF,DMR Violation Evaluation (Converted) - NPDES
Effluent Limits,Exceeding concentration maximum limit (Permit),Active – Not Reviewed,"7/28/2011 12:00:00 AM",,WRD - NPDES,E-F2E1-A8-C4BF,DMR Violation Evaluation (Converted) - NPDES
Effluent Limits,Exceeding concentration maximum limit (Permit),Active – Not Reviewed,"7/27/2011 12:00:00 AM",,WRD - NPDES,E-F2E1-A8-C4BF,DMR Violation Evaluation (Converted) - NPDES
Effluent Limits,Exceeding concentration maximum limit (Permit),Active – Not Reviewed,"7/26/2011 12:00:00 AM",,WRD - NPDES,E-F2E1-A8-C4BF,DMR Violation Evaluation (Converted) - NPDES
Effluent Limits,Exceeding concentration maximum limit (Permit),Active – Not Reviewed,"7/25/2011 12:00:00 AM",,WRD - NPDES,E-F2E1-A8-C4BF,DMR Violation Evaluation (Converted) - NPDES
Effluent Limits,Exceeding concentration maximum limit (Permit),Active – Not Reviewed,"7/22/2011 12:00:00 AM",,WRD - NPDES,E-F2E1-A8-C4BF,DMR Violation Evaluation (Converted) - NPDES
Effluent Limits,Exceeding concentration maximum limit (Permit),Active – Not Reviewed,"7/21/2011 12:00:00 AM",,WRD - NPDES,E-F2E1-A8-C4BF,DMR Violation Evaluation (Converted) - NPDES
Effluent Limits,Exceeding concentration maximum limit (Permit),Active – Not Reviewed,"7/20/2011 12:00:00 AM",,WRD - NPDES,E-F2E1-A8-C4BF,DMR Violation Evaluation (Converted) - NPDES
Effluent Limits,Exceeding concentration maximum limit (Permit),Active – Not Reviewed,"7/19/2011 12:00:00 AM",,WRD - NPDES,E-F2E1-A8-C4BF,DMR Violation Evaluation (Converted) - NPDES
Effluent Limits,Exceeding concentration maximum limit (Permit),Active – Not Reviewed,"7/18/2011 12:00:00 AM",,WRD - NPDES,E-F2E1-A8-C4BF,DMR Violation Evaluation (Converted) - NPDES
Effluent Limits,Exceeding concentration maximum limit (Permit),Active – Not Reviewed,"7/15/2011 12:00:00 AM",,WRD - NPDES,E-F2E1-A8-C4BF,DMR Violation Evaluation (Converted) - NPDES
Effluent Limits,Exceeding concentration maximum limit (Permit),Active – Not Reviewed,"7/14/2011 12:00:00 AM",,WRD - NPDES,E-F2E1-A8-C4BF,DMR Violation Evaluation (Converted) - NPDES
Effluent Limits,Exceeding concentration maximum limit (Permit),Active – Not Reviewed,"7/13/2011 12:00:00 AM",,WRD - NPDES,E-F2E1-A8-C4BF,DMR Violation Evaluation (Converted) - NPDES
Effluent Limits,Exceeding concentration maximum limit (Permit),Active – Not Reviewed,"7/12/2011 12:00:00 AM",,WRD - NPDES,E-F2E1-A8-C4BF,DMR Violation Evaluation (Converted) - NPDES
Effluent Limits,Exceeding concentration maximum limit (Permit),Active – Not Reviewed,"7/11/2011 12:00:00 AM",,WRD - NPDES,E-F2E1-A8-C4BF,DMR Violation Evaluation (Converted) - NPDES
Effluent Limits,Exceeding concentration maximum limit (Permit),Active – Not Reviewed,"7/8/2011 12:00:00 AM",,WRD - NPDES,E-F2E1-A8-C4BF,DMR Violation Evaluation (Converted) - NPDES
Effluent Limits,Exceeding concentration maximum limit (Permit),Active – Not Reviewed,"7/7/2011 12:00:00 AM",,WRD - NPDES,E-F2E1-A8-C4BF,DMR Violation Evaluation (Converted) - NPDES
Effluent Limits,Exceeding concentration maximum limit (Permit),Active – Not Reviewed,"7/6/2011 12:00:00 AM",,WRD - NPDES,E-F2E1-A8-C4BF,DMR Violation Evaluation (Converted) - NPDES
Effluent Limits,Exceeding concentration maximum limit (Permit),Active – Not Reviewed,"7/5/2011 12:00:00 AM",,WRD - NPDES,E-F2E1-A8-C4BF,DMR Violation Evaluation (Converted) - NPDES
Effluent Limits,Exceeding concentration maximum limit (Permit),Active – Not Reviewed,"7/4/2011 12:00:00 AM",,WRD - NPDES,E-F2E1-A8-C4BF,DMR Violation Evaluation (Converted) - NPDES
Effluent Limits,Exceeding concentration maximum limit (Permit),Active – Not Reviewed,"7/1/2011 12:00:00 AM",,WRD - NPDES,E-F2E1-A8-C4BF,DMR Violation Evaluation (Converted) - NPDES
Effluent Limits,Exceeding concentration maximum limit (Permit),Active – Not Reviewed,"6/30/2011 12:00:00 AM",,WRD - NPDES,E-1728-36-4D53,DMR Violation Evaluation (Converted) - NPDES
Effluent Limits,Exceeding concentration maximum limit (Permit),Active – Not Reviewed,"6/29/2011 12:00:00 AM",,WRD - NPDES,E-1728-36-4D53,DMR Violation Evaluation (Converted) - NPDES
Effluent Limits,Exceeding concentration maximum limit (Permit),Active – Not Reviewed,"6/28/2011 12:00:00 AM",,WRD - NPDES,E-1728-36-4D53,DMR Violation Evaluation (Converted) - NPDES
Effluent Limits,Exceeding concentration maximum limit (Permit),Active – Not Reviewed,"6/27/2011 12:00:00 AM",,WRD - NPDES,E-1728-36-4D53,DMR Violation Evaluation (Converted) - NPDES
Effluent Limits,Exceeding concentration maximum limit (Permit),Active – Not Reviewed,"6/24/2011 12:00:00 AM",,WRD - NPDES,E-1728-36-4D53,DMR Violation Evaluation (Converted) - NPDES
Effluent Limits,Exceeding concentration maximum limit (Permit),Active – Not Reviewed,"6/23/2011 12:00:00 AM",,WRD - NPDES,E-1728-36-4D53,DMR Violation Evaluation (Converted) - NPDES
Effluent Limits,Exceeding concentration maximum limit (Permit),Active – Not Reviewed,"6/22/2011 12:00:00 AM",,WRD - NPDES,E-1728-36-4D53,DMR Violation Evaluation (Converted) - NPDES
Effluent Limits,Exceeding concentration maximum limit (Permit),Active – Not Reviewed,"6/21/2011 12:00:00 AM",,WRD - NPDES,E-1728-36-4D53,DMR Violation Evaluation (Converted) - NPDES
Effluent Limits,Exceeding concentration maximum limit (Permit),Active – Not Reviewed,"6/20/2011 12:00:00 AM",,WRD - NPDES,E-1728-36-4D53,DMR Violation Evaluation (Converted) - NPDES
Effluent Limits,Exceeding concentration maximum limit (Permit),Active – Not Reviewed,"6/17/2011 12:00:00 AM",,WRD - NPDES,E-1728-36-4D53,DMR Violation Evaluation (Converted) - NPDES
Effluent Limits,Exceeding concentration maximum limit (Permit),Active – Not Reviewed,"6/16/2011 12:00:00 AM",,WRD - NPDES,E-1728-36-4D53,DMR Violation Evaluation (Converted) - NPDES
Effluent Limits,Exceeding concentration maximum limit (Permit),Active – Not Reviewed,"6/15/2011 12:00:00 AM",,WRD - NPDES,E-1728-36-4D53,DMR Violation Evaluation (Converted) - NPDES
Effluent Limits,Exceeding concentration maximum limit (Permit),Active – Not Reviewed,"6/14/2011 12:00:00 AM",,WRD - NPDES,E-1728-36-4D53,DMR Violation Evaluation (Converted) - NPDES
Effluent Limits,Exceeding concentration maximum limit (Permit),Active – Not Reviewed,"6/13/2011 12:00:00 AM",,WRD - NPDES,E-1728-36-4D53,DMR Violation Evaluation (Converted) - NPDES
Effluent Limits,Exceeding concentration maximum limit (Permit),Active – Not Reviewed,"6/10/2011 12:00:00 AM",,WRD - NPDES,E-1728-36-4D53,DMR Violation Evaluation (Converted) - NPDES
Effluent Limits,Exceeding concentration maximum limit (Permit),Active – Not Reviewed,"6/9/2011 12:00:00 AM",,WRD - NPDES,E-1728-36-4D53,DMR Violation Evaluation (Converted) - NPDES
Effluent Limits,Exceeding concentration maximum limit (Permit),Active – Not Reviewed,"6/8/2011 12:00:00 AM",,WRD - NPDES,E-1728-36-4D53,DMR Violation Evaluation (Converted) - NPDES
Effluent Limits,Exceeding concentration maximum limit (Permit),Active – Not Reviewed,"6/7/2011 12:00:00 AM",,WRD - NPDES,E-1728-36-4D53,DMR Violation Evaluation (Converted) - NPDES
Effluent Limits,Exceeding concentration maximum limit (Permit),Active – Not Reviewed,"6/6/2011 12:00:00 AM",,WRD - NPDES,E-1728-36-4D53,DMR Violation Evaluation (Converted) - NPDES
Effluent Limits,Exceeding concentration maximum limit (Permit),Active – Not Reviewed,"6/3/2011 12:00:00 AM",,WRD - NPDES,E-1728-36-4D53,DMR Violation Evaluation (Converted) - NPDES
Effluent Limits,Exceeding concentration maximum limit (Permit),Active – Not Reviewed,"6/2/2011 12:00:00 AM",,WRD - NPDES,E-1728-36-4D53,DMR Violation Evaluation (Converted) - NPDES
Effluent Limits,Exceeding concentration maximum limit (Permit),Active – Not Reviewed,"6/1/2011 12:00:00 AM",,WRD - NPDES,E-1728-36-4D53,DMR Violation Evaluation (Converted) - NPDES
Effluent Limits,Exceeding concentration maximum limit (Permit),Active – Reviewed/Evaluated,"11/30/2010 12:00:00 AM","cbod5 > max daily limit of 10 mg/l, value of 10.4 on 11/30/2010, JB.",WRD - NPDES,E-BE32-AE-7588,DMR Violation Evaluation (Converted) - NPDES
Effluent Limits,Exceeding concentration maximum limit (Permit),Active – Not Reviewed,"8/22/2010 12:00:00 AM",,WRD - NPDES,E-9C8A-A6-9DAA,DMR Violation Evaluation (Converted) - NPDES
Effluent Limits,Exceeding concentration maximum limit (Permit),Active – Not Reviewed,"8/21/2010 12:00:00 AM",,WRD - NPDES,E-9C8A-A6-9DAA,DMR Violation Evaluation (Converted) - NPDES
Effluent Limits,Exceeding concentration maximum limit (Permit),Active – Not Reviewed,"8/20/2010 12:00:00 AM",,WRD - NPDES,E-9C8A-A6-9DAA,DMR Violation Evaluation (Converted) - NPDES
Effluent Limits,Exceeding concentration maximum limit (Permit),Active – Not Reviewed,"7/9/2010 12:00:00 AM",,WRD - NPDES,E-BB5B-62-ABBB,DMR Violation Evaluation (Converted) - NPDES
Effluent Concentration/Loading,Violating concentration minimum limit (Permit),Active – Not Reviewed,"4/15/2010 12:00:00 AM",,WRD - NPDES,E-77EB-2A-2FA9,DMR Violation Evaluation (Converted) - NPDES
Effluent Limits,Exceeding concentration maximum limit (Permit),Active – Not Reviewed,"7/3/2009 12:00:00 AM",,WRD - NPDES,E-51C6-52-3954,DMR Violation Evaluation (Converted) - NPDES
Effluent Concentration/Loading,Violating concentration minimum limit (Permit),Active – Not Reviewed,"4/30/2009 12:00:00 AM",,WRD - NPDES,E-6724-FA-3F15,DMR Violation Evaluation (Converted) - NPDES
Effluent Concentration/Loading,Violating concentration minimum limit (Permit),Active – Not Reviewed,"4/29/2009 12:00:00 AM",,WRD - NPDES,E-6724-FA-3F15,DMR Violation Evaluation (Converted) - NPDES
Effluent Concentration/Loading,Violating concentration minimum limit (Permit),Active – Not Reviewed,"4/24/2009 12:00:00 AM",,WRD - NPDES,E-6724-FA-3F15,DMR Violation Evaluation (Converted) - NPDES
Effluent Concentration/Loading,Violating concentration minimum limit (Permit),Active – Not Reviewed,"4/23/2009 12:00:00 AM",,WRD - NPDES,E-6724-FA-3F15,DMR Violation Evaluation (Converted) - NPDES
Effluent Concentration/Loading,Violating concentration minimum limit (Permit),Active – Not Reviewed,"4/22/2009 12:00:00 AM",,WRD - NPDES,E-6724-FA-3F15,DMR Violation Evaluation (Converted) - NPDES
Effluent Concentration/Loading,Violating concentration minimum limit (Permit),Active – Not Reviewed,"4/21/2009 12:00:00 AM",,WRD - NPDES,E-6724-FA-3F15,DMR Violation Evaluation (Converted) - NPDES
Effluent Concentration/Loading,Violating concentration minimum limit (Permit),Active – Not Reviewed,"4/20/2009 12:00:00 AM",,WRD - NPDES,E-6724-FA-3F15,DMR Violation Evaluation (Converted) - NPDES
Effluent Concentration/Loading,Violating concentration minimum limit (Permit),Active – Not Reviewed,"4/16/2009 12:00:00 AM",,WRD - NPDES,E-6724-FA-3F15,DMR Violation Evaluation (Converted) - NPDES
Effluent Concentration/Loading,Violating concentration minimum limit (Permit),Active – Not Reviewed,"4/15/2009 12:00:00 AM",,WRD - NPDES,E-6724-FA-3F15,DMR Violation Evaluation (Converted) - NPDES
Effluent Concentration/Loading,Violating concentration minimum limit (Permit),Active – Not Reviewed,"12/31/2008 12:00:00 AM",,WRD - NPDES,E-9767-73-AED6,DMR Violation Evaluation (Converted) - NPDES
Effluent Limits,Exceeding concentration maximum limit (Permit),Active – Not Reviewed,"8/31/2008 12:00:00 AM",,WRD - NPDES,E-3D79-3C-AE8A,DMR Violation Evaluation (Converted) - NPDES
Effluent Concentration/Loading,Violating concentration minimum limit (Permit),Active – Not Reviewed,"3/31/2008 12:00:00 AM",,WRD - NPDES,E-FABF-41-873B,DMR Violation Evaluation (Converted) - NPDES
Effluent Concentration/Loading,Violating concentration minimum limit (Permit),Active – Not Reviewed,"2/29/2008 12:00:00 AM",,WRD - NPDES,E-614D-A8-EF15,DMR Violation Evaluation (Converted) - NPDES
Effluent Limits,Exceeding concentration maximum limit (Permit),Active – Not Reviewed,"2/10/2008 12:00:00 AM",,WRD - NPDES,E-614D-A8-EF15,DMR Violation Evaluation (Converted) - NPDES
Effluent Limits,Exceeding concentration maximum limit (Permit),Active – Not Reviewed,"2/9/2008 12:00:00 AM",,WRD - NPDES,E-614D-A8-EF15,DMR Violation Evaluation (Converted) - NPDES
Effluent Limits,Exceeding concentration maximum limit (Permit),Active – Not Reviewed,"2/8/2008 12:00:00 AM",,WRD - NPDES,E-614D-A8-EF15,DMR Violation Evaluation (Converted) - NPDES
Permit Language,Failure to Sample/Monitor as Required (Inspection),Active – Not Reviewed,"11/9/2007 12:00:00 AM",Failure to monitor effluent 5 time per week.,WRD - NPDES,E-69F9-EA-BDEC,Converted Data
Effluent Concentration/Loading,Violating concentration minimum limit (Permit),Active – Reviewed/Evaluated,"4/30/2007 12:00:00 AM",,WRD - NPDES,E-73F7-6E-3F7B,DMR Violation Evaluation (Converted) - NPDES
Effluent Concentration/Loading,Violating concentration minimum limit (Permit),Active – Not Reviewed,"4/30/2007 12:00:00 AM",,WRD - NPDES,E-73F7-6E-3F7B,DMR Violation Evaluation (Converted) - NPDES
Schedule of Compliance,Compliance Schedule Not Received by Due Date (Permit),Active – Not Reviewed,"4/1/2007 12:00:00 AM",,,E-8CAE-DE-C3D1,Compliance Schedule Evaluation
Effluent Concentration/Loading,Violating concentration minimum limit (Permit),Active – Not Reviewed,"3/31/2007 12:00:00 AM",,WRD - NPDES,E-359D-F7-1D71,DMR Violation Evaluation (Converted) - NPDES
Effluent Limits,Exceeding concentration maximum limit (Permit),Active – Not Reviewed,"12/10/2006 12:00:00 AM",,WRD - NPDES,E-6264-C9-CD5A,DMR Violation Evaluation (Converted) - NPDES
Effluent Limits,Exceeding concentration maximum limit (Permit),Active – Not Reviewed,"12/9/2006 12:00:00 AM",,WRD - NPDES,E-6264-C9-CD5A,DMR Violation Evaluation (Converted) - NPDES
Effluent Limits,Exceeding concentration maximum limit (Permit),Active – Not Reviewed,"12/8/2006 12:00:00 AM",,WRD - NPDES,E-6264-C9-CD5A,DMR Violation Evaluation (Converted) - NPDES
Effluent Limits,Exceeding concentration maximum limit (Permit),Active – Not Reviewed,"12/7/2006 12:00:00 AM",,WRD - NPDES,E-6264-C9-CD5A,DMR Violation Evaluation (Converted) - NPDES
Effluent Limits,Exceeding concentration maximum limit (Permit),Active – Not Reviewed,"9/30/2005 12:00:00 AM",,WRD - NPDES,E-2CE6-A3-1373,DMR Violation Evaluation (Converted) - NPDES
Effluent Limits,Exceeding concentration maximum limit (Permit),Active – Not Reviewed,"8/1/2005 12:00:00 AM",,WRD - NPDES,E-1385-61-9FE9,DMR Violation Evaluation (Converted) - NPDES
Effluent Limits,Concentration maximum value or unit not reported (Permit),Active – Not Reviewed,"7/31/2005 12:00:00 AM",,WRD - NPDES,E-CF5B-52-132C,DMR Violation Evaluation (Converted) - NPDES
Effluent Limits,Concentration maximum value or unit not reported (Permit),Active – Not Reviewed,"7/31/2005 12:00:00 AM",,WRD - NPDES,E-CF5B-52-132C,DMR Violation Evaluation (Converted) - NPDES
Effluent Limits,Concentration maximum value or unit not reported (Permit),Active – Not Reviewed,"7/31/2005 12:00:00 AM",,WRD - NPDES,E-CF5B-52-132C,DMR Violation Evaluation (Converted) - NPDES
Effluent Limits,Concentration maximum value or unit not reported (Permit),Active – Not Reviewed,"7/31/2005 12:00:00 AM",,WRD - NPDES,E-CF5B-52-132C,DMR Violation Evaluation (Converted) - NPDES
Effluent Limits,Concentration maximum value or unit not reported (Permit),Active – Not Reviewed,"7/31/2005 12:00:00 AM",,WRD - NPDES,E-CF5B-52-132C,DMR Violation Evaluation (Converted) - NPDES
Effluent Limits,Concentration maximum value or unit not reported (Permit),Active – Not Reviewed,"7/31/2005 12:00:00 AM",,WRD - NPDES,E-CF5B-52-132C,DMR Violation Evaluation (Converted) - NPDES
Effluent Limits,Concentration maximum value or unit not reported (Permit),Active – Not Reviewed,"7/31/2005 12:00:00 AM",,WRD - NPDES,E-CF5B-52-132C,DMR Violation Evaluation (Converted) - NPDES
Effluent Limits,Concentration maximum value or unit not reported (Permit),Active – Not Reviewed,"6/30/2005 12:00:00 AM",,WRD - NPDES,E-C364-66-1AD9,DMR Violation Evaluation (Converted) - NPDES
Effluent Limits,Exceeding concentration maximum limit (Permit),Active – Not Reviewed,"5/22/2005 12:00:00 AM",,WRD - NPDES,E-6F61-7A-7E72,DMR Violation Evaluation (Converted) - NPDES
Schedule of Compliance,Compliance Schedule Not Received by Due Date (Permit),Active – Reviewed/Evaluated,"4/22/2005 12:00:00 AM",,,E-C853-E3-ED48,Compliance Schedule Evaluation
Effluent Limits,Concentration maximum value or unit not reported (Permit),Active – Not Reviewed,"3/31/2005 12:00:00 AM",,WRD - NPDES,E-8A59-F9-2625,DMR Violation Evaluation (Converted) - NPDES
Effluent Limits,Exceeding concentration maximum limit (Permit),Active – Not Reviewed,"5/31/2004 12:00:00 AM",,WRD - NPDES,E-DBD2-D7-BDFA,DMR Violation Evaluation (Converted) - NPDES
Effluent Limits,Concentration maximum value or unit not reported (Permit),Active – Not Reviewed,"4/30/2004 12:00:00 AM",,WRD - NPDES,E-D46F-73-B3A6,DMR Violation Evaluation (Converted) - NPDES
Effluent Limits,Concentration maximum value or unit not reported (Permit),Active – Not Reviewed,"4/30/2004 12:00:00 AM",,WRD - NPDES,E-D46F-73-B3A6,DMR Violation Evaluation (Converted) - NPDES
Effluent Limits,Concentration maximum value or unit not reported (Permit),Active – Not Reviewed,"1/31/2004 12:00:00 AM",,WRD - NPDES,E-66C6-A5-2A23,DMR Violation Evaluation (Converted) - NPDES
Effluent Limits,Concentration maximum value or unit not reported (Permit),Active – Not Reviewed,"1/31/2004 12:00:00 AM",,WRD - NPDES,E-66C6-A5-2A23,DMR Violation Evaluation (Converted) - NPDES
Effluent Limits,Concentration maximum value or unit not reported (Permit),Active – Not Reviewed,"8/31/2003 12:00:00 AM",,WRD - NPDES,E-58C3-17-96CE,DMR Violation Evaluation (Converted) - NPDES
Effluent Limits,Concentration maximum value or unit not reported (Permit),Active – Not Reviewed,"8/31/2003 12:00:00 AM",,WRD - NPDES,E-58C3-17-96CE,DMR Violation Evaluation (Converted) - NPDES
Effluent Limits,Concentration maximum value or unit not reported (Permit),Active – Not Reviewed,"8/31/2003 12:00:00 AM",,WRD - NPDES,E-58C3-17-96CE,DMR Violation Evaluation (Converted) - NPDES
